Workbook
Name direpn: RawCurrent!#REF!
Name direpn: Reveral_Potential!#REF!
Name dirlvnv: RawCurrent!$BL$34:$BL$129
Name dirlvnv: Reveral_Potential!$BL$34:$BL$128

Sheet MetaData
A1: Collector | B1: Author who collected data
A2: Filename | B2: Filename(s) from which these traces were extracted. For some cells wherein individual traces were obstructed by noise, multiple IV recordings were used to create the IV relationship. The filenames are listed here strung together with semicolons. For those cells where only a partial IV relationship is present here, i.e. more than 2 consecutive points are missing over entire range from -80mV to +80mV, these are excluded from the IV relationship averages but included in analyses of Steady State Activation.
A3: Capacitance (picoFarads) | B3: Capacitance of the cell collected either from capac.pro or from a part within the abovementioned filename. The filename from which capac was calculated can be found in the Capacitance sheet.
A4: Genotype | B4: SCN4A encoding NaV1.4 pore sequence; AA sequence reported here. NaV1.4+ (scored, WT, is TTX-sensitive) for translated SCN4A sequences reading 1276-MDIMYA-1281 in DIII and 1556-ICLFEITTSAGWDG-1569 in DIV. NaV1.4EPN (TTX-resistant, scored EPN) were mutagenized to reflect D1277E and A1281P in DIII and D1568N in DIV. NaV1.4LVNV (TTX-resistant, scored LVNV) were mutagenized to reflect I1556L, I1561V, D1568N, and G1569V.
A5: CellID | B5: A unique identifier for each cell from which recordings were obtained in the course of this research program. Each tab in this sheet shall bear this identifier to signify from which cell the enclosed current family were recorded. Simply, the CellID is composed of the Genotype (as written above) and the roughly chronological order in which the cell was recorded. There is an additional sheet in this document showing all the recordings which were obtained from each cell, ordered under its CellID.
A6: Em (mV) | B6: Each cell in this row, rightward, describes the time in milliseconds from the onset of the test pulse and therefore the application of the membrane potential indicated most leftward.
B7: Each value in this array represents the raw current in picoAmperes (pA). The values here were exported from Clampfit 10.6 where they were baseline adjusted and potentially filtered (5000Hz).
A8: Erev | B8: This is the observed reversal potential, calculated by solving for zero in the linear range of the current-voltage relationship.
A9: E1/2 | B9: This is the potential at which half of the total current has developed.
A10: E(Imax) | B10: This is the potential at which the total current has developed.
A11: E(tau_m_min) | B11: This is the potential at which the timecourse of activation is fastest (i.e. Tau_m --> 0)
A12: E(tau_h_min) | B12: This is the potential at which the timecoures of inactivation is fastest (i.e. Tau_h -->0)
A13: fitted g: | B13: This is the expected number of active channels as predicted by fitting the IV curve to the equation I = (g*(V-Erev))/(1+exp(-0.3937*z*(V-V1/2))) where z is the apparent gating charge, V1/2=E1/2 as above.
A14: z (apparent gating charge) | B14: This is the apparent gating charge as predicted by fitting the IV curve to the equation I = (g*(V-Erev))/(1+exp(-0.3937*z*(V-V1/2))) where z is the apparent gating charge, V1/2=E1/2 as above.
A15: z* | B15: This is the apparent gating charge as predicted by solving the equation: z = (ln((GNa/Gmax)-1)*KB*T)/(e(V-V1/2)) where GNa is the conductance at that potential, V, Gmax is the maximum conductance observed in the current-voltage protocol, KB is the Boltzmann Constant (1.88e-23 J/K), T is the absolute temperature in K assuming 25ºC, and e is the elementary charge, 1.602e-19 Coulomb.
A18: List of Files in this Folder
A19: Blcorrected Current | B19: BL or Baseline corrected currents accounts for any non-zero variability when the channels are predictably closed between -80 and -50 mV, which may be due to inherent noise or slow capacitive artifact. These corrections are performed by the equation
A20: NormIV | B20: This is a normalized IV with the greatest negative point set as -1, which allows a preview of Steady State Activation and reversal across genotypes.
A21: Current Density | B21: This is an IV curve normalized to the cell's respective capacitance, as calculated by instantaneous maximum capacitive current (I_max, pA) multiplied by the time constant (tau, ms) of its decay, quantity divided by the voltage step which produced the capacitive transient, resulting in capacitance units, picoFarads (pF). The resultant current magnitudes are presented in picoAmps per picoFarad (pA/pF). An example equation might look like: =IF(ISBLANK(BLcorrectedCurrent!G8),"",BLcorrectedCurrent!G8/BLcorrectedCurrent!G$3)
A22: Conductance_Eeq | B22: This is the conductance, G_Na, at the whole cell level, as calculated by GNa = I/(V-Eeq) where Eeq in the definition of driving force in the denominator is the calculated Equilibriu potential (R = 8.314 J/mol*k, T = 22 + 273.15K, z = +1, F = 96.485 J/mol*mV, Na_out = 145, Na_in = 10).
A23: Conductance_Erev | B23: This is the conductance, G_Na, at the whole cell level, as calculated by GNa = I/(V-Erev) where Erev is the observed reversal potential as reported in the file, Reversal_Potential.
A24: Apparent Gating Charge | B24: This is calculated per the equation: z = (ln((GNa/Gmax)-1)*KB*T)/(e(V-V1/2)) where GNa is the conductance at that potential, V, Gmax is the maximum conductance observed in the current-voltage protocol, KB is the Boltzmann Constant (1.88e-23 J/K), T is the absolute temperature in K assuming 25ºC, and e is the elementary charge, 1.602e-19 Coulomb. An example formula might be: =IF(ISBLANK(Conductance_Eeq!B7),"",IF(Conductance_Eeq!B7<0,((LN(ABS(((Conductance_Eeq!B7/MAX(Conductance_Eeq!B$7:B$27)))))*(1.88E-23)*(25+273.15))/(EXP($A8-B$7))),((LN((Conductance_Eeq!B7/MAX(Conductance_Eeq!B$7:B$27))))*(1.88E-23)*(25+273.15))/(EXP($A8-B$7))))
A25: Tau_m_Rise_time | B25: This is the time of the development of the currents plotted against voltage
A26: Tau_h_decay_time | B26: This is the time constant of the decay of the currents plotted against voltage
A27: Tau_m_to_h_ratio | B27: This is the voltage dependent ratio of the onset to decay time constants
A28: Macroscopic Conductance | B28: This is the conductance, G_Na, at the whole cell level. This will be correlated to the predicted unitary conductance from NSNA (g_Na).
A29: IV report | B29: This is the single file which contains Kact, Kinact, V1/2act, and V1/2inact; G_Na, tau_m, tau_h, tau_m/h, z*_apparent_gating_charge, Imax(current density), and Imax(raw current)
A30: Reversal_Potential | B30: These values were calcualted from NormIV using the slope(Voltage,Current) from +10mV to +80mv, the assumed linear portion of the IV relationship, and intercept(Voltage,Current), to produce the ratio of -Intercept/slope, the Reversal Potential.
... A34: IV_Current_Density_Curves | B34: These are the average current densities at each test potential with values of spread included

Sheet RawCurrent
A1: Collector | B1: REdC | C1: REdC | D1: REdC | E1: REdC | F1: REdC | G1: REdC | H1: REdC | I1: REdC | J1: REdC | K1: REdC | L1: REdC | M1: REdC | N1: REdC | O1: REdC | P1: REdC | Q1: REdC | R1: REdC | S1: REdC | T1: REdC | U1: REdC | V1: REdC | W1: REdC | X1: REdC | Y1: REdC | Z1: REdC | AA1: REdC | AB1: REdC | AC1: REdC | AD1: REdC | AE1: REdC | AF1: REdC | AG1: REdC | AH1: REdC | AI1: REdC | AJ1: REdC | AK1: REdC | AL1: REdC | AM1: REdC | AN1: REdC | AO1: REdC | AP1: REdC | AQ1: REdC | AR1: REdC | AS1: REdC | AT1: REdC | AU1: REdC | AV1: REdC | AW1: REdC | AX1: REdC | AY1: REdC | AZ1: REdC | BA1: REdC | BB1: REdC | BC1: REdC | BD1: REdC | BE1: REdC | BF1: REdC | BG1: REdC | BH1: REdC | BI1: REdC | BJ1: REdC | BK1: REdC | BL1: REdC | BM1: REdC | BN1: REdC | BO1: REdC | BP1: REdC | BQ1: REdC | BR1: REdC | BS1: REdC | BT1: REdC | BU1: REdC | BV1: REdC | BW1: REdC | BX1: REdC | BY1: REdC | BZ1: REdC | CA1: REdC | CB1: REdC | CC1: REdC | CD1: REdC
A2: Filename | B2: WT1_REdC_IV_18704034 | C2: WT2_REdC_IV_1.26.2018 WT cell 5 IV' | D2: WT3_REdC_IV_17728035 Final | E2: WT4_REdC_IV_18705015 | F2: WT5_REdC_IV_17728025 Final | G2: WT6_REdC_IV_wt iv final | H2: WT7_REdC_IV_1.26.2018 | I2: WT8_REdC_IV | J2: WT9_REdC_IV_17504013 Final | K2: WT10_REdC_IV_1.26.2018 WT cell 2 IV' -120 conditioning | L2: WT11_REdC_IV_17723017 | M2: WT12_REdC_IV_17721049 Final filtered | N2: WT13_REdC_IV_17723001 | O2: WT14_REdC_IV_19n15007 | P2: WT15_REdC_IV_19825000 | Q2: WT16_REdC_IV_18705033 | R2: WT17_REdC_IV_17721059 | S2: WT19_REdC_IV_19n23000 (-80:-10); WT19_REdC_IV_19n23009 (0:+80) | T2: WT20_REdC_IV_18115016 | U2: WT21_REdC_IV_19o30001 (-80:0),WT21_REdC_IV_19o30004(10:+80) | V2: WT23_REdC_1.19.2018 IV cell 2 WT leak | W2: WT24_REdC_IV_18705003(-80:10),WT24_REdC_IV_18705002(20:+80) | X2: WT25_REdC_IV_18704045 | Y2: WT26_REdC_IV_17809014 | Z2: WT27_REdC_IV_1.23.2018 IV cell 1 WT | AA2: WT28_REdC_IV_1.23.2018 IV cell 1 WT | AB2: WT29_REdC_IV_18o19010 | AC2: WT30_REdC_IV_1.26.2018 WT cell 1 IV p8 20 sweeps | AD2: WT31_REdC_IV_18o07001 | AE2: WT33_REdC_IV_17728018 | AF2: WT38_REdC_IV_19o21015 | AG2: WT39_REdC_IV_17429002 | AH2: WT40_REdC_IV_17810003 | AI2: WT43_REdC_IV_1.26.2018 WT cell 4 IV | AJ2: WT44_REdC_IV_1.14.2018 IV cell 2 NaV1.4 wt | AK2: WT47_REdC_IV_19911011 | AL2: WT48_REdC_IV_19n06031 | AM2: WT50_REdC_IV_19n06011 | AN2: WT53_REdC_IV_17504004 | AO2: WT54_REdC_IV_1.19.2018 IV cell 1 WT | AP2: WT63_REdC_IV_19n07011 | AQ2: WT66_REdC_IV_18704009 | AR2: WT69_REdC_IV_18o18036 | AS2: WT71_REdC_IV_17722009 | AT2: WT74_REdC_IV_0003.abf | AU2: WT75_REdC_IV_0015.abf | AV2: WT76_REdC_IV_0012.abf | AW2: EPN1_REdC_IV_17725093.abf | AX2: EPN2_REdC_IV_17725017.abf | AY2: EPN3_REdC_IV_18115045.abf | AZ2: EPN4_REdC_IV_IV cell 2 NaV1.4 EPN.abf | BA2: EPN5_REdC_IV_17725043.abf | BB2: EPN6_REdC_IV_1.14.2018 IV cell 1 NaV1.4 EPN.abf | BC2: EPN7_REdC_IV_17718015.abf | BD2: EPN9_REdC_IV_17725067.abf | BE2: EPN10_REdC_IV_2016_09_30_0029.abf | BF2: EPN11_REdC_IV_17725020.abf | BG2: EPN12_REdC_IV_1.19.2018 IV cell 1 EPN'.abf | BH2: EPN13_REdC_IV_2016_09_30_0015.abf | BI2: EPN14_REdC_IV_17725071.abf | BJ2: EPN18_REdC_IV_0012.abf | BK2: LVNV1_REdC_IV_17724088.abf | BL2: LVNV2_REdC_IV_17724059.abf;LVNV2_REdC_IV_17724048.abf;LVNV2_REdC_IV_17724046.abf | BM2: LVNV3_REdC_IV_17726022.abf | BN2: LVNV4_REdC_IV_17429000.abf | BO2: LVNV4_REdC_IV_17429001.abf | BP2: LVNV4_REdC_IV_17429002.abf | BQ2: LVNV5_REdC_IV_17724073.abf | BR2: LVNV6_REdC_IV_19915011.abf | BS2: LVNV7_REdC_IV_19d06007.abf | BT2: LVNV8_REdC_IV_17724003.abf;LVNV8_REdC_IV_17724001.abf | BU2: LVNV9_REdC_IV_17724034.abf | BV2: LVNV10_REdC_IV_17726060.abf;LVNV10_REdC_IV_17726061.abf | BW2: LVNV12_REdC_IV_19912002.abf | BX2: LVNV14_REdC_IV_17726099.abf;LVNV14_REdC_IV_17726072.abf;LVNV14_REdC_IV_17726074.abf;LVNV14_REdC_IV_17726083.abf;LVNV14_REdC_IV_17726088.abf;LVNV14_REdC_IV_17726095.abf;LVNV14_REdC_IV_17726098.abf;LVNV14_REdC_IV_17726100.abf | BY2: LVNV15_REdC_IV_17724016.abf | BZ2: LVNV16_REdC_IV_17726035.abf | CA2: LVNV18_REdC_IV_19911028.abf;LVNV18_REdC_IV_19911026.abf;LVNV18_REdC_IV_19911027.abf;LVNV18_REdC_IV_19911029.abf | CB2: LVNV19_REdC_IV_17714002.abf;LVNV19_REdC_IV_17714003.abf | CC2: LVNV20_REdC_IV_17726011.abf | CD2: LVNV21_REdC_IV_17615002.abf;LVNV4_REdC_IV_17615007.abf
A3: Capacitance_Tau*I_0 (picoFarads) | B3: 6.3918005 | C3: 3.1770135 | D3: 12.816808 | E3: 6.4393644 | F3: 4.1415548 | G3: 6.7330415 | H3: 6.1017498 | I3: 5.2679979 | J3: 1.9426926 | K3: 7.2663764 | L3: 9.8133792 | M3: 5.9634417 | N3: 8.6219729 | O3: 6.9784064 | P3: 5.9439751 | Q3: 9.3769842 | R3: 5.7659016 | S3: 4.9435102 | T3: 6.3687978 | U3: 4.2012946 | V3: 1.9422434 | W3: 5.6914978 | X3: 3.5272978 | Y3: 3.3474243 | Z3: 1.9251147 | AA3: 1.9583813 | AB3: 12.688792 | AC3: 4.3809951 | AD3: 6.8273254 | AE3: 2.3971099 | AF3: 3.9005685 | AG3: 4.0726769 | AH3: 7.534553 | AI3: 4.4405214 | AJ3: 2.5034119 | AK3: 5.8217415 | AL3: 5.4120773 | AM3: 3.130868 | AN3: 2.1530792 | AO3: 4.6828832 | AP3: 4.5696121 | AQ3: 5.4771449 | AR3: 4.5332183 | AS3: 6.2772917 | AT3: 7.250766 | AU3: 5.242494 | AV3: 7.8035581 | AW3: 4.3081732 | AX3: 5.9116515 | AY3: 6.3690268 | AZ3: 1.9958043 | BA3: 5.0152047 | BB3: 2.8197356 | BC3: 6.8148694 | BD3: 5.2707788 | BE3: 3.9566497 | BF3: 5.5692707 | BG3: 4.7930427 | BH3: 4.9504883 | BI3: 10.871166 | BJ3: 7.4679809 | BK3: 19.946134 | BL3: 6.4223088 | BM3: 3.691691 | BN3: 3.9347222 | BO3: 3.9347222 | BP3: 3.9347222 | BQ3: 3.6236144 | BR3: 4.5734652 | BS3: 6.0304289 | BT3: 6.5530017 | BU3: 3.7779332 | BV3: 21.360497 | BW3: 5.157873 | BX3: 7.6189258 | BY3: 3.0101941 | BZ3: 4.5653243 | CA3: 2.663605 | CB3: 4.3495177 | CC3: 4.4240435 | CD3: 1.5789424
A4: Genotype | B4: WT | C4: WT | D4: WT | E4: WT | F4: WT | G4: WT | H4: WT | I4: WT | J4: WT | K4: WT | L4: WT | M4: WT | N4: WT | O4: WT | P4: WT | Q4: WT | R4: WT | S4: WT | T4: WT | U4: WT | V4: WT | W4: WT | X4: WT | Y4: WT | Z4: WT | AA4: WT | AB4: WT | AC4: WT | AD4: WT | AE4: WT | AF4: WT | AG4: WT | AH4: WT | AI4: WT | AJ4: WT | AK4: WT | AL4: WT | AM4: WT | AN4: WT | AO4: WT | AP4: WT | AQ4: WT | AR4: WT | AS4: WT | AT4: WT | AU4: WT | AV4: WT | AW4: EPN | AX4: EPN | AY4: EPN | AZ4: EPN | BA4: EPN | BB4: EPN | BC4: EPN | BD4: EPN | BE4: EPN | BF4: EPN | BG4: EPN | BH4: EPN | BI4: EPN | BJ4: EPN | BK4: LVNV | BL4: LVNV | BM4: LVNV | BN4: LVNV | BO4: LVNV | BP4: LVNV | BQ4: LVNV | BR4: LVNV | BS4: LVNV | BT4: LVNV | BU4: LVNV | BV4: LVNV | BW4: LVNV | BX4: LVNV | BY4: LVNV | BZ4: LVNV | CA4: LVNV | CB4: LVNV | CC4: LVNV | CD4: LVNV
A5: CellID | B5: WT1 | C5: WT2 | D5: WT3 | E5: WT4 | F5: WT5 | G5: WT6 | H5: WT7 | I5: WT8 | J5: WT9 | K5: WT10 | L5: WT11 | M5: WT12 | N5: WT13 | O5: WT14 | P5: WT15 | Q5: WT16 | R5: WT17 | S5: WT19 | T5: WT20 | U5: WT21 | V5: WT23 | W5: WT24 | X5: WT25 | Y5: WT26 | Z5: WT27 | AA5: WT28 | AB5: WT29 | AC5: WT30 | AD5: WT31 | AE5: WT33 | AF5: WT38 | AG5: WT39 | AH5: WT40 | AI5: WT43 | AJ5: WT44 | AK5: WT47 | AL5: WT48 | AM5: WT50 | AN5: WT53 | AO5: WT54 | AP5: WT63 | AQ5: WT66 | AR5: WT69 | AS5: WT71 | AT5: WT74 | AU5: WT75 | AV5: WT76 | AW5: EPN1 | AX5: EPN2 | AY5: EPN3 | AZ5: EPN4 | BA5: EPN5 | BB5: EPN6 | BC5: EPN7 | BD5: EPN9 | BE5: EPN10 | BF5: EPN11 | BG5: EPN12 | BH5: EPN13 | BI5: EPN14 | BJ5: EPN18 | BK5: LVNV1 | BL5: LVNV2 | BM5: LVNV3 | BN5: LVNV4 | BO5: LVNV4 | BP5: LVNV4 | BQ5: LVNV5 | BR5: LVNV6 | BS5: LVNV7 | BT5: LVNV8 | BU5: LVNV9 | BV5: LVNV10 | BW5: LVNV12 | BX5: LVNV14 | BY5: LVNV15 | BZ5: LVNV16 | CA5: LVNV18 | CB5: LVNV19 | CC5: LVNV20 | CD5: LVNV21
A6: Em (mV)
A7: -80 | B7: 190.76965 | C7: -38.082722 | D7: 111.41831 | E7: -95.995209 | F7: 155.65625 | G7: 17.611221 | H7: -16.637297 | I7: 30.267597 | J7: 47.287292 | K7: 22.380414 | L7: 13.67998 | M7: -56.523018 | N7: 30.702393 | O7: -39.011265 | P7: 30.517212 | Q7: 25.286552 | R7: 25.98131 | S7: -23.77593 | T7: 19.610031 | U7: 20.291504 | V7: 10.700874 | W7: 15.000076 | X7: -17.044338 | Y7: 0.57379436 | Z7: 12.395504 | AA7: 8.7450314 | AB7: -38.070217 | AC7: -33.90303 | AD7: 37.17704 | AE7: -31.798643 | AF7: -29.227514 | AG7: 19.441357 | AH7: -43.958023 | AI7: -11.832676 | AJ7: -26.075401 | AK7: -14.539673 | AL7: -22.015884 | AM7: 10.512619 | AN7: 13.88121 | AO7: -16.739033 | AP7: 6.2398911 | AQ7: 14.867638 | AR7: -16.475477 | AS7: -18.079044 | AT7: -16.791512 | AU7: 5.9388561 | AV7: 8.5445948 | AW7: 41.118073 | AX7: -42.305527 | AY7: 15.104832 | AZ7: 9.1045685 | BA7: 0.7701985 | BC7: 1.7952862 | BD7: 34.812439 | BF7: 9.4449739 | BG7: 40.782829 | BH7: -9.1678543 | BI7: 30.844509 | BJ7: 1.0223389 | BK7: -31.821026 | BL7: 4.2073364 | BM7: -9.2414932 | BN7: 19.627762 | BO7: 26.350861 | BP7: 14.298252 | BQ7: 26.83842 | BR7: 3.9710299 | BS7: -1.7510399 | BT7: 10.474659 | BU7: 4.539978 | BV7: -8.6604107 | BW7: 10.029883 | BX7: 0.24005935 | BY7: -22.649155 | BZ7: 15.437969 | CA7: -1.2481499 | CB7: -0.30469561 | CC7: -21.54489 | CD7: 0.7101078
A8: =A7+10 -> -70 | B8: -171.66585 | C8: 33.026848 | D8: 115.29895 | E8: -68.263824 | F8: 160.56778 | G8: 14.131691 | H8: -20.268801 | I8: 44.698574 | J8: -45.067284 | K8: 26.269494 | L8: 15.732279 | M8: 59.81398 | N8: 33.830627 | O8: 26.139236 | P8: 25.16333 | Q8: 37.043163 | R8: 25.273336 | S8: -23.960991 | T8: 23.278015 | U8: 17.507446 | V8: 11.296059 | W8: -18.267426 | X8: -16.423042 | Y8: -11.281967 | Z8: -11.709466 | AA8: -9.1299829 | AB8: 31.74218 | AC8: 29.896389 | AD8: 30.940903 | AE8: 31.406363 | AF8: 33.751648 | AG8: 14.729855 | AH8: 28.689064 | AI8: -20.094986 | AJ8: -20.876797 | AK8: 14.698364 | AL8: 11.444077 | AM8: -10.280327 | AN8: 16.81218 | AO8: 17.077759 | AP8: 10.534286 | AQ8: 20.110359 | AR8: 9.623517 | AS8: 15.404831 | AT8: 11.100632 | AU8: 16.950634 | AV8: 10.316705 | AW8: 59.056641 | AX8: 48.78038 | AY8: 2.6458677 | AZ8: 12.502655 | BA8: -0.70763938 | BC8: -1.9563847 | BD8: -15.45997 | BE8: -30.331871 | BF8: 16.939358 | BG8: -28.505442 | BH8: -11.046104 | BI8: 12.989249 | BJ8: -2.456665 | BK8: -27.163811 | BL8: 3.8799591 | BM8: 9.6204376 | BN8: 29.478508 | BO8: -17.55418 | BP8: 17.208508 | BQ8: 45.156176 | BR8: -27.255146 | BS8: -22.568684 | BT8: 12.265465 | BU8: -26.15921 | BV8: -0.13907592 | BW8: 12.668966 | BX8: -0.083151994 | BY8: -29.59433 | BZ8: 8.2727127 | CA8: 4.420887 | CB8: -1.1887609 | CC8: 21.049981 | CD8: 0.57384682
A9: =A8+10 -> -60 | B9: -162.92908 | C9: 46.089645 | D9: 137.60059 | E9: -51.569031 | F9: -155.3934 | G9: 20.464401 | H9: 18.731956 | I9: 56.624718 | J9: -42.332661 | K9: 22.876003 | L9: 17.366949 | M9: -58.146667 | N9: 42.433403 | O9: 20.137268 | P9: -37.317383 | Q9: 54.268295 | R9: 18.552017 | S9: -20.609144 | T9: 20.08493 | U9: 20.66629 | V9: 8.8187189 | W9: -20.411911 | X9: -18.404255 | Y9: -41.645367 | Z9: -10.76155 | AA9: -10.973408 | AB9: -26.799416 | AC9: 40.667648 | AD9: 26.922426 | AE9: -37.719452 | AF9: -33.349766 | AG9: 24.774479 | AH9: -43.324783 | AI9: -15.681759 | AJ9: -26.355125 | AK9: -13.343506 | AL9: 12.537666 | AM9: -10.390549 | AN9: 17.326218 | AO9: 17.948112 | AP9: 14.251709 | AQ9: -19.040585 | AR9: -13.309686 | AS9: 13.630144 | AT9: 11.519299 | AU9: 19.348476 | AV9: 17.988856 | AW9: 57.690598 | AX9: -42.185089 | AY9: 20.827138 | AZ9: 16.399223 | BA9: -2.2873208 | BD9: -20.766243 | BE9: -33.498245 | BF9: 17.19978 | BG9: -17.571178 | BH9: -11.433083 | BI9: 17.130564 | BJ9: 2.8533936 | BK9: -9.9904327 | BL9: 4.8379059 | BM9: -14.6852 | BN9: -25.364346 | BO9: 22.414371 | BP9: 23.8046 | BQ9: 4.9353991 | BR9: -16.538264 | BS9: 8.7991337 | BT9: 18.091478 | BU9: 13.753098 | BV9: -6.2929236 | BW9: 12.644696 | BX9: -0.45743267 | BY9: 33.786915 | BZ9: -12.530197 | CA9: 9.1283264 | CB9: 2.2975184 | CC9: 1.1692719 | CD9: 6.9348526
A10: =A9+10 -> -50 | B10: -226.80325 | C10: -54.87788 | D10: 140.14464 | E10: 71.776764 | F10: 140.92172 | G10: 20.482613 | H10: -20.800121 | I10: 70.137947 | J10: -38.526951 | K10: -27.470944 | L10: 18.865856 | M10: -52.948753 | N10: -56.922905 | O10: -26.917946 | P10: 26.394958 | Q10: 55.16745 | R10: 22.545647 | S10: -22.831842 | T10: -20.091751 | U10: -24.146362 | V10: 12.603499 | W10: 16.115555 | X10: -24.308678 | Y10: -30.488968 | Z10: 15.833859 | AA10: 16.118307 | AB10: 30.513823 | AC10: 48.586262 | AD10: 30.18515 | AE10: -32.131058 | AF10: 36.315517 | AG10: -16.914677 | AH10: 51.000801 | AI10: -11.294518 | AJ10: 11.057049 | AK10: -13.158752 | AL10: 16.876205 | AM10: 10.117264 | AN10: 15.720139 | AO10: 23.629364 | AP10: 11.452675 | AQ10: -15.276928 | AR10: -15.979816 | AS10: -12.060822 | AT10: -10.750061 | AU10: 23.458666 | AV10: 11.919772 | AW10: 56.702957 | AX10: 52.471359 | AY10: 14.47889 | AZ10: 20.141457 | BA10: 2.2247616 | BC10: -0.85724068 | BD10: 24.365973 | BE10: -38.28648 | BF10: 25.163654 | BG10: -26.465431 | BH10: -14.881248 | BI10: 19.978123 | BK10: 6.44196 | BL10: 6.96241 | BM10: 15.417564 | BN10: 42.420765 | BO10: 26.369583 | BP10: 30.19091 | BQ10: -1.7255907 | BR10: 16.92723 | BS10: -4.7879814 | BT10: 2.4568278 | BV10: -0.23663012 | BW10: 13.602301 | BX10: 0.20408392 | BY10: -25.467636 | BZ10: 12.947136 | CA10: 7.1786079 | CB10: 1.6076042 | CC10: 21.47349 | CD10: 5.0449333
A11: =A10+10 -> -40 | B11: -233.67419 | C11: -68.366135 | D11: 160.03194 | E11: 85.475784 | F11: -138.19176 | G11: -41.483425 | H11: -17.177612 | I11: 74.516884 | J11: 50.989788 | K11: -29.63067 | L11: 15.619484 | M11: 83.433205 | N11: 38.839844 | O11: 30.332443 | P11: -26.984131 | Q11: 78.548668 | R11: 25.605196 | S11: -135.62675 | T11: -50.433182 | U11: 15.687103 | V11: 19.471436 | W11: 19.121902 | X11: 22.462479 | Y11: -16.597111 | Z11: -17.817333 | AA11: -16.132486 | AB11: 36.179276 | AC11: -51.838799 | AD11: -44.928062 | AE11: -46.703018 | AF11: 35.703976 | AG11: 24.218544 | AH11: 60.956314 | AI11: -21.064308 | AJ11: -24.392048 | AK11: -18.65921 | AL11: 18.516556 | AM11: -12.248024 | AN11: -18.766068 | AO11: 30.22612 | AP11: 15.924454 | AQ11: 15.599106 | AR11: 14.555052 | AS11: -14.808867 | AT11: 14.288047 | AU11: 22.212599 | AV11: 8.4954165 | AW11: 66.312759 | AX11: -108.06432 | AY11: -47.196037 | AZ11: 24.875542 | BA11: 21.409799 | BB11: 38.213448 | BC11: 1.0183392 | BD11: 27.722305 | BE11: -33.722843 | BF11: 23.176676 | BG11: 33.484962 | BH11: -11.16568 | BI11: 16.488146 | BJ11: -1.4190674 | BK11: 22.240836 | BL11: -7.4497604 | BM11: 17.199654 | BN11: 51.53157 | BO11: 35.861702 | BP11: 24.928261 | BQ11: -7.7258167 | BR11: -28.523665 | BS11: -19.513441 | BT11: 23.419307 | BU11: 11.489197 | BV11: 18.878919 | BW11: -10.953957 | BX11: 0.096441392 | BY11: 18.903748 | BZ11: 13.765366 | CA11: -9.1383018 | CB11: -12.755957 | CC11: 22.431485 | CD11: 8.2182045
A12: =A11+10 -> -30 | B12: -562.63379 | C12: -305.21802 | D12: 121.36874 | E12: -237.42429 | F12: -292.47778 | G12: -484.19617 | H12: -57.327091 | I12: -461.92447 | J12: -77.403938 | K12: -135.93788 | L12: -51.563049 | M12: -123.19592 | N12: -152.19093 | O12: -72.070831 | P12: -27.037659 | Q12: 86.457458 | R12: -29.138489 | S12: -454.5679 | T12: -291.55896 | U12: -63.230278 | V12: -30.792702 | W12: -37.749557 | X12: -62.566238 | Y12: -38.986206 | Z12: -65.893044 | AA12: -64.939514 | AB12: -63.864861 | AC12: -230.68094 | AD12: 25.742115 | AE12: -72.531403 | AF12: -61.676414 | AG12: -46.191559 | AH12: 54.524734 | AI12: -52.004047 | AJ12: -48.869453 | AK12: -49.552673 | AL12: 18.496193 | AM12: 15.208687 | AN12: -26.673187 | AO12: -69.152618 | AP12: 18.414497 | AQ12: 24.081665 | AR12: -17.442492 | AS12: 14.48137 | AT12: -9.2085368 | AU12: 27.224987 | AV12: -23.530859 | AW12: 63.772598 | AX12: -176.52023 | AY12: -261.98624 | AZ12: 29.179138 | BA12: -11.889108 | BB12: 28.421265 | BC12: -24.025099 | BD12: 49.736904 | BE12: -42.071312 | BF12: 20.988607 | BG12: -66.571709 | BH12: -22.331329 | BI12: 15.493667 | BJ12: -4.0130615 | BK12: 40.292474 | BL12: -44.326202 | BM12: -17.924332 | BN12: 57.07761 | BO12: -46.299343 | BP12: -52.876167 | BQ12: 5.5840759 | BR12: -31.296947 | BS12: -106.94248 | BT12: -3.8474223 | BU12: -26.756454 | BV12: -27.843135 | BW12: -10.085375 | BX12: -8.9122577 | BY12: -15.705162 | BZ12: 17.45919 | CA12: -21.437691 | CB12: -25.685047 | CC12: -25.302629 | CD12: -14.080004
A13: =A12+10 -> -20 | B13: -2397.3298 | C13: -744.36609 | D13: -1207.577 | E13: -1482.4885 | F13: -1251.6573 | G13: -1898.1127 | H13: -287.05487 | I13: -1871.9958 | J13: -420.89276 | K13: -1070.9853 | L13: -260.91531 | M13: -1189.7117 | N13: -1496.2181 | O13: -489.01227 | P13: -60.339264 | Q13: -302.22839 | R13: -154.92546 | S13: -836.75201 | T13: -611.81952 | U13: -339.76233 | V13: -146.25339 | W13: -152.59921 | X13: -255.16618 | Y13: -166.98201 | Z13: -194.26573 | AA13: -192.86827 | AB13: -224.65088 | AC13: -1058.6348 | AD13: -26.66634 | AE13: -209.24583 | AF13: -177.58772 | AG13: -211.62915 | AH13: -127.55922 | AI13: -164.69551 | AJ13: -122.71474 | AK13: -216.9283 | AL13: 29.612236 | AM13: -55.189442 | AN13: -117.27725 | AO13: -143.76385 | AP13: -33.396717 | AQ13: -64.215515 | AR13: -52.757385 | AS13: -65.53479 | AT13: -29.838947 | AU13: -123.14284 | AV13: -34.676418 | AW13: -193.72835 | AX13: -1028.0876 | AY13: -711.27582 | AZ13: -137.07388 | BA13: -123.29467 | BB13: -68.906052 | BC13: -167.45419 | BD13: -84.261993 | BE13: -89.574295 | BF13: -25.888304 | BG13: -151.81161 | BH13: -41.264786 | BI13: -35.685833 | BJ13: -34.9884 | BK13: -168.19778 | BL13: -216.24312 | BM13: -90.616997 | BN13: -124.14526 | BO13: -198.77666 | BP13: -202.0125 | BQ13: -117.18174 | BR13: -115.23433 | BS13: -393.85552 | BT13: -81.59789 | BU13: -71.24678 | BV13: -94.669548 | BW13: -21.702017 | BX13: -107.23216 | BY13: -52.279221 | BZ13: -34.162827 | CA13: -41.988726 | CB13: -49.266872 | CC13: -42.592026 | CD13: -38.849658
A14: =A13+10 -> -10 | B14: -5148.9229 | C14: -943.19275 | D14: -2815.7039 | E14: -3247.7295 | F14: -2852.8438 | G14: -2034.245 | H14: -1103.6113 | I14: -1983.2209 | J14: -1453.642 | K14: -2730.798 | L14: -718.46985 | M14: -2480.6167 | N14: -1585.7062 | O14: -1232.6805 | P14: -149.80408 | Q14: -950.41388 | R14: -604.68292 | S14: -1002.8686 | T14: -832.70947 | U14: -879.12036 | V14: -475.20676 | W14: -398.09399 | X14: -576.92639 | Y14: -431.46927 | Z14: -398.27802 | AA14: -397.4617 | AB14: -581.289 | AC14: -1467.3821 | AD14: -100.97643 | AE14: -315.20624 | AF14: -451.6308 | AG14: -438.58719 | AH14: -361.45102 | AI14: -316.38937 | AJ14: -330.66254 | AK14: -395.48407 | AL14: -133.01086 | AM14: -213.5128 | AN14: -362.56616 | AO14: -214.63589 | AP14: -100.4772 | AQ14: -114.71774 | AR14: -91.334015 | AS14: -137.94876 | AT14: -145.80545 | AU14: -407.56503 | AV14: -102.1035 | AW14: -669.44629 | AX14: -1624.0811 | AY14: -1109.4822 | AZ14: -408.35703 | BA14: -371.5149 | BB14: -135.20973 | BC14: -358.00244 | BD14: -249.98653 | BE14: -289.8631 | BF14: -114.9137 | BG14: -317.47189 | BH14: -107.73336 | BI14: -102.38145 | BJ14: -84.21325 | BK14: -685.30559 | BL14: -396.1196 | BM14: -286.48669 | BN14: -381.41376 | BO14: -404.91248 | BP14: -426.14517 | BQ14: -273.69556 | BR14: -302.24682 | BS14: -704.89133 | BT14: -205.48572 | BV14: -188.71367 | BW14: -65.527306 | BX14: -198.95404 | BY14: -163.96584 | BZ14: -69.968018 | CA14: -92.469162 | CB14: -84.843249 | CC14: -97.708736 | CD14: -80.026192
A15: =A14+10 -> 0 | B15: -6839.8921 | C15: -1008.7758 | D15: -2856.8955 | E15: -3896.0374 | F15: -3183.1965 | G15: -1825.8131 | H15: -1821.0068 | I15: -1828.7771 | J15: -1923.505 | K15: -3621.6972 | L15: -1009.3801 | M15: -2639.6238 | N15: -1491.8091 | O15: -1442.5521 | P15: -823.22522 | Q15: -1382.2616 | R15: -1120.5664 | S15: -1033.1877 | T15: -880.74573 | U15: -1022.7136 | V15: -670.17053 | W15: -724.41901 | X15: -807.79218 | Y15: -685.4137 | Z15: -581.47174 | AA15: -580.89197 | AB15: -724.89862 | AC15: -1578.1072 | AD15: -256.97211 | AE15: -320.15948 | AF15: -604.30267 | AG15: -557.89526 | AH15: -548.54071 | AI15: -475.94852 | AJ15: -446.95462 | AK15: -465.76852 | AL15: -295.42032 | AM15: -337.21466 | AN15: -503.70953 | AO15: -271.61261 | AP15: -185.68323 | AQ15: -170.20895 | AR15: -122.84799 | AS15: -190.19072 | AT15: -195.0998 | AU15: -602.43069 | AV15: -168.94425 | AW15: -1072.4928 | AX15: -1878.309 | AY15: -1228.7164 | AZ15: -659.70276 | BA15: -592.71122 | BB15: -223.53677 | BC15: -423.67877 | BD15: -417.02496 | BE15: -353.17331 | BF15: -190.22089 | BG15: -538.21832 | BH15: -133.52858 | BI15: -160.35138 | BJ15: -140.06041 | BK15: -1056.2832 | BL15: -539.39111 | BM15: -393.20926 | BN15: -469.97903 | BO15: -524.85577 | BP15: -503.32852 | BQ15: -388.27606 | BR15: -435.5731 | BS15: -767.74269 | BT15: -308.23785 | BU15: -277.70749 | BV15: -244.43027 | BW15: -185.14961 | BX15: -287.69546 | BY15: -235.67972 | BZ15: -102.05129 | CA15: -146.32566 | CB15: -103.95366 | CC15: -136.86387 | CD15: -121.84972
A16: =A15+10 -> 10 | B16: -7092.2485 | C16: -922.76788 | D16: -3050.2351 | E16: -3630.1912 | F16: -3554.1753 | G16: -1651.6892 | H16: -2016.9824 | I16: -1654.9325 | J16: -1848.8416 | K16: -3719.7826 | L16: -1056.1161 | M16: -2337.2773 | N16: -1396.8855 | O16: -1310.6688 | P16: -1621.3936 | Q16: -1498.8773 | R16: -1223.4143 | S16: -982.97394 | T16: -791.30994 | U16: -916.46155 | V16: -829.6817 | W16: -834.70148 | X16: -800.36884 | Y16: -851.74561 | Z16: -668.92657 | AA16: -667.23297 | AB16: -693.53595 | AC16: -1461.9618 | AD16: -567.59631 | AE16: -571.19672 | AF16: -623.00122 | AG16: -582.72412 | AH16: -643.32318 | AI16: -488.23602 | AJ16: -511.00049 | AK16: -451.18906 | AL16: -380.48047 | AM16: -351.60712 | AN16: -501.33441 | AO16: -287.28729 | AP16: -199.58591 | AQ16: -181.74948 | AR16: -138.13588 | AS16: -205.64948 | AT16: -262.1753 | AU16: -710.62213 | AV16: -196.7885 | AW16: -1259.1644 | AX16: -1871.8953 | AY16: -1174.7263 | AZ16: -719.71606 | BA16: -701.47442 | BB16: -238.64883 | BC16: -425.69693 | BD16: -444.20239 | BE16: -405.83609 | BF16: -241.9574 | BG16: -597.94403 | BH16: -134.95062 | BI16: -163.61597 | BJ16: -166.67174 | BK16: -1253.5961 | BL16: -562.9126 | BM16: -416.1413 | BN16: -473.1669 | BO16: -513.17133 | BP16: -523.55566 | BQ16: -445.91772 | BR16: -465.91847 | BS16: -728.47284 | BT16: -344.93886 | BU16: -299.99445 | BV16: -284.01453 | BW16: -292.68433 | BX16: -324.96004 | BY16: -258.5307 | BZ16: -124.72621 | CA16: -159.93834 | CB16: -106.2161 | CC16: -192.29216 | CD16: -144.70572
A17: =A16+10 -> 20 | B17: -6595.0283 | C17: -794.64447 | D17: -2725.157 | E17: -3109.856 | F17: -3287.6587 | G17: -1389.2926 | H17: -1952.2172 | I17: -1392.9263 | J17: -1525.1219 | K17: -3369.7494 | L17: -895.35974 | M17: -2087.3081 | N17: -1235.6641 | O17: -1125.5763 | P17: -1528.0204 | Q17: -1372.9916 | R17: -1249.885 | S17: -807.98999 | T17: -658.49371 | U17: -787.54889 | V17: -750.84027 | W17: -634.55139 | X17: -688.09424 | Y17: -699.43909 | Z17: -625.48822 | AA17: -600.12512 | AB17: -615.07098 | AC17: -1243.8113 | AD17: -658.771 | AE17: -658.92181 | AF17: -586.526 | AG17: -522.84851 | AH17: -630.79065 | AI17: -422.7742 | AJ17: -455.24445 | AK17: -392.84708 | AL17: -353.31726 | AM17: -342.21588 | AN17: -540.71729 | AO17: -244.36496 | AP17: -179.35275 | AQ17: -168.63774 | AR17: -118.90279 | AS17: -185.95488 | AT17: -238.5333 | AU17: -596.64072 | AV17: -202.67994 | AW17: -1201.7507 | AX17: -1698.6322 | AY17: -1040.5359 | AZ17: -703.51941 | BA17: -675.6666 | BB17: -222.11111 | BC17: -364.97293 | BD17: -404.67123 | BE17: -371.53232 | BF17: -245.05612 | BG17: -636.06451 | BH17: -112.76084 | BI17: -149.82368 | BJ17: -159.86632 | BK17: -1203.5375 | BL17: -475.81396 | BM17: -430.28159 | BN17: -394.93195 | BO17: -379.75455 | BP17: -456.09882 | BQ17: -399.50488 | BR17: -400.39048 | BS17: -624.51744 | BT17: -331.22603 | BU17: -285.41403 | BV17: -236.22112 | BW17: -308.27759 | BX17: -283.22752 | BY17: -207.78125 | BZ17: -105.1202 | CA17: -152.51276 | CB17: -88.964127 | CC17: -191.90972 | CD17: -142.99647
A18: =A17+10 -> 30 | B18: -5687.4316 | C18: -648.8288 | D18: -2189.2019 | E18: -2404.1914 | F18: -2685.7266 | G18: -1121.8213 | H18: -1722.5223 | I18: -1112.3099 | J18: -1004.9916 | K18: -2851.3827 | L18: -712.63458 | M18: -1736.2856 | N18: -998.20929 | O18: -864.55463 | P18: -1279.2218 | Q18: -1149.7452 | R18: -940.711 | S18: -616.20215 | T18: -493.03226 | U18: -630.70245 | V18: -626.42206 | W18: -441.53574 | X18: -562.72913 | Y18: -561.45667 | Z18: -497.43649 | AA18: -476.41949 | AB18: -482.18704 | AC18: -1024.1014 | AD18: -607.61414 | AE18: -580.08673 | AF18: -493.49496 | AG18: -422.57321 | AH18: -487.12152 | AI18: -323.01146 | AJ18: -379.94824 | AK18: -317.12433 | AL18: -300.06409 | AM18: -266.90399 | AO18: -196.75113 | AP18: -140.95973 | AQ18: -142.64706 | AR18: -88.600098 | AS18: -135.84706 | AT18: -205.43173 | AU18: -485.97658 | AV18: -143.26721 | AW18: -1065.4313 | AX18: -1364.326 | AY18: -807.40869 | AZ18: -641.29022 | BA18: -589.92289 | BB18: -185.56741 | BC18: -264.96585 | BD18: -324.63434 | BE18: -303.95657 | BF18: -195.93527 | BG18: -546.90479 | BH18: -89.067299 | BI18: -125.61145 | BJ18: -127.63976 | BK18: -1009.6936 | BL18: -373.62885 | BM18: -329.00354 | BN18: -270.82013 | BO18: -253.63281 | BP18: -340.35126 | BQ18: -341.80386 | BR18: -290.08867 | BS18: -481.48799 | BT18: -264.21355 | BU18: -252.47263 | BV18: -185.02524 | BW18: -297.03244 | BX18: -226.03865 | BZ18: -78.892319 | CA18: -113.46965 | CB18: -75.422123 | CC18: -197.92558 | CD18: -115.43805
A19: =A18+10 -> 40 | B19: -4656.4746 | C19: -478.4819 | D19: -1540.9113 | E19: -1645.0181 | F19: -1896.6946 | G19: -881.79059 | H19: -1425.6462 | I19: -838.86823 | J19: -749.18256 | K19: -2265.1589 | L19: -477.9118 | M19: -1376.5006 | N19: -753.41852 | O19: -607.40216 | P19: -953.48688 | Q19: -840.83594 | R19: -666.32703 | S19: -400.26416 | T19: -324.79901 | U19: -431.85153 | V19: -457.19202 | W19: -258.10297 | X19: -402.88126 | Y19: -405.86627 | Z19: -370.11716 | AA19: -356.10107 | AB19: -348.46387 | AC19: -764.49896 | AD19: -500.44571 | AE19: -427.61899 | AF19: -360.99954 | AG19: -295.56424 | AH19: -319.30109 | AI19: -214.22779 | AJ19: -290.04645 | AK19: -248.35104 | AL19: -216.4332 | AM19: -204.85492 | AO19: -144.62318 | AP19: -90.687744 | AQ19: -104.14737 | AR19: -55.552689 | AS19: -106.99079 | AT19: -148.23588 | AU19: -365.0445 | AV19: -82.150658 | AW19: -820.33386 | AX19: -1030.5537 | AY19: -575.68488 | AZ19: -505.29065 | BA19: -455.95162 | BB19: -164.44008 | BC19: -167.32559 | BD19: -203.3912 | BE19: -229.34854 | BF19: -154.72267 | BG19: -437.56195 | BH19: -64.857704 | BI19: -95.278847 | BJ19: -93.124383 | BK19: -730.40099 | BL19: -267.01703 | BM19: -229.0715 | BN19: -132.93747 | BO19: -126.65548 | BP19: -219.35231 | BQ19: -225.15079 | BR19: -197.6628 | BS19: -334.62321 | BT19: -191.90771 | BU19: -200.74077 | BV19: -127.08911 | BW19: -216.38988 | BX19: -165.4942 | BZ19: -49.511337 | CA19: -66.074249 | CB19: -58.691062 | CC19: -185.23858 | CD19: -88.539479
A20: =A19+10 -> 50 | B20: -3251.8984 | C20: -339.95828 | D20: -907.97327 | E20: -947.44055 | F20: -1099.6511 | G20: -604.71869 | H20: -1116.3372 | I20: -565.50568 | J20: -408.6109 | K20: -1690.3848 | L20: -263.07452 | M20: -1067.0215 | N20: -522.22186 | O20: -324.52899 | P20: -563.71851 | Q20: -549.7464 | R20: -336.25064 | S20: -208.12439 | T20: -198.12004 | U20: -264.93109 | V20: -257.03717 | W20: -108.17475 | X20: -232.65549 | Y20: -227.55463 | Z20: -261.96286 | AA20: -240.83722 | AB20: -231.93523 | AC20: -554.12329 | AD20: -347.03006 | AE20: -240.67331 | AF20: -232.02791 | AG20: -164.74684 | AH20: -165.50941 | AI20: -127.44786 | AJ20: -210.06812 | AK20: -145.31926 | AL20: -135.28442 | AM20: -125.85539 | AO20: -88.84568 | AP20: -45.372005 | AQ20: -99.389832 | AR20: -34.672062 | AS20: -73.590683 | AT20: -88.748457 | AU20: -223.42817 | AV20: -25.683857 | AW20: -572.92242 | AX20: -724.44421 | AY20: -364.37021 | AZ20: -348.86316 | BA20: -307.08362 | BB20: -113.56882 | BC20: -77.726484 | BD20: -102.5919 | BE20: -171.2914 | BF20: -82.873199 | BG20: -310.09155 | BH20: -39.962303 | BI20: -60.910992 | BJ20: -60.714715 | BK20: -449.70571 | BL20: -152.04114 | BM20: -144.60802 | BN20: 26.010376 | BO20: -33.606064 | BP20: -110.65939 | BQ20: -97.324852 | BR20: -100.90076 | BS20: -180.07357 | BT20: -139.52366 | BU20: -156.84818 | BV20: -85.752678 | BW20: -149.1315 | BX20: -95.832199 | BZ20: -20.304924 | CA20: -21.300884 | CB20: -35.833464 | CC20: -145.71615 | CD20: -58.130121
A21: =A20+10 -> 60 | B21: -2144.499 | C21: -226.62744 | D21: -361.76648 | E21: -309.7634 | F21: -234.34177 | G21: -336.21637 | H21: -771.41589 | I21: -323.63321 | J21: 125.53793 | K21: -1124.3509 | L21: -94.210648 | M21: -689.79059 | N21: -269.62152 | O21: -108.61676 | P21: -190.11914 | Q21: -266.0282 | R21: -120.62405 | S21: -62.665543 | T21: -80.242416 | U21: -95.700935 | V21: -132.68298 | W21: 35.365913 | X21: -131.60333 | Y21: -124.2272 | Z21: -108.15429 | AA21: -97.196777 | AB21: -122.37541 | AC21: -320.85156 | AD21: -192.75871 | AE21: -73.873665 | AF21: -127.35618 | AG21: -105.31956 | AH21: -37.514481 | AI21: -35.239529 | AJ21: -126.35247 | AK21: -58.076553 | AL21: -59.786491 | AM21: -53.27367 | AO21: -47.432888 | AP21: -12.950897 | AQ21: -51.178986 | AR21: -18.038111 | AS21: -60.952614 | AT21: -31.461299 | AU21: -102.37182 | AV21: 8.3182931 | AW21: -323.84259 | AX21: -441.62469 | AY21: -176.47252 | AZ21: -219.06757 | BA21: -167.25689 | BB21: -60.4776 | BC21: -19.574495 | BD21: 15.356616 | BE21: -112.92509 | BG21: -178.84828 | BH21: -28.695969 | BI21: -32.347198 | BJ21: -32.180783 | BK21: -203.3766 | BL21: -45.921093 | BM21: -75.851341 | BN21: 104.33966 | BO21: 42.242783 | BP21: 39.705612 | BQ21: 54.804718 | BR21: -4.9272614 | BS21: -27.7149 | BT21: -60.756945 | BU21: -106.32626 | BV21: -24.890846 | BW21: -87.282547 | BX21: -63.460505 | BZ21: -17.59716 | CA21: 24.914406 | CB21: -18.451176 | CC21: -123.25751 | CD21: -30.464689
A22: =A21+10 -> 70 | B22: -1144.597 | C22: -140.51917 | D22: 147.92889 | E22: 229.37862 | F22: 770.33771 | G22: -104.55036 | H22: -501.40994 | I22: -111.70145 | J22: 97.837257 | K22: -664.05889 | L22: 72.979813 | M22: -357.76248 | N22: 84.477432 | O22: 162.68079 | P22: 142.36179 | Q22: 127.28312 | R22: 53.861313 | S22: 115.77434 | T22: 39.731842 | U22: 46.64534 | V22: 38.442307 | W22: 62.457634 | X22: -28.248993 | Y22: 72.75267 | Z22: 54.26025 | AA22: 99.445351 | AB22: 38.938988 | AC22: -157.32355 | AD22: -69.603775 | AE22: 190.94345 | AF22: 54.681156 | AG22: 38.411018 | AH22: 44.114105 | AI22: 17.28804 | AJ22: 36.345245 | AK22: -27.218323 | AL22: 24.330109 | AM22: -13.465996 | AO22: 68.208069 | AP22: 42.579643 | AQ22: 100.93701 | AR22: 38.260361 | AS22: 22.724548 | AT22: 3.383316 | AU22: 41.419144 | AV22: 49.835672 | AW22: 163.58641 | AX22: -184.34254 | AY22: 48.767746 | AZ22: -95.757034 | BA22: -65.934672 | BB22: 37.701508 | BC22: 18.957674 | BD22: 79.794044 | BE22: -33.097481 | BF22: 47.634369 | BG22: -72.145096 | BH22: 22.479187 | BI22: 24.392227 | BJ22: -3.9520264 | BK22: 37.882897 | BL22: 42.616535 | BM22: -25.841217 | BN22: 188.95267 | BO22: 82.328598 | BP22: 86.547409 | BQ22: 120.23207 | BR22: 103.87666 | BS22: 118.43167 | BT22: 25.111635 | BU22: -77.152359 | BV22: 28.859449 | BW22: -28.388851 | BX22: -7.7333037 | BZ22: 65.667252 | CA22: 62.647724 | CB22: 9.7026482 | CC22: -89.168938 | CD22: -9.5503025
A23: =A22+10 -> 80 | B23: -563.39227 | C23: -71.044319 | D23: 421.51035 | E23: 659.38458 | F23: 1423.1299 | G23: 145.27625 | H23: -206.27438 | I23: 76.319641 | J23: 407.4845 | K23: -216.50691 | L23: 193.70471 | M23: 130.40953 | N23: 299.97931 | O23: 349.74463 | P23: 426.1217 | Q23: 212.46526 | R23: 130.46928 | S23: 185.43141 | T23: 110.2263 | U23: 188.91554 | V23: 156.37274 | W23: 103.30631 | X23: 138.78418 | Y23: 148.06905 | Z23: 133.42284 | AA23: 160.06265 | AB23: 133.98877 | AC23: 23.070499 | AD23: 175.93195 | AE23: 370.5127 | AF23: 116.82287 | AG23: 96.877319 | AH23: 63.437653 | AI23: 84.98114 | AJ23: 44.84021 | AK23: 38.297745 | AL23: 72.15625 | AM23: 51.088264 | AO23: 94.566727 | AP23: 65.617554 | AQ23: -30.710976 | AR23: 48.629963 | AS23: 25.64521 | AT23: 61.042763 | AU23: 94.150963 | AV23: 81.961847 | AW23: 227.73148 | AX23: 70.731567 | AY23: 167.87643 | AZ23: 43.886215 | BA23: 75.752099 | BC23: 50.977127 | BD23: 113.49654 | BE23: -40.114674 | BF23: 67.999573 | BG23: 23.614853 | BH23: 21.469254 | BJ23: 26.016233 | BK23: 229.80464 | BL23: 95.75885 | BM23: -22.889008 | BN23: 236.95549 | BO23: 130.75975 | BP23: 127.19286 | BQ23: 199.90555 | BR23: 167.40284 | BS23: 221.79205 | BT23: 70.198331 | BU23: 31.928696 | BV23: 34.018841 | BW23: 46.612862 | BX23: 10.403308 | BZ23: 52.522919 | CA23: 92.819416 | CB23: 12.070749 | CC23: -50.691082 | CD23: 9.1638412
A24: =A23+10 -> 90 | B24: 845.79419 | C24: 45.613106 | K24: 144.39091 | M24: 277.07773 | AC24: 401.61145
A25: =A24+10 -> 100 | B25: 1512.0446 | C25: 88.855515 | K25: 402.32959 | M25: 527.48138 | AC25: 509.87943
A26: =A25+10 -> 110 | B26: 1961.4293 | C26: 134.55762 | K26: 616.82118 | M26: 645.25977 | AC26: 613.67719
A27: =A26+10 -> 120 | B27: 2262.9968
A28: 130 | B28: 2430.0552 | AR28: Recorded_in_AD293 | AV28: Recorded_in_AD293 | AY28: good_cancellation
A29: comment | F29: great_cancellation | BS29: good_cancellation

Sheet NormIV
A1: Collector | B1: =RawCurrent!B1 -> REdC | C1: =RawCurrent!C1 -> REdC | D1: =RawCurrent!D1 -> REdC | E1: =RawCurrent!E1 -> REdC | F1: =RawCurrent!F1 -> REdC | G1: =RawCurrent!G1 -> REdC | H1: =RawCurrent!H1 -> REdC | I1: =RawCurrent!I1 -> REdC | ... CD1: =RawCurrent!CD1 -> REdC
A2: Filename | B2: =RawCurrent!B2 -> WT1_REdC_IV_18704034 | C2: =RawCurrent!C2 -> WT2_REdC_IV_1.26.2018 WT cell 5 IV' | D2: =RawCurrent!D2 -> WT3_REdC_IV_17728035 Final | E2: =RawCurrent!E2 -> WT4_REdC_IV_18705015 | F2: =RawCurrent!F2 -> WT5_REdC_IV_17728025 Final | G2: =RawCurrent!G2 -> WT6_REdC_IV_wt iv final | H2: =RawCurrent!H2 -> WT7_REdC_IV_1.26.2018 | I2: =RawCurrent!I2 -> WT8_REdC_IV | ... CD2: =RawCurrent!CD2 -> LVNV21_REdC_IV_17615002.abf;LVNV4_REdC_IV_17615007.abf
A3: Capacitance_Tau*I_0 (picoFarads) | B3: =RawCurrent!B3 -> 6.3918005 | C3: =RawCurrent!C3 -> 3.1770135 | D3: =RawCurrent!D3 -> 12.816808 | E3: =RawCurrent!E3 -> 6.4393644 | F3: =RawCurrent!F3 -> 4.1415548 | G3: =RawCurrent!G3 -> 6.7330415 | H3: =RawCurrent!H3 -> 6.1017498 | I3: =RawCurrent!I3 -> 5.2679979 | ... CD3: =RawCurrent!CD3 -> 1.5789424
A4: Genotype | B4: =RawCurrent!B4 -> WT | C4: =RawCurrent!C4 -> WT | D4: =RawCurrent!D4 -> WT | E4: =RawCurrent!E4 -> WT | F4: =RawCurrent!F4 -> WT | G4: =RawCurrent!G4 -> WT | H4: =RawCurrent!H4 -> WT | I4: =RawCurrent!I4 -> WT | ... CD4: =RawCurrent!CD4 -> LVNV
A5: CellID | B5: =RawCurrent!B5 -> WT1 | C5: =RawCurrent!C5 -> WT2 | D5: =RawCurrent!D5 -> WT3 | E5: =RawCurrent!E5 -> WT4 | F5: =RawCurrent!F5 -> WT5 | G5: =RawCurrent!G5 -> WT6 | H5: =RawCurrent!H5 -> WT7 | I5: =RawCurrent!I5 -> WT8 | ... CD5: =RawCurrent!CD5 -> LVNV21
A6: Em (mV)
A7: -80 | B7: =IF(ISBLANK(RawCurrent!B7),"",-(RawCurrent!B7/MIN(RawCurrent!B$7:B$28))) -> 0.026898332 | C7: =IF(ISBLANK(RawCurrent!C7),"",-(RawCurrent!C7/MIN(RawCurrent!C$7:C$28))) -> -0.037751424 | D7: =IF(ISBLANK(RawCurrent!D7),"",-(RawCurrent!D7/MIN(RawCurrent!D$7:D$28))) -> 0.036527778 | E7: =IF(ISBLANK(RawCurrent!E7),"",-(RawCurrent!E7/MIN(RawCurrent!E$7:E$28))) -> -0.024639191 | F7: =IF(ISBLANK(RawCurrent!F7),"",-(RawCurrent!F7/MIN(RawCurrent!F$7:F$28))) -> 0.043795322 | G7: =IF(ISBLANK(RawCurrent!G7),"",-(RawCurrent!G7/MIN(RawCurrent!G$7:G$28))) -> 0.0086573748 | H7: =IF(ISBLANK(RawCurrent!H7),"",-(RawCurrent!H7/MIN(RawCurrent!H$7:H$28))) -> -0.0082486077 | I7: =IF(ISBLANK(RawCurrent!I7),"",-(RawCurrent!I7/MIN(RawCurrent!I$7:I$28))) -> 0.015261838 | ... CD7: =IF(ISBLANK(RawCurrent!CD7),"",-(RawCurrent!CD7/MIN(RawCurrent!CD$7:CD$28))) -> 0.0049072544
A8: =A7+10 -> -70 | B8: =IF(ISBLANK(RawCurrent!B8),"",-(RawCurrent!B8/MIN(RawCurrent!B$7:B$28))) -> -0.024204714 | C8: =IF(ISBLANK(RawCurrent!C8),"",-(RawCurrent!C8/MIN(RawCurrent!C$7:C$28))) -> 0.032739534 | D8: =IF(ISBLANK(RawCurrent!D8),"",-(RawCurrent!D8/MIN(RawCurrent!D$7:D$28))) -> 0.037800021 | E8: =IF(ISBLANK(RawCurrent!E8),"",-(RawCurrent!E8/MIN(RawCurrent!E$7:E$28))) -> -0.017521348 | F8: =IF(ISBLANK(RawCurrent!F8),"",-(RawCurrent!F8/MIN(RawCurrent!F$7:F$28))) -> 0.045177226 | G8: =IF(ISBLANK(RawCurrent!G8),"",-(RawCurrent!G8/MIN(RawCurrent!G$7:G$28))) -> 0.0069468973 | H8: =IF(ISBLANK(RawCurrent!H8),"",-(RawCurrent!H8/MIN(RawCurrent!H$7:H$28))) -> -0.010049072 | I8: =IF(ISBLANK(RawCurrent!I8),"",-(RawCurrent!I8/MIN(RawCurrent!I$7:I$28))) -> 0.022538373 | ... CD8: =IF(ISBLANK(RawCurrent!CD8),"",-(RawCurrent!CD8/MIN(RawCurrent!CD$7:CD$28))) -> 0.0039656124
A9: =A8+10 -> -60 | B9: =IF(ISBLANK(RawCurrent!B9),"",-(RawCurrent!B9/MIN(RawCurrent!B$7:B$28))) -> -0.022972838 | C9: =IF(ISBLANK(RawCurrent!C9),"",-(RawCurrent!C9/MIN(RawCurrent!C$7:C$28))) -> 0.045688693 | D9: =IF(ISBLANK(RawCurrent!D9),"",-(RawCurrent!D9/MIN(RawCurrent!D$7:D$28))) -> 0.045111469 | E9: =IF(ISBLANK(RawCurrent!E9),"",-(RawCurrent!E9/MIN(RawCurrent!E$7:E$28))) -> -0.013236277 | F9: =IF(ISBLANK(RawCurrent!F9),"",-(RawCurrent!F9/MIN(RawCurrent!F$7:F$28))) -> -0.043721367 | G9: =IF(ISBLANK(RawCurrent!G9),"",-(RawCurrent!G9/MIN(RawCurrent!G$7:G$28))) -> 0.010059949 | H9: =IF(ISBLANK(RawCurrent!H9),"",-(RawCurrent!H9/MIN(RawCurrent!H$7:H$28))) -> 0.0092871194 | I9: =IF(ISBLANK(RawCurrent!I9),"",-(RawCurrent!I9/MIN(RawCurrent!I$7:I$28))) -> 0.028551896 | ... CD9: =IF(ISBLANK(RawCurrent!CD9),"",-(RawCurrent!CD9/MIN(RawCurrent!CD$7:CD$28))) -> 0.04792383
A10: =A9+10 -> -50 | B10: =IF(ISBLANK(RawCurrent!B10),"",-(RawCurrent!B10/MIN(RawCurrent!B$7:B$28))) -> -0.031979033 | C10: =IF(ISBLANK(RawCurrent!C10),"",-(RawCurrent!C10/MIN(RawCurrent!C$7:C$28))) -> -0.054400475 | D10: =IF(ISBLANK(RawCurrent!D10),"",-(RawCurrent!D10/MIN(RawCurrent!D$7:D$28))) -> 0.04594552 | E10: =IF(ISBLANK(RawCurrent!E10),"",-(RawCurrent!E10/MIN(RawCurrent!E$7:E$28))) -> 0.018423017 | F10: =IF(ISBLANK(RawCurrent!F10),"",-(RawCurrent!F10/MIN(RawCurrent!F$7:F$28))) -> 0.039649626 | G10: =IF(ISBLANK(RawCurrent!G10),"",-(RawCurrent!G10/MIN(RawCurrent!G$7:G$28))) -> 0.010068902 | H10: =IF(ISBLANK(RawCurrent!H10),"",-(RawCurrent!H10/MIN(RawCurrent!H$7:H$28))) -> -0.010312495 | I10: =IF(ISBLANK(RawCurrent!I10),"",-(RawCurrent!I10/MIN(RawCurrent!I$7:I$28))) -> 0.035365675 | ... CD10: =IF(ISBLANK(RawCurrent!CD10),"",-(RawCurrent!CD10/MIN(RawCurrent!CD$7:CD$28))) -> 0.034863398
A11: =A10+10 -> -40 | B11: =IF(ISBLANK(RawCurrent!B11),"",-(RawCurrent!B11/MIN(RawCurrent!B$7:B$28))) -> -0.032947829 | C11: =IF(ISBLANK(RawCurrent!C11),"",-(RawCurrent!C11/MIN(RawCurrent!C$7:C$28))) -> -0.067771389 | D11: =IF(ISBLANK(RawCurrent!D11),"",-(RawCurrent!D11/MIN(RawCurrent!D$7:D$28))) -> 0.052465443 | E11: =IF(ISBLANK(RawCurrent!E11),"",-(RawCurrent!E11/MIN(RawCurrent!E$7:E$28))) -> 0.021939159 | F11: =IF(ISBLANK(RawCurrent!F11),"",-(RawCurrent!F11/MIN(RawCurrent!F$7:F$28))) -> -0.038881525 | G11: =IF(ISBLANK(RawCurrent!G11),"",-(RawCurrent!G11/MIN(RawCurrent!G$7:G$28))) -> -0.020392541 | H11: =IF(ISBLANK(RawCurrent!H11),"",-(RawCurrent!H11/MIN(RawCurrent!H$7:H$28))) -> -0.0085164908 | I11: =IF(ISBLANK(RawCurrent!I11),"",-(RawCurrent!I11/MIN(RawCurrent!I$7:I$28))) -> 0.037573667 | ... CD11: =IF(ISBLANK(RawCurrent!CD11),"",-(RawCurrent!CD11/MIN(RawCurrent!CD$7:CD$28))) -> 0.056792532
A12: =A11+10 -> -30 | B12: =IF(ISBLANK(RawCurrent!B12),"",-(RawCurrent!B12/MIN(RawCurrent!B$7:B$28))) -> -0.079330805 | C12: =IF(ISBLANK(RawCurrent!C12),"",-(RawCurrent!C12/MIN(RawCurrent!C$7:C$28))) -> -0.3025628 | D12: =IF(ISBLANK(RawCurrent!D12),"",-(RawCurrent!D12/MIN(RawCurrent!D$7:D$28))) -> 0.039789961 | E12: =IF(ISBLANK(RawCurrent!E12),"",-(RawCurrent!E12/MIN(RawCurrent!E$7:E$28))) -> -0.060939941 | F12: =IF(ISBLANK(RawCurrent!F12),"",-(RawCurrent!F12/MIN(RawCurrent!F$7:F$28))) -> -0.082291322 | G12: =IF(ISBLANK(RawCurrent!G12),"",-(RawCurrent!G12/MIN(RawCurrent!G$7:G$28))) -> -0.23802254 | H12: =IF(ISBLANK(RawCurrent!H12),"",-(RawCurrent!H12/MIN(RawCurrent!H$7:H$28))) -> -0.028422207 | I12: =IF(ISBLANK(RawCurrent!I12),"",-(RawCurrent!I12/MIN(RawCurrent!I$7:I$28))) -> -0.23291629 | ... CD12: =IF(ISBLANK(RawCurrent!CD12),"",-(RawCurrent!CD12/MIN(RawCurrent!CD$7:CD$28))) -> -0.097300945
A13: =A12+10 -> -20 | B13: =IF(ISBLANK(RawCurrent!B13),"",-(RawCurrent!B13/MIN(RawCurrent!B$7:B$28))) -> -0.33802113 | C13: =IF(ISBLANK(RawCurrent!C13),"",-(RawCurrent!C13/MIN(RawCurrent!C$7:C$28))) -> -0.73789054 | D13: =IF(ISBLANK(RawCurrent!D13),"",-(RawCurrent!D13/MIN(RawCurrent!D$7:D$28))) -> -0.39589638 | E13: =IF(ISBLANK(RawCurrent!E13),"",-(RawCurrent!E13/MIN(RawCurrent!E$7:E$28))) -> -0.38051189 | F13: =IF(ISBLANK(RawCurrent!F13),"",-(RawCurrent!F13/MIN(RawCurrent!F$7:F$28))) -> -0.35216534 | G13: =IF(ISBLANK(RawCurrent!G13),"",-(RawCurrent!G13/MIN(RawCurrent!G$7:G$28))) -> -0.93307968 | H13: =IF(ISBLANK(RawCurrent!H13),"",-(RawCurrent!H13/MIN(RawCurrent!H$7:H$28))) -> -0.14231897 | I13: =IF(ISBLANK(RawCurrent!I13),"",-(RawCurrent!I13/MIN(RawCurrent!I$7:I$28))) -> -0.94391694 | ... CD13: =IF(ISBLANK(RawCurrent!CD13),"",-(RawCurrent!CD13/MIN(RawCurrent!CD$7:CD$28))) -> -0.26847354
A14: =A13+10 -> -10 | B14: =IF(ISBLANK(RawCurrent!B14),"",-(RawCurrent!B14/MIN(RawCurrent!B$7:B$28))) -> -0.72599301 | C14: =IF(ISBLANK(RawCurrent!C14),"",-(RawCurrent!C14/MIN(RawCurrent!C$7:C$28))) -> -0.93498753 | D14: =IF(ISBLANK(RawCurrent!D14),"",-(RawCurrent!D14/MIN(RawCurrent!D$7:D$28))) -> -0.92311044 | E14: =IF(ISBLANK(RawCurrent!E14),"",-(RawCurrent!E14/MIN(RawCurrent!E$7:E$28))) -> -0.83359814 | F14: =IF(ISBLANK(RawCurrent!F14),"",-(RawCurrent!F14/MIN(RawCurrent!F$7:F$28))) -> -0.8026739 | G14: =IF(ISBLANK(RawCurrent!G14),"",-(RawCurrent!G14/MIN(RawCurrent!G$7:G$28))) -> -1 | H14: =IF(ISBLANK(RawCurrent!H14),"",-(RawCurrent!H14/MIN(RawCurrent!H$7:H$28))) -> -0.54715962 | I14: =IF(ISBLANK(RawCurrent!I14),"",-(RawCurrent!I14/MIN(RawCurrent!I$7:I$28))) -> -1 | ... CD14: =IF(ISBLANK(RawCurrent!CD14),"",-(RawCurrent!CD14/MIN(RawCurrent!CD$7:CD$28))) -> -0.55302713
A15: =A14+10 -> 0 | B15: =IF(ISBLANK(RawCurrent!B15),"",-(RawCurrent!B15/MIN(RawCurrent!B$7:B$28))) -> -0.96441799 | C15: =IF(ISBLANK(RawCurrent!C15),"",-(RawCurrent!C15/MIN(RawCurrent!C$7:C$28))) -> -1 | D15: =IF(ISBLANK(RawCurrent!D15),"",-(RawCurrent!D15/MIN(RawCurrent!D$7:D$28))) -> -0.93661485 | E15: =IF(ISBLANK(RawCurrent!E15),"",-(RawCurrent!E15/MIN(RawCurrent!E$7:E$28))) -> -1 | F15: =IF(ISBLANK(RawCurrent!F15),"",-(RawCurrent!F15/MIN(RawCurrent!F$7:F$28))) -> -0.8956217 | G15: =IF(ISBLANK(RawCurrent!G15),"",-(RawCurrent!G15/MIN(RawCurrent!G$7:G$28))) -> -0.89753846 | H15: =IF(ISBLANK(RawCurrent!H15),"",-(RawCurrent!H15/MIN(RawCurrent!H$7:H$28))) -> -0.90283724 | I15: =IF(ISBLANK(RawCurrent!I15),"",-(RawCurrent!I15/MIN(RawCurrent!I$7:I$28))) -> -0.92212474 | ... CD15: =IF(ISBLANK(RawCurrent!CD15),"",-(RawCurrent!CD15/MIN(RawCurrent!CD$7:CD$28))) -> -0.84205182
A16: =A15+10 -> 10 | B16: =IF(ISBLANK(RawCurrent!B16),"",-(RawCurrent!B16/MIN(RawCurrent!B$7:B$28))) -> -1 | C16: =IF(ISBLANK(RawCurrent!C16),"",-(RawCurrent!C16/MIN(RawCurrent!C$7:C$28))) -> -0.91474034 | D16: =IF(ISBLANK(RawCurrent!D16),"",-(RawCurrent!D16/MIN(RawCurrent!D$7:D$28))) -> -1 | E16: =IF(ISBLANK(RawCurrent!E16),"",-(RawCurrent!E16/MIN(RawCurrent!E$7:E$28))) -> -0.93176498 | F16: =IF(ISBLANK(RawCurrent!F16),"",-(RawCurrent!F16/MIN(RawCurrent!F$7:F$28))) -> -1 | G16: =IF(ISBLANK(RawCurrent!G16),"",-(RawCurrent!G16/MIN(RawCurrent!G$7:G$28))) -> -0.81194213 | H16: =IF(ISBLANK(RawCurrent!H16),"",-(RawCurrent!H16/MIN(RawCurrent!H$7:H$28))) -> -1 | I16: =IF(ISBLANK(RawCurrent!I16),"",-(RawCurrent!I16/MIN(RawCurrent!I$7:I$28))) -> -0.83446703 | ... CD16: =IF(ISBLANK(RawCurrent!CD16),"",-(RawCurrent!CD16/MIN(RawCurrent!CD$7:CD$28))) -> -1
A17: =A16+10 -> 20 | B17: =IF(ISBLANK(RawCurrent!B17),"",-(RawCurrent!B17/MIN(RawCurrent!B$7:B$28))) -> -0.92989244 | C17: =IF(ISBLANK(RawCurrent!C17),"",-(RawCurrent!C17/MIN(RawCurrent!C$7:C$28))) -> -0.78773153 | D17: =IF(ISBLANK(RawCurrent!D17),"",-(RawCurrent!D17/MIN(RawCurrent!D$7:D$28))) -> -0.89342522 | E17: =IF(ISBLANK(RawCurrent!E17),"",-(RawCurrent!E17/MIN(RawCurrent!E$7:E$28))) -> -0.79821 | F17: =IF(ISBLANK(RawCurrent!F17),"",-(RawCurrent!F17/MIN(RawCurrent!F$7:F$28))) -> -0.9250131 | G17: =IF(ISBLANK(RawCurrent!G17),"",-(RawCurrent!G17/MIN(RawCurrent!G$7:G$28))) -> -0.68295245 | H17: =IF(ISBLANK(RawCurrent!H17),"",-(RawCurrent!H17/MIN(RawCurrent!H$7:H$28))) -> -0.96789002 | I17: =IF(ISBLANK(RawCurrent!I17),"",-(RawCurrent!I17/MIN(RawCurrent!I$7:I$28))) -> -0.70235557 | ... CD17: =IF(ISBLANK(RawCurrent!CD17),"",-(RawCurrent!CD17/MIN(RawCurrent!CD$7:CD$28))) -> -0.98818807
A18: =A17+10 -> 30 | B18: =IF(ISBLANK(RawCurrent!B18),"",-(RawCurrent!B18/MIN(RawCurrent!B$7:B$28))) -> -0.80192221 | C18: =IF(ISBLANK(RawCurrent!C18),"",-(RawCurrent!C18/MIN(RawCurrent!C$7:C$28))) -> -0.64318437 | D18: =IF(ISBLANK(RawCurrent!D18),"",-(RawCurrent!D18/MIN(RawCurrent!D$7:D$28))) -> -0.71771579 | E18: =IF(ISBLANK(RawCurrent!E18),"",-(RawCurrent!E18/MIN(RawCurrent!E$7:E$28))) -> -0.61708633 | F18: =IF(ISBLANK(RawCurrent!F18),"",-(RawCurrent!F18/MIN(RawCurrent!F$7:F$28))) -> -0.75565394 | G18: =IF(ISBLANK(RawCurrent!G18),"",-(RawCurrent!G18/MIN(RawCurrent!G$7:G$28))) -> -0.55146813 | H18: =IF(ISBLANK(RawCurrent!H18),"",-(RawCurrent!H18/MIN(RawCurrent!H$7:H$28))) -> -0.85400959 | I18: =IF(ISBLANK(RawCurrent!I18),"",-(RawCurrent!I18/MIN(RawCurrent!I$7:I$28))) -> -0.56086032 | ... CD18: =IF(ISBLANK(RawCurrent!CD18),"",-(RawCurrent!CD18/MIN(RawCurrent!CD$7:CD$28))) -> -0.7977435
A19: =A18+10 -> 40 | B19: =IF(ISBLANK(RawCurrent!B19),"",-(RawCurrent!B19/MIN(RawCurrent!B$7:B$28))) -> -0.6565583 | C19: =IF(ISBLANK(RawCurrent!C19),"",-(RawCurrent!C19/MIN(RawCurrent!C$7:C$28))) -> -0.47431939 | D19: =IF(ISBLANK(RawCurrent!D19),"",-(RawCurrent!D19/MIN(RawCurrent!D$7:D$28))) -> -0.50517786 | E19: =IF(ISBLANK(RawCurrent!E19),"",-(RawCurrent!E19/MIN(RawCurrent!E$7:E$28))) -> -0.42222852 | F19: =IF(ISBLANK(RawCurrent!F19),"",-(RawCurrent!F19/MIN(RawCurrent!F$7:F$28))) -> -0.53365251 | G19: =IF(ISBLANK(RawCurrent!G19),"",-(RawCurrent!G19/MIN(RawCurrent!G$7:G$28))) -> -0.43347315 | H19: =IF(ISBLANK(RawCurrent!H19),"",-(RawCurrent!H19/MIN(RawCurrent!H$7:H$28))) -> -0.70682135 | I19: =IF(ISBLANK(RawCurrent!I19),"",-(RawCurrent!I19/MIN(RawCurrent!I$7:I$28))) -> -0.42298274 | ... CD19: =IF(ISBLANK(RawCurrent!CD19),"",-(RawCurrent!CD19/MIN(RawCurrent!CD$7:CD$28))) -> -0.61185886
... A23: =A22+10 -> 80 | B23: =IF(ISBLANK(RawCurrent!B23),"",-(RawCurrent!B23/MIN(RawCurrent!B$7:B$28))) -> -0.079437751 | C23: =IF(ISBLANK(RawCurrent!C23),"",-(RawCurrent!C23/MIN(RawCurrent!C$7:C$28))) -> -0.070426275 | D23: =IF(ISBLANK(RawCurrent!D23),"",-(RawCurrent!D23/MIN(RawCurrent!D$7:D$28))) -> 0.13818946 | E23: =IF(ISBLANK(RawCurrent!E23),"",-(RawCurrent!E23/MIN(RawCurrent!E$7:E$28))) -> 0.16924493 | F23: =IF(ISBLANK(RawCurrent!F23),"",-(RawCurrent!F23/MIN(RawCurrent!F$7:F$28))) -> 0.40041072 | G23: =IF(ISBLANK(RawCurrent!G23),"",-(RawCurrent!G23/MIN(RawCurrent!G$7:G$28))) -> 0.071415314 | H23: =IF(ISBLANK(RawCurrent!H23),"",-(RawCurrent!H23/MIN(RawCurrent!H$7:H$28))) -> -0.10226881 | I23: =IF(ISBLANK(RawCurrent!I23),"",-(RawCurrent!I23/MIN(RawCurrent!I$7:I$28))) -> 0.038482672 | ... CD23: =IF(ISBLANK(RawCurrent!CD23),"",-(RawCurrent!CD23/MIN(RawCurrent!CD$7:CD$28))) -> 0.063327427
A24: =A23+10 -> 90 | B24: =IF(ISBLANK(RawCurrent!B24),"",-(RawCurrent!B24/MIN(RawCurrent!B$7:B$28))) -> 0.11925614 | C24: =IF(ISBLANK(RawCurrent!C24),"",-(RawCurrent!C24/MIN(RawCurrent!C$7:C$28))) -> 0.045216299 | K24: =IF(ISBLANK(RawCurrent!K24),"",-(RawCurrent!K24/MIN(RawCurrent!K$7:K$28))) -> 0.038817029 | M24: =IF(ISBLANK(RawCurrent!M24),"",-(RawCurrent!M24/MIN(RawCurrent!M$7:M$28))) -> 0.10496864 | AC24: =IF(ISBLANK(RawCurrent!AC24),"",-(RawCurrent!AC24/MIN(RawCurrent!AC$7:AC$28))) -> 0.25448934
A25: =A24+10 -> 100 | B25: =IF(ISBLANK(RawCurrent!B25),"",-(RawCurrent!B25/MIN(RawCurrent!B$7:B$28))) -> 0.21319678 | C25: =IF(ISBLANK(RawCurrent!C25),"",-(RawCurrent!C25/MIN(RawCurrent!C$7:C$28))) -> 0.088082524 | K25: =IF(ISBLANK(RawCurrent!K25),"",-(RawCurrent!K25/MIN(RawCurrent!K$7:K$28))) -> 0.10815944 | M25: =IF(ISBLANK(RawCurrent!M25),"",-(RawCurrent!M25/MIN(RawCurrent!M$7:M$28))) -> 0.19983203 | AC25: =IF(ISBLANK(RawCurrent!AC25),"",-(RawCurrent!AC25/MIN(RawCurrent!AC$7:AC$28))) -> 0.32309556
A26: =A25+10 -> 110 | B26: =IF(ISBLANK(RawCurrent!B26),"",-(RawCurrent!B26/MIN(RawCurrent!B$7:B$28))) -> 0.27655959 | C26: =IF(ISBLANK(RawCurrent!C26),"",-(RawCurrent!C26/MIN(RawCurrent!C$7:C$28))) -> 0.13338704 | K26: =IF(ISBLANK(RawCurrent!K26),"",-(RawCurrent!K26/MIN(RawCurrent!K$7:K$28))) -> 0.16582184 | M26: =IF(ISBLANK(RawCurrent!M26),"",-(RawCurrent!M26/MIN(RawCurrent!M$7:M$28))) -> 0.24445141 | AC26: =IF(ISBLANK(RawCurrent!AC26),"",-(RawCurrent!AC26/MIN(RawCurrent!AC$7:AC$28))) -> 0.38886914
A27: =A26+10 -> 120 | B27: =IF(ISBLANK(RawCurrent!B27),"",-(RawCurrent!B27/MIN(RawCurrent!B$7:B$28))) -> 0.31908031
A28: 130 | B28: =IF(ISBLANK(RawCurrent!B28),"",-(RawCurrent!B28/MIN(RawCurrent!B$7:B$28))) -> 0.34263537
A29: comment | F29: Great_cancellation | AY29: Great_cancellation | BS29: Great_cancellation

Sheet BLcorrectedCurrent
A1: Collector | B1: =RawCurrent!B1 -> REdC | C1: =RawCurrent!C1 -> REdC | D1: =RawCurrent!D1 -> REdC | E1: =RawCurrent!E1 -> REdC | F1: =RawCurrent!F1 -> REdC | G1: =RawCurrent!G1 -> REdC | H1: =RawCurrent!H1 -> REdC | I1: =RawCurrent!I1 -> REdC | ... CD1: =RawCurrent!CD1 -> REdC
A2: Filename | B2: =RawCurrent!B2 -> WT1_REdC_IV_18704034 | C2: =RawCurrent!C2 -> WT2_REdC_IV_1.26.2018 WT cell 5 IV' | D2: =RawCurrent!D2 -> WT3_REdC_IV_17728035 Final | E2: =RawCurrent!E2 -> WT4_REdC_IV_18705015 | F2: =RawCurrent!F2 -> WT5_REdC_IV_17728025 Final | G2: =RawCurrent!G2 -> WT6_REdC_IV_wt iv final | H2: =RawCurrent!H2 -> WT7_REdC_IV_1.26.2018 | I2: =RawCurrent!I2 -> WT8_REdC_IV | ... CD2: =RawCurrent!CD2 -> LVNV21_REdC_IV_17615002.abf;LVNV4_REdC_IV_17615007.abf
A3: Capacitance_Tau*I_0 (picoFarads) | B3: =RawCurrent!B3 -> 6.3918005 | C3: =RawCurrent!C3 -> 3.1770135 | D3: =RawCurrent!D3 -> 12.816808 | E3: =RawCurrent!E3 -> 6.4393644 | F3: =RawCurrent!F3 -> 4.1415548 | G3: =RawCurrent!G3 -> 6.7330415 | H3: =RawCurrent!H3 -> 6.1017498 | I3: =RawCurrent!I3 -> 5.2679979 | ... CD3: =RawCurrent!CD3 -> 1.5789424
A4: Genotype | B4: =RawCurrent!B4 -> WT | C4: =RawCurrent!C4 -> WT | D4: =RawCurrent!D4 -> WT | E4: =RawCurrent!E4 -> WT | F4: =RawCurrent!F4 -> WT | G4: =RawCurrent!G4 -> WT | H4: =RawCurrent!H4 -> WT | I4: =RawCurrent!I4 -> WT | ... CD4: =RawCurrent!CD4 -> LVNV
A5: CellID | B5: =RawCurrent!B5 -> WT1 | C5: =RawCurrent!C5 -> WT2 | D5: =RawCurrent!D5 -> WT3 | E5: =RawCurrent!E5 -> WT4 | F5: =RawCurrent!F5 -> WT5 | G5: =RawCurrent!G5 -> WT6 | H5: =RawCurrent!H5 -> WT7 | I5: =RawCurrent!I5 -> WT8 | ... CD5: =RawCurrent!CD5 -> LVNV21
A6: Em (mV) | CE6: Em | CF6: =CONCATENATE("WT_N_=_",COUNT(B7:AQ7,AS7:AU7)) -> WT_N_=_45 | CG6: =CONCATENATE("WTsem_N_=_",COUNT(B7:AQ7,AS7:AU7)) -> WTsem_N_=_45 | CH6: =CONCATENATE("EPN_N_=_",COUNT(AW7:BJ7)) -> EPN_N_=_12 | CI6: =CONCATENATE("EPN_N_=_",COUNT(AW7:BJ7)) -> EPN_N_=_12 | CJ6: =CONCATENATE("LVNV_N_=_",COUNT(BK7:CD7)) -> LVNV_N_=_20 | CK6: =CONCATENATE("LVNVsem_N_=_",COUNT(BK7:CD7)) -> LVNVsem_N_=_20 | CL6: =CONCATENATE("WT_N_=_",COUNT(H7:BB7)) -> WT_N_=_46 | CM6: =CONCATENATE("WTsem_N_=_",COUNT(H7:BB7)) -> WTsem_N_=_46 | CN6: =CONCATENATE("EPN_N_=_",COUNT(BC7:BP7)) -> EPN_N_=_13 | CO6: =CONCATENATE("EPN_N_=_",COUNT(BC7:BP7)) -> EPN_N_=_13 | CP6: =CONCATENATE("LVNV_N_=_",COUNT(BQ7:CJ7)) -> LVNV_N_=_20 | CQ6: =CONCATENATE("LVNVsem_N_=_",COUNT(BQ7:CJ7)) -> LVNVsem_N_=_20 | CR6: Wtmed | CS6: WTQ3 | CT6: WTQ1 | CU6: EPNmed | CV6: EPNQ3 | CW6: EPNQ1 | CX6: LVNVmed | CY6: LVNVQ3 | CZ6: LVNVQ1 | DA6: Wtmed | DB6: WTQ3 | DC6: WTQ1 | DD6: EPNmed | DE6: EPNQ3 | DF6: EPNQ1 | DG6: LVNVmed | DH6: LVNVQ3 | DI6: LVNVQ1
A7: -80 | B7: =IF(ISBLANK(RawCurrent!B7),"",IF(AVERAGE(RawCurrent!B$7:B$10)>0,(RawCurrent!B7+MEDIAN(RawCurrent!B$7:B$10)),(RawCurrent!B7-MEDIAN(RawCurrent!B$7:B$10)))) -> 358.06712 | C7: =IF(ISBLANK(RawCurrent!C7),"",IF(AVERAGE(RawCurrent!C$7:C$10)>0,(RawCurrent!C7+MEDIAN(RawCurrent!C$7:C$10)),(RawCurrent!C7-MEDIAN(RawCurrent!C$7:C$10)))) -> -35.554785 | D7: =IF(ISBLANK(RawCurrent!D7),"",IF(AVERAGE(RawCurrent!D$7:D$10)>0,(RawCurrent!D7+MEDIAN(RawCurrent!D$7:D$10)),(RawCurrent!D7-MEDIAN(RawCurrent!D$7:D$10)))) -> 237.86808 | E7: =IF(ISBLANK(RawCurrent!E7),"",IF(AVERAGE(RawCurrent!E$7:E$10)>0,(RawCurrent!E7+MEDIAN(RawCurrent!E$7:E$10)),(RawCurrent!E7-MEDIAN(RawCurrent!E$7:E$10)))) -> -36.078781 | F7: =IF(ISBLANK(RawCurrent!F7),"",IF(AVERAGE(RawCurrent!F$7:F$10)>0,(RawCurrent!F7+MEDIAN(RawCurrent!F$7:F$10)),(RawCurrent!F7-MEDIAN(RawCurrent!F$7:F$10)))) -> 303.94524 | G7: =IF(ISBLANK(RawCurrent!G7),"",IF(AVERAGE(RawCurrent!G$7:G$10)>0,(RawCurrent!G7+MEDIAN(RawCurrent!G$7:G$10)),(RawCurrent!G7-MEDIAN(RawCurrent!G$7:G$10)))) -> 36.649033 | H7: =IF(ISBLANK(RawCurrent!H7),"",IF(AVERAGE(RawCurrent!H$7:H$10)>0,(RawCurrent!H7+MEDIAN(RawCurrent!H$7:H$10)),(RawCurrent!H7-MEDIAN(RawCurrent!H$7:H$10)))) -> 1.815752 | I7: =IF(ISBLANK(RawCurrent!I7),"",IF(AVERAGE(RawCurrent!I$7:I$10)>0,(RawCurrent!I7+MEDIAN(RawCurrent!I$7:I$10)),(RawCurrent!I7-MEDIAN(RawCurrent!I$7:I$10)))) -> 80.929243 | ... BA7: =IF(ISBLANK(RawCurrent!BA7),"",IF(AVERAGE(RawCurrent!BA$7:BA$10)>0,(RawCurrent!BA7+MEDIAN(RawCurrent!BA$7:BA$10)),(RawCurrent!BA7-MEDIAN(RawCurrent!BA$7:BA$10)))) -> 0.73891894 | BC7: =IF(ISBLANK(RawCurrent!BC7),"",IF(AVERAGE(RawCurrent!BC$7:BC$10)>0,(RawCurrent!BC7+MEDIAN(RawCurrent!BC$7:BC$10)),(RawCurrent!BC7-MEDIAN(RawCurrent!BC$7:BC$10)))) -> 2.6525269 | BD7: =IF(ISBLANK(RawCurrent!BD7),"",IF(AVERAGE(RawCurrent!BD$7:BD$10)>0,(RawCurrent!BD7+MEDIAN(RawCurrent!BD$7:BD$10)),(RawCurrent!BD7-MEDIAN(RawCurrent!BD$7:BD$10)))) -> 39.26544 | BF7: =IF(ISBLANK(RawCurrent!BF7),"",IF(AVERAGE(RawCurrent!BF$7:BF$10)>0,(RawCurrent!BF7+MEDIAN(RawCurrent!BF$7:BF$10)),(RawCurrent!BF7-MEDIAN(RawCurrent!BF$7:BF$10)))) -> 26.514543 | BG7: =IF(ISBLANK(RawCurrent!BG7),"",IF(AVERAGE(RawCurrent!BG$7:BG$10)>0,(RawCurrent!BG7+MEDIAN(RawCurrent!BG$7:BG$10)),(RawCurrent!BG7-MEDIAN(RawCurrent!BG$7:BG$10)))) -> 62.801134 | BH7: =IF(ISBLANK(RawCurrent!BH7),"",IF(AVERAGE(RawCurrent!BH$7:BH$10)>0,(RawCurrent!BH7+MEDIAN(RawCurrent!BH$7:BH$10)),(RawCurrent!BH7-MEDIAN(RawCurrent!BH$7:BH$10)))) -> 2.0717392 | BI7: =IF(ISBLANK(RawCurrent!BI7),"",IF(AVERAGE(RawCurrent!BI$7:BI$10)>0,(RawCurrent!BI7+MEDIAN(RawCurrent!BI$7:BI$10)),(RawCurrent!BI7-MEDIAN(RawCurrent!BI$7:BI$10)))) -> 49.398852 | BJ7: =IF(ISBLANK(RawCurrent!BJ7),"",IF(AVERAGE(RawCurrent!BJ$7:BJ$10)>0,(RawCurrent!BJ7+MEDIAN(RawCurrent!BJ$7:BJ$10)),(RawCurrent!BJ7-MEDIAN(RawCurrent!BJ$7:BJ$10)))) -> 2.0446777 | BK7: =IF(ISBLANK(RawCurrent!BK7),"",IF(AVERAGE(RawCurrent!BK$7:BK$10)>0,(RawCurrent!BK7+MEDIAN(RawCurrent!BK$7:BK$10)),(RawCurrent!BK7-MEDIAN(RawCurrent!BK$7:BK$10)))) -> -13.243905 | BL7: =IF(ISBLANK(RawCurrent!BL7),"",IF(AVERAGE(RawCurrent!BL$7:BL$10)>0,(RawCurrent!BL7+MEDIAN(RawCurrent!BL$7:BL$10)),(RawCurrent!BL7-MEDIAN(RawCurrent!BL$7:BL$10)))) -> 8.7299576 | BM7: =IF(ISBLANK(RawCurrent!BM7),"",IF(AVERAGE(RawCurrent!BM$7:BM$10)>0,(RawCurrent!BM7+MEDIAN(RawCurrent!BM$7:BM$10)),(RawCurrent!BM7-MEDIAN(RawCurrent!BM$7:BM$10)))) -> -9.052021 | ... CD7: =IF(ISBLANK(RawCurrent!CD7),"",IF(AVERAGE(RawCurrent!CD$7:CD$10)>0,(RawCurrent!CD7+MEDIAN(RawCurrent!CD$7:CD$10)),(RawCurrent!CD7-MEDIAN(RawCurrent!CD$7:CD$10)))) -> 3.5876284 | CE7: -80 | CF7: =AVERAGE(B7:AQ7,AS7:AU7) -> 33.903575 | CG7: =STDEV(B7:AQ7,AS7:AU7)/SQRT(COUNT(B7:AQ7,AS7:AU7)) -> 11.880782 | CH7: =AVERAGE(AW7:BJ7) -> 24.853917 | CI7: =STDEV((AW7:BJ7))/SQRT(COUNT(AW7:BJ7)) -> 10.250119 | CJ7: =AVERAGE(BK7:CD7) -> 11.773745 | CK7: =STDEV(BK7:CD7)/SQRT(COUNT(BK7:CD7)) -> 4.3150183 | CL7: =IF(AVERAGE(CF$7:CF$10)>0,(CF7-MEDIAN(CF$7:CF$10)),(CF7+MEDIAN(CF$7:CF$10))) -> 1.2170514 | CM7: 12.775597 | CN7: =IF(AVERAGE(CH$7:CH$10)>0,(CH7-MEDIAN(CH$7:CH$10)),(CH7+MEDIAN(CH$7:CH$10))) -> 2.3935486 | CO7: 10.250119 | CP7: =IF(AVERAGE(CJ$7:CJ$10)>0,(CJ7-MEDIAN(CJ$7:CJ$10)),(CJ7+MEDIAN(CJ$7:CJ$10))) -> -0.93083286 | CQ7: 4.3150183 | CR7: =MEDIAN((B7:AQ7,AS7:AU7)) -> 14.662992 | CS7: =_xlfn.QUARTILE.EXC((B7:AQ7,AS7:AU7),3) -> 42.233067 | CT7: =_xlfn.QUARTILE.EXC((B7:AQ7,AS7:AU7),1) -> -1.537838 | CU7: =MEDIAN(AW7:BJ7) -> 25.035025 | CV7: =_xlfn.QUARTILE.EXC((AW7:BJ7),3) -> 46.865499 | CW7: =_xlfn.QUARTILE.EXC((AW7:BJ7),1) -> 2.0514431 | CX7: =MEDIAN(BK7:CD7) -> 4.069613 | CY7: =_xlfn.QUARTILE.EXC((BK7:CD7),3) -> 25.207599 | CZ7: =_xlfn.QUARTILE.EXC((BK7:CD7),1) -> 0.044898346 | DA7: =IF(AVERAGE($CR$7:$CR$10)>0,(CR7-MEDIAN($CR$7:$CR$10)),(CR7+MEDIAN($CR$7:$CR$10))) -> -0.993922 | DB7: =IF(AVERAGE($CR$7:$CR$10)>0,(CS7-MEDIAN($CR$7:$CR$10)),(CS7+MEDIAN($CR$7:$CR$10))) -> 26.576153 | DC7: =IF(AVERAGE($CR$7:$CR$10)>0,(CT7-MEDIAN($CR$7:$CR$10)),(CT7+MEDIAN($CR$7:$CR$10))) -> -17.194752 | DD7: =IF(AVERAGE($CU$7:$CU$10)>0,(CU7-MEDIAN($CU$7:$CU$10)),(CU7+MEDIAN($CU$7:$CU$10))) -> 10.436798 | DE7: =IF(AVERAGE($CU$7:$CU$10)>0,(CV7-MEDIAN($CU$7:$CU$10)),(CV7+MEDIAN($CU$7:$CU$10))) -> 32.267272 | DF7: =IF(AVERAGE($CU$7:$CU$10)>0,(CW7-MEDIAN($CU$7:$CU$10)),(CW7+MEDIAN($CU$7:$CU$10))) -> -12.546784 | DG7: =IF(AVERAGE($CX$7:$CX$10)>0,(CX7-MEDIAN($CX$7:$CX$10)),(CX7+MEDIAN($CX$7:$CX$10))) -> -4.5313661 | DH7: =IF(AVERAGE($CX$7:$CX$10)>0,(CY7-MEDIAN($CX$7:$CX$10)),(CY7+MEDIAN($CX$7:$CX$10))) -> 16.60662 | DI7: =IF(AVERAGE($CX$7:$CX$10)>0,(CZ7-MEDIAN($CX$7:$CX$10)),(CZ7+MEDIAN($CX$7:$CX$10))) -> -8.5560807
A8: =A7+10 -> -70 | B8: =IF(ISBLANK(RawCurrent!B8),"",IF(AVERAGE(RawCurrent!B$7:B$10)>0,(RawCurrent!B8+MEDIAN(RawCurrent!B$7:B$10)),(RawCurrent!B8-MEDIAN(RawCurrent!B$7:B$10)))) -> -4.3683853 | C8: =IF(ISBLANK(RawCurrent!C8),"",IF(AVERAGE(RawCurrent!C$7:C$10)>0,(RawCurrent!C8+MEDIAN(RawCurrent!C$7:C$10)),(RawCurrent!C8-MEDIAN(RawCurrent!C$7:C$10)))) -> 35.554785 | D8: =IF(ISBLANK(RawCurrent!D8),"",IF(AVERAGE(RawCurrent!D$7:D$10)>0,(RawCurrent!D8+MEDIAN(RawCurrent!D$7:D$10)),(RawCurrent!D8-MEDIAN(RawCurrent!D$7:D$10)))) -> 241.74872 | E8: =IF(ISBLANK(RawCurrent!E8),"",IF(AVERAGE(RawCurrent!E$7:E$10)>0,(RawCurrent!E8+MEDIAN(RawCurrent!E$7:E$10)),(RawCurrent!E8-MEDIAN(RawCurrent!E$7:E$10)))) -> -8.3473969 | F8: =IF(ISBLANK(RawCurrent!F8),"",IF(AVERAGE(RawCurrent!F$7:F$10)>0,(RawCurrent!F8+MEDIAN(RawCurrent!F$7:F$10)),(RawCurrent!F8-MEDIAN(RawCurrent!F$7:F$10)))) -> 308.85677 | G8: =IF(ISBLANK(RawCurrent!G8),"",IF(AVERAGE(RawCurrent!G$7:G$10)>0,(RawCurrent!G8+MEDIAN(RawCurrent!G$7:G$10)),(RawCurrent!G8-MEDIAN(RawCurrent!G$7:G$10)))) -> 33.169502 | H8: =IF(ISBLANK(RawCurrent!H8),"",IF(AVERAGE(RawCurrent!H$7:H$10)>0,(RawCurrent!H8+MEDIAN(RawCurrent!H$7:H$10)),(RawCurrent!H8-MEDIAN(RawCurrent!H$7:H$10)))) -> -1.815752 | I8: =IF(ISBLANK(RawCurrent!I8),"",IF(AVERAGE(RawCurrent!I$7:I$10)>0,(RawCurrent!I8+MEDIAN(RawCurrent!I$7:I$10)),(RawCurrent!I8-MEDIAN(RawCurrent!I$7:I$10)))) -> 95.36022 | ... BA8: =IF(ISBLANK(RawCurrent!BA8),"",IF(AVERAGE(RawCurrent!BA$7:BA$10)>0,(RawCurrent!BA8+MEDIAN(RawCurrent!BA$7:BA$10)),(RawCurrent!BA8-MEDIAN(RawCurrent!BA$7:BA$10)))) -> -0.73891894 | BC8: =IF(ISBLANK(RawCurrent!BC8),"",IF(AVERAGE(RawCurrent!BC$7:BC$10)>0,(RawCurrent!BC8+MEDIAN(RawCurrent!BC$7:BC$10)),(RawCurrent!BC8-MEDIAN(RawCurrent!BC$7:BC$10)))) -> -1.099144 | BD8: =IF(ISBLANK(RawCurrent!BD8),"",IF(AVERAGE(RawCurrent!BD$7:BD$10)>0,(RawCurrent!BD8+MEDIAN(RawCurrent!BD$7:BD$10)),(RawCurrent!BD8-MEDIAN(RawCurrent!BD$7:BD$10)))) -> -11.006969 | BE8: =IF(ISBLANK(RawCurrent!BE8),"",IF(AVERAGE(RawCurrent!BE$7:BE$10)>0,(RawCurrent!BE8+MEDIAN(RawCurrent!BE$7:BE$10)),(RawCurrent!BE8-MEDIAN(RawCurrent!BE$7:BE$10)))) -> 3.1663742 | BF8: =IF(ISBLANK(RawCurrent!BF8),"",IF(AVERAGE(RawCurrent!BF$7:BF$10)>0,(RawCurrent!BF8+MEDIAN(RawCurrent!BF$7:BF$10)),(RawCurrent!BF8-MEDIAN(RawCurrent!BF$7:BF$10)))) -> 34.008926 | BG8: =IF(ISBLANK(RawCurrent!BG8),"",IF(AVERAGE(RawCurrent!BG$7:BG$10)>0,(RawCurrent!BG8+MEDIAN(RawCurrent!BG$7:BG$10)),(RawCurrent!BG8-MEDIAN(RawCurrent!BG$7:BG$10)))) -> -6.4871368 | BH8: =IF(ISBLANK(RawCurrent!BH8),"",IF(AVERAGE(RawCurrent!BH$7:BH$10)>0,(RawCurrent!BH8+MEDIAN(RawCurrent!BH$7:BH$10)),(RawCurrent!BH8-MEDIAN(RawCurrent!BH$7:BH$10)))) -> 0.19348907 | BI8: =IF(ISBLANK(RawCurrent!BI8),"",IF(AVERAGE(RawCurrent!BI$7:BI$10)>0,(RawCurrent!BI8+MEDIAN(RawCurrent!BI$7:BI$10)),(RawCurrent!BI8-MEDIAN(RawCurrent!BI$7:BI$10)))) -> 31.543592 | BJ8: =IF(ISBLANK(RawCurrent!BJ8),"",IF(AVERAGE(RawCurrent!BJ$7:BJ$10)>0,(RawCurrent!BJ8+MEDIAN(RawCurrent!BJ$7:BJ$10)),(RawCurrent!BJ8-MEDIAN(RawCurrent!BJ$7:BJ$10)))) -> -1.4343262 | ... CD8: =IF(ISBLANK(RawCurrent!CD8),"",IF(AVERAGE(RawCurrent!CD$7:CD$10)>0,(RawCurrent!CD8+MEDIAN(RawCurrent!CD$7:CD$10)),(RawCurrent!CD8-MEDIAN(RawCurrent!CD$7:CD$10)))) -> 3.4513674 | CE8: =CE7+10 -> -70 | CF8: =AVERAGE(B8:AQ8,AS8:AU8) -> 39.464384 | CG8: =STDEV(B8:AQ8,AS8:AU8)/SQRT(COUNT(B8:AQ8,AS8:AU8)) -> 8.875456 | CH8: =AVERAGE(AW8:BJ8) -> 20.066819 | CI8: =STDEV((AW8:BJ8))/SQRT(COUNT(AW8:BJ8)) -> 9.5914829 | CJ8: =AVERAGE(BK8:CD8) -> 10.442927 | CK8: =STDEV(BK8:CD8)/SQRT(COUNT(BK8:CD8)) -> 5.3006542 | CL8: =IF(AVERAGE(CF$7:CF$10)>0,(CF8-MEDIAN(CF$7:CF$10)),(CF8+MEDIAN(CF$7:CF$10))) -> 6.7778604 | CM8: 10.264985 | CN8: =IF(AVERAGE(CH$7:CH$10)>0,(CH8-MEDIAN(CH$7:CH$10)),(CH8+MEDIAN(CH$7:CH$10))) -> -2.3935486 | CO8: 9.5914829 | CP8: =IF(AVERAGE(CJ$7:CJ$10)>0,(CJ8-MEDIAN(CJ$7:CJ$10)),(CJ8+MEDIAN(CJ$7:CJ$10))) -> -2.2616508 | CQ8: 5.3006542 | CR8: =MEDIAN((B8:AQ8,AS8:AU8)) -> 31.81546 | CS8: =_xlfn.QUARTILE.EXC((B8:AQ8,AS8:AU8),3) -> 49.040265 | CT8: =_xlfn.QUARTILE.EXC((B8:AQ8,AS8:AU8),1) -> 1.9502783 | CU8: =MEDIAN(AW8:BJ8) -> 3.1663742 | CV8: =_xlfn.QUARTILE.EXC((AW8:BJ8),3) -> 32.776259 | CW8: =_xlfn.QUARTILE.EXC((AW8:BJ8),1) -> -1.2667351 | CX8: =MEDIAN(BK8:CD8) -> 7.6155081 | CY8: =_xlfn.QUARTILE.EXC((BK8:CD8),3) -> 24.90323 | CZ8: =_xlfn.QUARTILE.EXC((BK8:CD8),1) -> -4.2862775 | DA8: =IF(AVERAGE($CR$7:$CR$10)>0,(CR8-MEDIAN($CR$7:$CR$10)),(CR8+MEDIAN($CR$7:$CR$10))) -> 16.158546 | DB8: =IF(AVERAGE($CR$7:$CR$10)>0,(CS8-MEDIAN($CR$7:$CR$10)),(CS8+MEDIAN($CR$7:$CR$10))) -> 33.383351 | DC8: =IF(AVERAGE($CR$7:$CR$10)>0,(CT8-MEDIAN($CR$7:$CR$10)),(CT8+MEDIAN($CR$7:$CR$10))) -> -13.706636 | DD8: =IF(AVERAGE($CU$7:$CU$10)>0,(CU8-MEDIAN($CU$7:$CU$10)),(CU8+MEDIAN($CU$7:$CU$10))) -> -11.431853 | DE8: =IF(AVERAGE($CU$7:$CU$10)>0,(CV8-MEDIAN($CU$7:$CU$10)),(CV8+MEDIAN($CU$7:$CU$10))) -> 18.178032 | DF8: =IF(AVERAGE($CU$7:$CU$10)>0,(CW8-MEDIAN($CU$7:$CU$10)),(CW8+MEDIAN($CU$7:$CU$10))) -> -15.864962 | DG8: =IF(AVERAGE($CX$7:$CX$10)>0,(CX8-MEDIAN($CX$7:$CX$10)),(CX8+MEDIAN($CX$7:$CX$10))) -> -0.98547101 | DH8: =IF(AVERAGE($CX$7:$CX$10)>0,(CY8-MEDIAN($CX$7:$CX$10)),(CY8+MEDIAN($CX$7:$CX$10))) -> 16.302251 | DI8: =IF(AVERAGE($CX$7:$CX$10)>0,(CZ8-MEDIAN($CX$7:$CX$10)),(CZ8+MEDIAN($CX$7:$CX$10))) -> -12.887257
A9: =A8+10 -> -60 | B9: =IF(ISBLANK(RawCurrent!B9),"",IF(AVERAGE(RawCurrent!B$7:B$10)>0,(RawCurrent!B9+MEDIAN(RawCurrent!B$7:B$10)),(RawCurrent!B9-MEDIAN(RawCurrent!B$7:B$10)))) -> 4.3683853 | C9: =IF(ISBLANK(RawCurrent!C9),"",IF(AVERAGE(RawCurrent!C$7:C$10)>0,(RawCurrent!C9+MEDIAN(RawCurrent!C$7:C$10)),(RawCurrent!C9-MEDIAN(RawCurrent!C$7:C$10)))) -> 48.617582 | D9: =IF(ISBLANK(RawCurrent!D9),"",IF(AVERAGE(RawCurrent!D$7:D$10)>0,(RawCurrent!D9+MEDIAN(RawCurrent!D$7:D$10)),(RawCurrent!D9-MEDIAN(RawCurrent!D$7:D$10)))) -> 264.05035 | E9: =IF(ISBLANK(RawCurrent!E9),"",IF(AVERAGE(RawCurrent!E$7:E$10)>0,(RawCurrent!E9+MEDIAN(RawCurrent!E$7:E$10)),(RawCurrent!E9-MEDIAN(RawCurrent!E$7:E$10)))) -> 8.3473969 | F9: =IF(ISBLANK(RawCurrent!F9),"",IF(AVERAGE(RawCurrent!F$7:F$10)>0,(RawCurrent!F9+MEDIAN(RawCurrent!F$7:F$10)),(RawCurrent!F9-MEDIAN(RawCurrent!F$7:F$10)))) -> -7.1044159 | G9: =IF(ISBLANK(RawCurrent!G9),"",IF(AVERAGE(RawCurrent!G$7:G$10)>0,(RawCurrent!G9+MEDIAN(RawCurrent!G$7:G$10)),(RawCurrent!G9-MEDIAN(RawCurrent!G$7:G$10)))) -> 39.502213 | H9: =IF(ISBLANK(RawCurrent!H9),"",IF(AVERAGE(RawCurrent!H$7:H$10)>0,(RawCurrent!H9+MEDIAN(RawCurrent!H$7:H$10)),(RawCurrent!H9-MEDIAN(RawCurrent!H$7:H$10)))) -> 37.185005 | I9: =IF(ISBLANK(RawCurrent!I9),"",IF(AVERAGE(RawCurrent!I$7:I$10)>0,(RawCurrent!I9+MEDIAN(RawCurrent!I$7:I$10)),(RawCurrent!I9-MEDIAN(RawCurrent!I$7:I$10)))) -> 107.28636 | ... BA9: =IF(ISBLANK(RawCurrent!BA9),"",IF(AVERAGE(RawCurrent!BA$7:BA$10)>0,(RawCurrent!BA9+MEDIAN(RawCurrent!BA$7:BA$10)),(RawCurrent!BA9-MEDIAN(RawCurrent!BA$7:BA$10)))) -> -2.3186003 | BC9: =IF(ISBLANK(RawCurrent!BC9),"",IF(AVERAGE(RawCurrent!BC$7:BC$10)>0,(RawCurrent!BC9+MEDIAN(RawCurrent!BC$7:BC$10)),(RawCurrent!BC9-MEDIAN(RawCurrent!BC$7:BC$10)))) | BD9: =IF(ISBLANK(RawCurrent!BD9),"",IF(AVERAGE(RawCurrent!BD$7:BD$10)>0,(RawCurrent!BD9+MEDIAN(RawCurrent!BD$7:BD$10)),(RawCurrent!BD9-MEDIAN(RawCurrent!BD$7:BD$10)))) -> -16.313242 | BE9: =IF(ISBLANK(RawCurrent!BE9),"",IF(AVERAGE(RawCurrent!BE$7:BE$10)>0,(RawCurrent!BE9+MEDIAN(RawCurrent!BE$7:BE$10)),(RawCurrent!BE9-MEDIAN(RawCurrent!BE$7:BE$10)))) -> 0 | BF9: =IF(ISBLANK(RawCurrent!BF9),"",IF(AVERAGE(RawCurrent!BF$7:BF$10)>0,(RawCurrent!BF9+MEDIAN(RawCurrent!BF$7:BF$10)),(RawCurrent!BF9-MEDIAN(RawCurrent!BF$7:BF$10)))) -> 34.269348 | BG9: =IF(ISBLANK(RawCurrent!BG9),"",IF(AVERAGE(RawCurrent!BG$7:BG$10)>0,(RawCurrent!BG9+MEDIAN(RawCurrent!BG$7:BG$10)),(RawCurrent!BG9-MEDIAN(RawCurrent!BG$7:BG$10)))) -> 4.4471264 | BH9: =IF(ISBLANK(RawCurrent!BH9),"",IF(AVERAGE(RawCurrent!BH$7:BH$10)>0,(RawCurrent!BH9+MEDIAN(RawCurrent!BH$7:BH$10)),(RawCurrent!BH9-MEDIAN(RawCurrent!BH$7:BH$10)))) -> -0.19348907 | BI9: =IF(ISBLANK(RawCurrent!BI9),"",IF(AVERAGE(RawCurrent!BI$7:BI$10)>0,(RawCurrent!BI9+MEDIAN(RawCurrent!BI$7:BI$10)),(RawCurrent!BI9-MEDIAN(RawCurrent!BI$7:BI$10)))) -> 35.684907 | BJ9: =IF(ISBLANK(RawCurrent!BJ9),"",IF(AVERAGE(RawCurrent!BJ$7:BJ$10)>0,(RawCurrent!BJ9+MEDIAN(RawCurrent!BJ$7:BJ$10)),(RawCurrent!BJ9-MEDIAN(RawCurrent!BJ$7:BJ$10)))) -> 3.8757324 | ... CD9: =IF(ISBLANK(RawCurrent!CD9),"",IF(AVERAGE(RawCurrent!CD$7:CD$10)>0,(RawCurrent!CD9+MEDIAN(RawCurrent!CD$7:CD$10)),(RawCurrent!CD9-MEDIAN(RawCurrent!CD$7:CD$10)))) -> 9.8123732 | CE9: =CE8+10 -> -60 | CF9: =AVERAGE(B9:AQ9,AS9:AU9) -> 23.688228 | CG9: =STDEV(B9:AQ9,AS9:AU9)/SQRT(COUNT(B9:AQ9,AS9:AU9)) -> 7.3526707 | CH9: =AVERAGE(AW9:BJ9) -> 16.82674 | CI9: =STDEV((AW9:BJ9))/SQRT(COUNT(AW9:BJ9)) -> 11.108368 | CJ9: =AVERAGE(BK9:CD9) -> 13.635411 | CK9: =STDEV(BK9:CD9)/SQRT(COUNT(BK9:CD9)) -> 4.268087 | CL9: =IF(AVERAGE(CF$7:CF$10)>0,(CF9-MEDIAN(CF$7:CF$10)),(CF9+MEDIAN(CF$7:CF$10))) -> -8.9982957 | CM9: 7.0737991 | CN9: =IF(AVERAGE(CH$7:CH$10)>0,(CH9-MEDIAN(CH$7:CH$10)),(CH9+MEDIAN(CH$7:CH$10))) -> -5.6336285 | CO9: 11.108368 | CP9: =IF(AVERAGE(CJ$7:CJ$10)>0,(CJ9-MEDIAN(CJ$7:CJ$10)),(CJ9+MEDIAN(CJ$7:CJ$10))) -> 0.93083286 | CQ9: 4.268087 | CR9: =MEDIAN((B9:AQ9,AS9:AU9)) -> 12.845483 | CS9: =_xlfn.QUARTILE.EXC((B9:AQ9,AS9:AU9),3) -> 39.749088 | CT9: =_xlfn.QUARTILE.EXC((B9:AQ9,AS9:AU9),1) -> -6.4295087 | CU9: =MEDIAN(AW9:BJ9) -> 4.1614294 | CV9: =_xlfn.QUARTILE.EXC((AW9:BJ9),3) -> 35.281586 | CW9: =_xlfn.QUARTILE.EXC((AW9:BJ9),1) -> -1.7873225 | CX9: =MEDIAN(BK9:CD9) -> 9.5864501 | CY9: =_xlfn.QUARTILE.EXC((BK9:CD9),3) -> 24.181723 | CZ9: =_xlfn.QUARTILE.EXC((BK9:CD9),1) -> -0.73788263 | DA9: =IF(AVERAGE($CR$7:$CR$10)>0,(CR9-MEDIAN($CR$7:$CR$10)),(CR9+MEDIAN($CR$7:$CR$10))) -> -2.8114316 | DB9: =IF(AVERAGE($CR$7:$CR$10)>0,(CS9-MEDIAN($CR$7:$CR$10)),(CS9+MEDIAN($CR$7:$CR$10))) -> 24.092174 | DC9: =IF(AVERAGE($CR$7:$CR$10)>0,(CT9-MEDIAN($CR$7:$CR$10)),(CT9+MEDIAN($CR$7:$CR$10))) -> -22.086423 | DD9: =IF(AVERAGE($CU$7:$CU$10)>0,(CU9-MEDIAN($CU$7:$CU$10)),(CU9+MEDIAN($CU$7:$CU$10))) -> -10.436798 | DE9: =IF(AVERAGE($CU$7:$CU$10)>0,(CV9-MEDIAN($CU$7:$CU$10)),(CV9+MEDIAN($CU$7:$CU$10))) -> 20.683359 | DF9: =IF(AVERAGE($CU$7:$CU$10)>0,(CW9-MEDIAN($CU$7:$CU$10)),(CW9+MEDIAN($CU$7:$CU$10))) -> -16.38555 | DG9: =IF(AVERAGE($CX$7:$CX$10)>0,(CX9-MEDIAN($CX$7:$CX$10)),(CX9+MEDIAN($CX$7:$CX$10))) -> 0.98547101 | DH9: =IF(AVERAGE($CX$7:$CX$10)>0,(CY9-MEDIAN($CX$7:$CX$10)),(CY9+MEDIAN($CX$7:$CX$10))) -> 15.580744 | DI9: =IF(AVERAGE($CX$7:$CX$10)>0,(CZ9-MEDIAN($CX$7:$CX$10)),(CZ9+MEDIAN($CX$7:$CX$10))) -> -9.3388617
A10: =A9+10 -> -50 | B10: =IF(ISBLANK(RawCurrent!B10),"",IF(AVERAGE(RawCurrent!B$7:B$10)>0,(RawCurrent!B10+MEDIAN(RawCurrent!B$7:B$10)),(RawCurrent!B10-MEDIAN(RawCurrent!B$7:B$10)))) -> -59.505791 | C10: =IF(ISBLANK(RawCurrent!C10),"",IF(AVERAGE(RawCurrent!C$7:C$10)>0,(RawCurrent!C10+MEDIAN(RawCurrent!C$7:C$10)),(RawCurrent!C10-MEDIAN(RawCurrent!C$7:C$10)))) -> -52.349943 | D10: =IF(ISBLANK(RawCurrent!D10),"",IF(AVERAGE(RawCurrent!D$7:D$10)>0,(RawCurrent!D10+MEDIAN(RawCurrent!D$7:D$10)),(RawCurrent!D10-MEDIAN(RawCurrent!D$7:D$10)))) -> 266.59441 | E10: =IF(ISBLANK(RawCurrent!E10),"",IF(AVERAGE(RawCurrent!E$7:E$10)>0,(RawCurrent!E10+MEDIAN(RawCurrent!E$7:E$10)),(RawCurrent!E10-MEDIAN(RawCurrent!E$7:E$10)))) -> 131.69319 | F10: =IF(ISBLANK(RawCurrent!F10),"",IF(AVERAGE(RawCurrent!F$7:F$10)>0,(RawCurrent!F10+MEDIAN(RawCurrent!F$7:F$10)),(RawCurrent!F10-MEDIAN(RawCurrent!F$7:F$10)))) -> 289.21071 | G10: =IF(ISBLANK(RawCurrent!G10),"",IF(AVERAGE(RawCurrent!G$7:G$10)>0,(RawCurrent!G10+MEDIAN(RawCurrent!G$7:G$10)),(RawCurrent!G10-MEDIAN(RawCurrent!G$7:G$10)))) -> 39.520424 | H10: =IF(ISBLANK(RawCurrent!H10),"",IF(AVERAGE(RawCurrent!H$7:H$10)>0,(RawCurrent!H10+MEDIAN(RawCurrent!H$7:H$10)),(RawCurrent!H10-MEDIAN(RawCurrent!H$7:H$10)))) -> -2.3470726 | I10: =IF(ISBLANK(RawCurrent!I10),"",IF(AVERAGE(RawCurrent!I$7:I$10)>0,(RawCurrent!I10+MEDIAN(RawCurrent!I$7:I$10)),(RawCurrent!I10-MEDIAN(RawCurrent!I$7:I$10)))) -> 120.79959 | ... BA10: =IF(ISBLANK(RawCurrent!BA10),"",IF(AVERAGE(RawCurrent!BA$7:BA$10)>0,(RawCurrent!BA10+MEDIAN(RawCurrent!BA$7:BA$10)),(RawCurrent!BA10-MEDIAN(RawCurrent!BA$7:BA$10)))) -> 2.1934821 | BC10: =IF(ISBLANK(RawCurrent!BC10),"",IF(AVERAGE(RawCurrent!BC$7:BC$10)>0,(RawCurrent!BC10+MEDIAN(RawCurrent!BC$7:BC$10)),(RawCurrent!BC10-MEDIAN(RawCurrent!BC$7:BC$10)))) -> 0 | BD10: =IF(ISBLANK(RawCurrent!BD10),"",IF(AVERAGE(RawCurrent!BD$7:BD$10)>0,(RawCurrent!BD10+MEDIAN(RawCurrent!BD$7:BD$10)),(RawCurrent!BD10-MEDIAN(RawCurrent!BD$7:BD$10)))) -> 28.818974 | BE10: =IF(ISBLANK(RawCurrent!BE10),"",IF(AVERAGE(RawCurrent!BE$7:BE$10)>0,(RawCurrent!BE10+MEDIAN(RawCurrent!BE$7:BE$10)),(RawCurrent!BE10-MEDIAN(RawCurrent!BE$7:BE$10)))) -> -4.7882347 | BF10: =IF(ISBLANK(RawCurrent!BF10),"",IF(AVERAGE(RawCurrent!BF$7:BF$10)>0,(RawCurrent!BF10+MEDIAN(RawCurrent!BF$7:BF$10)),(RawCurrent!BF10-MEDIAN(RawCurrent!BF$7:BF$10)))) -> 42.233223 | BG10: =IF(ISBLANK(RawCurrent!BG10),"",IF(AVERAGE(RawCurrent!BG$7:BG$10)>0,(RawCurrent!BG10+MEDIAN(RawCurrent!BG$7:BG$10)),(RawCurrent!BG10-MEDIAN(RawCurrent!BG$7:BG$10)))) -> -4.4471264 | BH10: =IF(ISBLANK(RawCurrent!BH10),"",IF(AVERAGE(RawCurrent!BH$7:BH$10)>0,(RawCurrent!BH10+MEDIAN(RawCurrent!BH$7:BH$10)),(RawCurrent!BH10-MEDIAN(RawCurrent!BH$7:BH$10)))) -> -3.641655 | BI10: =IF(ISBLANK(RawCurrent!BI10),"",IF(AVERAGE(RawCurrent!BI$7:BI$10)>0,(RawCurrent!BI10+MEDIAN(RawCurrent!BI$7:BI$10)),(RawCurrent!BI10-MEDIAN(RawCurrent!BI$7:BI$10)))) -> 38.532466 | BK10: =IF(ISBLANK(RawCurrent!BK10),"",IF(AVERAGE(RawCurrent!BK$7:BK$10)>0,(RawCurrent!BK10+MEDIAN(RawCurrent!BK$7:BK$10)),(RawCurrent!BK10-MEDIAN(RawCurrent!BK$7:BK$10)))) -> 25.019082 | BL10: =IF(ISBLANK(RawCurrent!BL10),"",IF(AVERAGE(RawCurrent!BL$7:BL$10)>0,(RawCurrent!BL10+MEDIAN(RawCurrent!BL$7:BL$10)),(RawCurrent!BL10-MEDIAN(RawCurrent!BL$7:BL$10)))) -> 11.485031 | BM10: =IF(ISBLANK(RawCurrent!BM10),"",IF(AVERAGE(RawCurrent!BM$7:BM$10)>0,(RawCurrent!BM10+MEDIAN(RawCurrent!BM$7:BM$10)),(RawCurrent!BM10-MEDIAN(RawCurrent!BM$7:BM$10)))) -> 15.607037 | BN10: =IF(ISBLANK(RawCurrent!BN10),"",IF(AVERAGE(RawCurrent!BN$7:BN$10)>0,(RawCurrent!BN10+MEDIAN(RawCurrent!BN$7:BN$10)),(RawCurrent!BN10-MEDIAN(RawCurrent!BN$7:BN$10)))) -> 66.9739 | BO10: =IF(ISBLANK(RawCurrent!BO10),"",IF(AVERAGE(RawCurrent!BO$7:BO$10)>0,(RawCurrent!BO10+MEDIAN(RawCurrent!BO$7:BO$10)),(RawCurrent!BO10-MEDIAN(RawCurrent!BO$7:BO$10)))) -> 50.752199 | BP10: =IF(ISBLANK(RawCurrent!BP10),"",IF(AVERAGE(RawCurrent!BP$7:BP$10)>0,(RawCurrent!BP10+MEDIAN(RawCurrent!BP$7:BP$10)),(RawCurrent!BP10-MEDIAN(RawCurrent!BP$7:BP$10)))) -> 50.697464 | BQ10: =IF(ISBLANK(RawCurrent!BQ10),"",IF(AVERAGE(RawCurrent!BQ$7:BQ$10)>0,(RawCurrent!BQ10+MEDIAN(RawCurrent!BQ$7:BQ$10)),(RawCurrent!BQ10-MEDIAN(RawCurrent!BQ$7:BQ$10)))) -> 14.161319 | BR10: =IF(ISBLANK(RawCurrent!BR10),"",IF(AVERAGE(RawCurrent!BR$7:BR$10)>0,(RawCurrent!BR10+MEDIAN(RawCurrent!BR$7:BR$10)),(RawCurrent!BR10-MEDIAN(RawCurrent!BR$7:BR$10)))) -> 23.210847 | ... BT10: =IF(ISBLANK(RawCurrent!BT10),"",IF(AVERAGE(RawCurrent!BT$7:BT$10)>0,(RawCurrent!BT10+MEDIAN(RawCurrent!BT$7:BT$10)),(RawCurrent!BT10-MEDIAN(RawCurrent!BT$7:BT$10)))) -> 13.82689 | BV10: =IF(ISBLANK(RawCurrent!BV10),"",IF(AVERAGE(RawCurrent!BV$7:BV$10)>0,(RawCurrent!BV10+MEDIAN(RawCurrent!BV$7:BV$10)),(RawCurrent!BV10-MEDIAN(RawCurrent!BV$7:BV$10)))) -> 3.0281467 | BW10: =IF(ISBLANK(RawCurrent!BW10),"",IF(AVERAGE(RawCurrent!BW$7:BW$10)>0,(RawCurrent!BW10+MEDIAN(RawCurrent!BW$7:BW$10)),(RawCurrent!BW10-MEDIAN(RawCurrent!BW$7:BW$10)))) -> 26.259132 | BX10: =IF(ISBLANK(RawCurrent!BX10),"",IF(AVERAGE(RawCurrent!BX$7:BX$10)>0,(RawCurrent!BX10+MEDIAN(RawCurrent!BX$7:BX$10)),(RawCurrent!BX10-MEDIAN(RawCurrent!BX$7:BX$10)))) -> 0.14361796 | BY10: =IF(ISBLANK(RawCurrent!BY10),"",IF(AVERAGE(RawCurrent!BY$7:BY$10)>0,(RawCurrent!BY10+MEDIAN(RawCurrent!BY$7:BY$10)),(RawCurrent!BY10-MEDIAN(RawCurrent!BY$7:BY$10)))) -> -1.4092407 | BZ10: =IF(ISBLANK(RawCurrent!BZ10),"",IF(AVERAGE(RawCurrent!BZ$7:BZ$10)>0,(RawCurrent!BZ10+MEDIAN(RawCurrent!BZ$7:BZ$10)),(RawCurrent!BZ10-MEDIAN(RawCurrent!BZ$7:BZ$10)))) -> 23.55706 | CA10: =IF(ISBLANK(RawCurrent!CA10),"",IF(AVERAGE(RawCurrent!CA$7:CA$10)>0,(RawCurrent!CA10+MEDIAN(RawCurrent!CA$7:CA$10)),(RawCurrent!CA10-MEDIAN(RawCurrent!CA$7:CA$10)))) -> 12.978355 | CB10: =IF(ISBLANK(RawCurrent!CB10),"",IF(AVERAGE(RawCurrent!CB$7:CB$10)>0,(RawCurrent!CB10+MEDIAN(RawCurrent!CB$7:CB$10)),(RawCurrent!CB10-MEDIAN(RawCurrent!CB$7:CB$10)))) -> 2.2590585 | CC10: =IF(ISBLANK(RawCurrent!CC10),"",IF(AVERAGE(RawCurrent!CC$7:CC$10)>0,(RawCurrent!CC10+MEDIAN(RawCurrent!CC$7:CC$10)),(RawCurrent!CC10-MEDIAN(RawCurrent!CC$7:CC$10)))) -> 32.583116 | CD10: =IF(ISBLANK(RawCurrent!CD10),"",IF(AVERAGE(RawCurrent!CD$7:CD$10)>0,(RawCurrent!CD10+MEDIAN(RawCurrent!CD$7:CD$10)),(RawCurrent!CD10-MEDIAN(RawCurrent!CD$7:CD$10)))) -> 7.9224539 | CE10: =CE9+10 -> -50 | CF10: =AVERAGE(B10:AQ10,AS10:AU10) -> 31.469472 | CG10: =STDEV(B10:AQ10,AS10:AU10)/SQRT(COUNT(B10:AQ10,AS10:AU10)) -> 9.8739196 | CH10: =AVERAGE(AW10:BJ10) -> 27.702751 | CI10: =STDEV((AW10:BJ10))/SQRT(COUNT(AW10:BJ10)) -> 9.957158 | CJ10: =AVERAGE(BK10:CD10) -> 19.870368 | CK10: =STDEV(BK10:CD10)/SQRT(COUNT(BK10:CD10)) -> 4.3988159 | CL10: =IF(AVERAGE(CF$7:CF$10)>0,(CF10-MEDIAN(CF$7:CF$10)),(CF10+MEDIAN(CF$7:CF$10))) -> -1.2170514 | CM10: 10.958401 | CN10: =IF(AVERAGE(CH$7:CH$10)>0,(CH10-MEDIAN(CH$7:CH$10)),(CH10+MEDIAN(CH$7:CH$10))) -> 5.2423831 | CO10: 9.957158 | CP10: =IF(AVERAGE(CJ$7:CJ$10)>0,(CJ10-MEDIAN(CJ$7:CJ$10)),(CJ10+MEDIAN(CJ$7:CJ$10))) -> 7.16579 | CQ10: 4.3988159 | CR10: =MEDIAN((B10:AQ10,AS10:AU10)) -> 16.650836 | CS10: =_xlfn.QUARTILE.EXC((B10:AQ10,AS10:AU10),3) -> 41.37526 | CT10: =_xlfn.QUARTILE.EXC((B10:AQ10,AS10:AU10),1) -> -3.5949042 | CU10: =MEDIAN(AW10:BJ10) -> 29.044862 | CV10: =_xlfn.QUARTILE.EXC((AW10:BJ10),3) -> 41.308034 | CW10: =_xlfn.QUARTILE.EXC((AW10:BJ10),1) -> -2.7312412 | CX10: =MEDIAN(BK10:CD10) -> 14.161319 | CY10: =_xlfn.QUARTILE.EXC((BK10:CD10),3) -> 26.259132 | CZ10: =_xlfn.QUARTILE.EXC((BK10:CD10),1) -> 3.0281467 | DA10: =IF(AVERAGE($CR$7:$CR$10)>0,(CR10-MEDIAN($CR$7:$CR$10)),(CR10+MEDIAN($CR$7:$CR$10))) -> 0.993922 | DB10: =IF(AVERAGE($CR$7:$CR$10)>0,(CS10-MEDIAN($CR$7:$CR$10)),(CS10+MEDIAN($CR$7:$CR$10))) -> 25.718346 | DC10: =IF(AVERAGE($CR$7:$CR$10)>0,(CT10-MEDIAN($CR$7:$CR$10)),(CT10+MEDIAN($CR$7:$CR$10))) -> -19.251819 | DD10: =IF(AVERAGE($CU$7:$CU$10)>0,(CU10-MEDIAN($CU$7:$CU$10)),(CU10+MEDIAN($CU$7:$CU$10))) -> 14.446635 | DE10: =IF(AVERAGE($CU$7:$CU$10)>0,(CV10-MEDIAN($CU$7:$CU$10)),(CV10+MEDIAN($CU$7:$CU$10))) -> 26.709806 | DF10: =IF(AVERAGE($CU$7:$CU$10)>0,(CW10-MEDIAN($CU$7:$CU$10)),(CW10+MEDIAN($CU$7:$CU$10))) -> -17.329468 | DG10: =IF(AVERAGE($CX$7:$CX$10)>0,(CX10-MEDIAN($CX$7:$CX$10)),(CX10+MEDIAN($CX$7:$CX$10))) -> 5.5603397 | DH10: =IF(AVERAGE($CX$7:$CX$10)>0,(CY10-MEDIAN($CX$7:$CX$10)),(CY10+MEDIAN($CX$7:$CX$10))) -> 17.658153 | DI10: =IF(AVERAGE($CX$7:$CX$10)>0,(CZ10-MEDIAN($CX$7:$CX$10)),(CZ10+MEDIAN($CX$7:$CX$10))) -> -5.5728323
A11: =A10+10 -> -40 | B11: =IF(ISBLANK(RawCurrent!B11),"",IF(AVERAGE(RawCurrent!B$7:B$10)>0,(RawCurrent!B11+MEDIAN(RawCurrent!B$7:B$10)),(RawCurrent!B11-MEDIAN(RawCurrent!B$7:B$10)))) -> -66.376732 | C11: =IF(ISBLANK(RawCurrent!C11),"",IF(AVERAGE(RawCurrent!C$7:C$10)>0,(RawCurrent!C11+MEDIAN(RawCurrent!C$7:C$10)),(RawCurrent!C11-MEDIAN(RawCurrent!C$7:C$10)))) -> -65.838198 | D11: =IF(ISBLANK(RawCurrent!D11),"",IF(AVERAGE(RawCurrent!D$7:D$10)>0,(RawCurrent!D11+MEDIAN(RawCurrent!D$7:D$10)),(RawCurrent!D11-MEDIAN(RawCurrent!D$7:D$10)))) -> 286.4817 | E11: =IF(ISBLANK(RawCurrent!E11),"",IF(AVERAGE(RawCurrent!E$7:E$10)>0,(RawCurrent!E11+MEDIAN(RawCurrent!E$7:E$10)),(RawCurrent!E11-MEDIAN(RawCurrent!E$7:E$10)))) -> 145.39221 | F11: =IF(ISBLANK(RawCurrent!F11),"",IF(AVERAGE(RawCurrent!F$7:F$10)>0,(RawCurrent!F11+MEDIAN(RawCurrent!F$7:F$10)),(RawCurrent!F11-MEDIAN(RawCurrent!F$7:F$10)))) -> 10.097229 | G11: =IF(ISBLANK(RawCurrent!G11),"",IF(AVERAGE(RawCurrent!G$7:G$10)>0,(RawCurrent!G11+MEDIAN(RawCurrent!G$7:G$10)),(RawCurrent!G11-MEDIAN(RawCurrent!G$7:G$10)))) -> -22.445614 | H11: =IF(ISBLANK(RawCurrent!H11),"",IF(AVERAGE(RawCurrent!H$7:H$10)>0,(RawCurrent!H11+MEDIAN(RawCurrent!H$7:H$10)),(RawCurrent!H11-MEDIAN(RawCurrent!H$7:H$10)))) -> 1.2754364 | I11: =IF(ISBLANK(RawCurrent!I11),"",IF(AVERAGE(RawCurrent!I$7:I$10)>0,(RawCurrent!I11+MEDIAN(RawCurrent!I$7:I$10)),(RawCurrent!I11-MEDIAN(RawCurrent!I$7:I$10)))) -> 125.17853 | ... BA11: =IF(ISBLANK(RawCurrent!BA11),"",IF(AVERAGE(RawCurrent!BA$7:BA$10)>0,(RawCurrent!BA11+MEDIAN(RawCurrent!BA$7:BA$10)),(RawCurrent!BA11-MEDIAN(RawCurrent!BA$7:BA$10)))) -> 21.378519 | BB11: 38.213448 | BC11: =IF(ISBLANK(RawCurrent!BC11),"",IF(AVERAGE(RawCurrent!BC$7:BC$10)>0,(RawCurrent!BC11+MEDIAN(RawCurrent!BC$7:BC$10)),(RawCurrent!BC11-MEDIAN(RawCurrent!BC$7:BC$10)))) -> 1.8755798 | BD11: =IF(ISBLANK(RawCurrent!BD11),"",IF(AVERAGE(RawCurrent!BD$7:BD$10)>0,(RawCurrent!BD11+MEDIAN(RawCurrent!BD$7:BD$10)),(RawCurrent!BD11-MEDIAN(RawCurrent!BD$7:BD$10)))) -> 32.175306 | BE11: =IF(ISBLANK(RawCurrent!BE11),"",IF(AVERAGE(RawCurrent!BE$7:BE$10)>0,(RawCurrent!BE11+MEDIAN(RawCurrent!BE$7:BE$10)),(RawCurrent!BE11-MEDIAN(RawCurrent!BE$7:BE$10)))) -> -0.22459793 | BF11: =IF(ISBLANK(RawCurrent!BF11),"",IF(AVERAGE(RawCurrent!BF$7:BF$10)>0,(RawCurrent!BF11+MEDIAN(RawCurrent!BF$7:BF$10)),(RawCurrent!BF11-MEDIAN(RawCurrent!BF$7:BF$10)))) -> 40.246244 | BG11: =IF(ISBLANK(RawCurrent!BG11),"",IF(AVERAGE(RawCurrent!BG$7:BG$10)>0,(RawCurrent!BG11+MEDIAN(RawCurrent!BG$7:BG$10)),(RawCurrent!BG11-MEDIAN(RawCurrent!BG$7:BG$10)))) -> 55.503267 | BH11: =IF(ISBLANK(RawCurrent!BH11),"",IF(AVERAGE(RawCurrent!BH$7:BH$10)>0,(RawCurrent!BH11+MEDIAN(RawCurrent!BH$7:BH$10)),(RawCurrent!BH11-MEDIAN(RawCurrent!BH$7:BH$10)))) -> 0.073913574 | BI11: =IF(ISBLANK(RawCurrent!BI11),"",IF(AVERAGE(RawCurrent!BI$7:BI$10)>0,(RawCurrent!BI11+MEDIAN(RawCurrent!BI$7:BI$10)),(RawCurrent!BI11-MEDIAN(RawCurrent!BI$7:BI$10)))) -> 35.042489 | BJ11: =IF(ISBLANK(RawCurrent!BJ11),"",IF(AVERAGE(RawCurrent!BJ$7:BJ$10)>0,(RawCurrent!BJ11+MEDIAN(RawCurrent!BJ$7:BJ$10)),(RawCurrent!BJ11-MEDIAN(RawCurrent!BJ$7:BJ$10)))) -> -0.39672852 | ... CD11: =IF(ISBLANK(RawCurrent!CD11),"",IF(AVERAGE(RawCurrent!CD$7:CD$10)>0,(RawCurrent!CD11+MEDIAN(RawCurrent!CD$7:CD$10)),(RawCurrent!CD11-MEDIAN(RawCurrent!CD$7:CD$10)))) -> 11.095725 | CE11: =CE10+10 -> -40 | CF11: =AVERAGE(B11:AQ11,AS11:AU11) -> 25.939236 | CG11: =STDEV(B11:AQ11,AS11:AU11)/SQRT(COUNT(B11:AQ11,AS11:AU11)) -> 9.6665843 | CH11: =AVERAGE(AW11:BJ11) -> 17.825186 | CI11: =STDEV((AW11:BJ11))/SQRT(COUNT(AW11:BJ11)) -> 13.519132 | CJ11: =AVERAGE(BK11:CD11) -> 18.443662 | CK11: =STDEV(BK11:CD11)/SQRT(COUNT(BK11:CD11)) -> 5.8666937 | CL11: =IF(AVERAGE(CF$7:CF$10)>0,(CF11-MEDIAN(CF$7:CF$10)),(CF11+MEDIAN(CF$7:CF$10))) -> -6.7472872 | CM11: 9.1991754 | CN11: =IF(AVERAGE(CH$7:CH$10)>0,(CH11-MEDIAN(CH$7:CH$10)),(CH11+MEDIAN(CH$7:CH$10))) -> -4.6351821 | CO11: 13.519132 | CP11: =IF(AVERAGE(CJ$7:CJ$10)>0,(CJ11-MEDIAN(CJ$7:CJ$10)),(CJ11+MEDIAN(CJ$7:CJ$10))) -> 5.7390839 | CQ11: 5.8666937 | CR11: =MEDIAN((B11:AQ11,AS11:AU11)) -> 15.394461 | CS11: =_xlfn.QUARTILE.EXC((B11:AQ11,AS11:AU11),3) -> 40.833152 | CT11: =_xlfn.QUARTILE.EXC((B11:AQ11,AS11:AU11),1) -> -13.265764 | CU11: =MEDIAN(AW11:BJ11) -> 26.776913 | CV11: =_xlfn.QUARTILE.EXC((AW11:BJ11),3) -> 39.556422 | CW11: =_xlfn.QUARTILE.EXC((AW11:BJ11),1) -> -0.26763058 | CX11: =MEDIAN(BK11:CD11) -> 14.242425 | CY11: =_xlfn.QUARTILE.EXC((BK11:CD11),3) -> 39.310811 | CZ11: =_xlfn.QUARTILE.EXC((BK11:CD11),1) -> -2.1863606 | DA11: =IF(AVERAGE($CR$7:$CR$10)>0,(CR11-MEDIAN($CR$7:$CR$10)),(CR11+MEDIAN($CR$7:$CR$10))) -> -0.26245379 | DB11: =IF(AVERAGE($CR$7:$CR$10)>0,(CS11-MEDIAN($CR$7:$CR$10)),(CS11+MEDIAN($CR$7:$CR$10))) -> 25.176237 | DC11: =IF(AVERAGE($CR$7:$CR$10)>0,(CT11-MEDIAN($CR$7:$CR$10)),(CT11+MEDIAN($CR$7:$CR$10))) -> -28.922679 | DD11: =IF(AVERAGE($CU$7:$CU$10)>0,(CU11-MEDIAN($CU$7:$CU$10)),(CU11+MEDIAN($CU$7:$CU$10))) -> 12.178685 | DE11: =IF(AVERAGE($CU$7:$CU$10)>0,(CV11-MEDIAN($CU$7:$CU$10)),(CV11+MEDIAN($CU$7:$CU$10))) -> 24.958194 | DF11: =IF(AVERAGE($CU$7:$CU$10)>0,(CW11-MEDIAN($CU$7:$CU$10)),(CW11+MEDIAN($CU$7:$CU$10))) -> -14.865858 | DG11: =IF(AVERAGE($CX$7:$CX$10)>0,(CX11-MEDIAN($CX$7:$CX$10)),(CX11+MEDIAN($CX$7:$CX$10))) -> 5.6414464 | DH11: =IF(AVERAGE($CX$7:$CX$10)>0,(CY11-MEDIAN($CX$7:$CX$10)),(CY11+MEDIAN($CX$7:$CX$10))) -> 30.709832 | DI11: =IF(AVERAGE($CX$7:$CX$10)>0,(CZ11-MEDIAN($CX$7:$CX$10)),(CZ11+MEDIAN($CX$7:$CX$10))) -> -10.78734
A12: =A11+10 -> -30 | B12: =IF(ISBLANK(RawCurrent!B12),"",IF(AVERAGE(RawCurrent!B$7:B$10)>0,(RawCurrent!B12+MEDIAN(RawCurrent!B$7:B$10)),(RawCurrent!B12-MEDIAN(RawCurrent!B$7:B$10)))) -> -395.33633 | C12: =IF(ISBLANK(RawCurrent!C12),"",IF(AVERAGE(RawCurrent!C$7:C$10)>0,(RawCurrent!C12+MEDIAN(RawCurrent!C$7:C$10)),(RawCurrent!C12-MEDIAN(RawCurrent!C$7:C$10)))) -> -302.69008 | D12: =IF(ISBLANK(RawCurrent!D12),"",IF(AVERAGE(RawCurrent!D$7:D$10)>0,(RawCurrent!D12+MEDIAN(RawCurrent!D$7:D$10)),(RawCurrent!D12-MEDIAN(RawCurrent!D$7:D$10)))) -> 247.8185 | E12: =IF(ISBLANK(RawCurrent!E12),"",IF(AVERAGE(RawCurrent!E$7:E$10)>0,(RawCurrent!E12+MEDIAN(RawCurrent!E$7:E$10)),(RawCurrent!E12-MEDIAN(RawCurrent!E$7:E$10)))) -> -177.50786 | F12: =IF(ISBLANK(RawCurrent!F12),"",IF(AVERAGE(RawCurrent!F$7:F$10)>0,(RawCurrent!F12+MEDIAN(RawCurrent!F$7:F$10)),(RawCurrent!F12-MEDIAN(RawCurrent!F$7:F$10)))) -> -144.1888 | G12: =IF(ISBLANK(RawCurrent!G12),"",IF(AVERAGE(RawCurrent!G$7:G$10)>0,(RawCurrent!G12+MEDIAN(RawCurrent!G$7:G$10)),(RawCurrent!G12-MEDIAN(RawCurrent!G$7:G$10)))) -> -465.15836 | H12: =IF(ISBLANK(RawCurrent!H12),"",IF(AVERAGE(RawCurrent!H$7:H$10)>0,(RawCurrent!H12+MEDIAN(RawCurrent!H$7:H$10)),(RawCurrent!H12-MEDIAN(RawCurrent!H$7:H$10)))) -> -38.874043 | I12: =IF(ISBLANK(RawCurrent!I12),"",IF(AVERAGE(RawCurrent!I$7:I$10)>0,(RawCurrent!I12+MEDIAN(RawCurrent!I$7:I$10)),(RawCurrent!I12-MEDIAN(RawCurrent!I$7:I$10)))) -> -411.26282 | ... BA12: =IF(ISBLANK(RawCurrent!BA12),"",IF(AVERAGE(RawCurrent!BA$7:BA$10)>0,(RawCurrent!BA12+MEDIAN(RawCurrent!BA$7:BA$10)),(RawCurrent!BA12-MEDIAN(RawCurrent!BA$7:BA$10)))) -> -11.920387 | BB12: 28.421265 | BC12: =IF(ISBLANK(RawCurrent!BC12),"",IF(AVERAGE(RawCurrent!BC$7:BC$10)>0,(RawCurrent!BC12+MEDIAN(RawCurrent!BC$7:BC$10)),(RawCurrent!BC12-MEDIAN(RawCurrent!BC$7:BC$10)))) -> -23.167858 | BD12: =IF(ISBLANK(RawCurrent!BD12),"",IF(AVERAGE(RawCurrent!BD$7:BD$10)>0,(RawCurrent!BD12+MEDIAN(RawCurrent!BD$7:BD$10)),(RawCurrent!BD12-MEDIAN(RawCurrent!BD$7:BD$10)))) -> 54.189905 | BE12: =IF(ISBLANK(RawCurrent!BE12),"",IF(AVERAGE(RawCurrent!BE$7:BE$10)>0,(RawCurrent!BE12+MEDIAN(RawCurrent!BE$7:BE$10)),(RawCurrent!BE12-MEDIAN(RawCurrent!BE$7:BE$10)))) -> -8.5730667 | BF12: =IF(ISBLANK(RawCurrent!BF12),"",IF(AVERAGE(RawCurrent!BF$7:BF$10)>0,(RawCurrent!BF12+MEDIAN(RawCurrent!BF$7:BF$10)),(RawCurrent!BF12-MEDIAN(RawCurrent!BF$7:BF$10)))) -> 38.058176 | BG12: =IF(ISBLANK(RawCurrent!BG12),"",IF(AVERAGE(RawCurrent!BG$7:BG$10)>0,(RawCurrent!BG12+MEDIAN(RawCurrent!BG$7:BG$10)),(RawCurrent!BG12-MEDIAN(RawCurrent!BG$7:BG$10)))) -> -44.553404 | BH12: =IF(ISBLANK(RawCurrent!BH12),"",IF(AVERAGE(RawCurrent!BH$7:BH$10)>0,(RawCurrent!BH12+MEDIAN(RawCurrent!BH$7:BH$10)),(RawCurrent!BH12-MEDIAN(RawCurrent!BH$7:BH$10)))) -> -11.091736 | BI12: =IF(ISBLANK(RawCurrent!BI12),"",IF(AVERAGE(RawCurrent!BI$7:BI$10)>0,(RawCurrent!BI12+MEDIAN(RawCurrent!BI$7:BI$10)),(RawCurrent!BI12-MEDIAN(RawCurrent!BI$7:BI$10)))) -> 34.04801 | BJ12: =IF(ISBLANK(RawCurrent!BJ12),"",IF(AVERAGE(RawCurrent!BJ$7:BJ$10)>0,(RawCurrent!BJ12+MEDIAN(RawCurrent!BJ$7:BJ$10)),(RawCurrent!BJ12-MEDIAN(RawCurrent!BJ$7:BJ$10)))) -> -2.9907227 | ... CD12: =IF(ISBLANK(RawCurrent!CD12),"",IF(AVERAGE(RawCurrent!CD$7:CD$10)>0,(RawCurrent!CD12+MEDIAN(RawCurrent!CD$7:CD$10)),(RawCurrent!CD12-MEDIAN(RawCurrent!CD$7:CD$10)))) -> -11.202483 | CE12: =CE11+10 -> -30 | CF12: =AVERAGE(B12:AQ12,AS12:AU12) -> -73.013384 | CG12: =STDEV(B12:AQ12,AS12:AU12)/SQRT(COUNT(B12:AQ12,AS12:AU12)) -> 21.395711 | CH12: =AVERAGE(AW12:BJ12) -> -14.528381 | CI12: =STDEV((AW12:BJ12))/SQRT(COUNT(AW12:BJ12)) -> 25.01808 | CJ12: =AVERAGE(BK12:CD12) -> -8.1468923 | CK12: =STDEV(BK12:CD12)/SQRT(COUNT(BK12:CD12)) -> 8.5604044 | CL12: =IF(AVERAGE(CF$7:CF$10)>0,(CF12-MEDIAN(CF$7:CF$10)),(CF12+MEDIAN(CF$7:CF$10))) -> -105.69991 | CM12: 18.773019 | CN12: =IF(AVERAGE(CH$7:CH$10)>0,(CH12-MEDIAN(CH$7:CH$10)),(CH12+MEDIAN(CH$7:CH$10))) -> -36.988749 | CO12: 25.01808 | CP12: =IF(AVERAGE(CJ$7:CJ$10)>0,(CJ12-MEDIAN(CJ$7:CJ$10)),(CJ12+MEDIAN(CJ$7:CJ$10))) -> -20.851471 | CQ12: 8.5604044 | CR12: =MEDIAN((B12:AQ12,AS12:AU12)) -> -38.24683 | CS12: =_xlfn.QUARTILE.EXC((B12:AQ12,AS12:AU12),3) -> -3.2437558 | CT12: =_xlfn.QUARTILE.EXC((B12:AQ12,AS12:AU12),1) -> -90.995084 | CU12: =MEDIAN(AW12:BJ12) -> -5.7818947 | CV12: =_xlfn.QUARTILE.EXC((AW12:BJ12),3) -> 39.451151 | CW12: =_xlfn.QUARTILE.EXC((AW12:BJ12),1) -> -28.514245 | CX12: =MEDIAN(BK12:CD12) -> -14.915473 | CY12: =_xlfn.QUARTILE.EXC((BK12:CD12),3) -> 8.1455849 | CZ12: =_xlfn.QUARTILE.EXC((BK12:CD12),1) -> -25.028527 | DA12: =IF(AVERAGE($CR$7:$CR$10)>0,(CR12-MEDIAN($CR$7:$CR$10)),(CR12+MEDIAN($CR$7:$CR$10))) -> -53.903744 | DB12: =IF(AVERAGE($CR$7:$CR$10)>0,(CS12-MEDIAN($CR$7:$CR$10)),(CS12+MEDIAN($CR$7:$CR$10))) -> -18.90067 | DC12: =IF(AVERAGE($CR$7:$CR$10)>0,(CT12-MEDIAN($CR$7:$CR$10)),(CT12+MEDIAN($CR$7:$CR$10))) -> -106.652 | DD12: =IF(AVERAGE($CU$7:$CU$10)>0,(CU12-MEDIAN($CU$7:$CU$10)),(CU12+MEDIAN($CU$7:$CU$10))) -> -20.380122 | DE12: =IF(AVERAGE($CU$7:$CU$10)>0,(CV12-MEDIAN($CU$7:$CU$10)),(CV12+MEDIAN($CU$7:$CU$10))) -> 24.852924 | DF12: =IF(AVERAGE($CU$7:$CU$10)>0,(CW12-MEDIAN($CU$7:$CU$10)),(CW12+MEDIAN($CU$7:$CU$10))) -> -43.112472 | DG12: =IF(AVERAGE($CX$7:$CX$10)>0,(CX12-MEDIAN($CX$7:$CX$10)),(CX12+MEDIAN($CX$7:$CX$10))) -> -23.516452 | DH12: =IF(AVERAGE($CX$7:$CX$10)>0,(CY12-MEDIAN($CX$7:$CX$10)),(CY12+MEDIAN($CX$7:$CX$10))) -> -0.45539423 | DI12: =IF(AVERAGE($CX$7:$CX$10)>0,(CZ12-MEDIAN($CX$7:$CX$10)),(CZ12+MEDIAN($CX$7:$CX$10))) -> -33.629506
A13: =A12+10 -> -20 | B13: =IF(ISBLANK(RawCurrent!B13),"",IF(AVERAGE(RawCurrent!B$7:B$10)>0,(RawCurrent!B13+MEDIAN(RawCurrent!B$7:B$10)),(RawCurrent!B13-MEDIAN(RawCurrent!B$7:B$10)))) -> -2230.0324 | C13: =IF(ISBLANK(RawCurrent!C13),"",IF(AVERAGE(RawCurrent!C$7:C$10)>0,(RawCurrent!C13+MEDIAN(RawCurrent!C$7:C$10)),(RawCurrent!C13-MEDIAN(RawCurrent!C$7:C$10)))) -> -741.83815 | D13: =IF(ISBLANK(RawCurrent!D13),"",IF(AVERAGE(RawCurrent!D$7:D$10)>0,(RawCurrent!D13+MEDIAN(RawCurrent!D$7:D$10)),(RawCurrent!D13-MEDIAN(RawCurrent!D$7:D$10)))) -> -1081.1273 | E13: =IF(ISBLANK(RawCurrent!E13),"",IF(AVERAGE(RawCurrent!E$7:E$10)>0,(RawCurrent!E13+MEDIAN(RawCurrent!E$7:E$10)),(RawCurrent!E13-MEDIAN(RawCurrent!E$7:E$10)))) -> -1422.5721 | F13: =IF(ISBLANK(RawCurrent!F13),"",IF(AVERAGE(RawCurrent!F$7:F$10)>0,(RawCurrent!F13+MEDIAN(RawCurrent!F$7:F$10)),(RawCurrent!F13-MEDIAN(RawCurrent!F$7:F$10)))) -> -1103.3684 | G13: =IF(ISBLANK(RawCurrent!G13),"",IF(AVERAGE(RawCurrent!G$7:G$10)>0,(RawCurrent!G13+MEDIAN(RawCurrent!G$7:G$10)),(RawCurrent!G13-MEDIAN(RawCurrent!G$7:G$10)))) -> -1879.0749 | H13: =IF(ISBLANK(RawCurrent!H13),"",IF(AVERAGE(RawCurrent!H$7:H$10)>0,(RawCurrent!H13+MEDIAN(RawCurrent!H$7:H$10)),(RawCurrent!H13-MEDIAN(RawCurrent!H$7:H$10)))) -> -268.60182 | I13: =IF(ISBLANK(RawCurrent!I13),"",IF(AVERAGE(RawCurrent!I$7:I$10)>0,(RawCurrent!I13+MEDIAN(RawCurrent!I$7:I$10)),(RawCurrent!I13-MEDIAN(RawCurrent!I$7:I$10)))) -> -1821.3342 | ... BA13: =IF(ISBLANK(RawCurrent!BA13),"",IF(AVERAGE(RawCurrent!BA$7:BA$10)>0,(RawCurrent!BA13+MEDIAN(RawCurrent!BA$7:BA$10)),(RawCurrent!BA13-MEDIAN(RawCurrent!BA$7:BA$10)))) -> -123.32595 | BB13: -68.906052 | BC13: =IF(ISBLANK(RawCurrent!BC13),"",IF(AVERAGE(RawCurrent!BC$7:BC$10)>0,(RawCurrent!BC13+MEDIAN(RawCurrent!BC$7:BC$10)),(RawCurrent!BC13-MEDIAN(RawCurrent!BC$7:BC$10)))) -> -166.59695 | BD13: =IF(ISBLANK(RawCurrent!BD13),"",IF(AVERAGE(RawCurrent!BD$7:BD$10)>0,(RawCurrent!BD13+MEDIAN(RawCurrent!BD$7:BD$10)),(RawCurrent!BD13-MEDIAN(RawCurrent!BD$7:BD$10)))) -> -79.808992 | BE13: =IF(ISBLANK(RawCurrent!BE13),"",IF(AVERAGE(RawCurrent!BE$7:BE$10)>0,(RawCurrent!BE13+MEDIAN(RawCurrent!BE$7:BE$10)),(RawCurrent!BE13-MEDIAN(RawCurrent!BE$7:BE$10)))) -> -56.07605 | BF13: =IF(ISBLANK(RawCurrent!BF13),"",IF(AVERAGE(RawCurrent!BF$7:BF$10)>0,(RawCurrent!BF13+MEDIAN(RawCurrent!BF$7:BF$10)),(RawCurrent!BF13-MEDIAN(RawCurrent!BF$7:BF$10)))) -> -8.8187351 | BG13: =IF(ISBLANK(RawCurrent!BG13),"",IF(AVERAGE(RawCurrent!BG$7:BG$10)>0,(RawCurrent!BG13+MEDIAN(RawCurrent!BG$7:BG$10)),(RawCurrent!BG13-MEDIAN(RawCurrent!BG$7:BG$10)))) -> -129.79331 | BH13: =IF(ISBLANK(RawCurrent!BH13),"",IF(AVERAGE(RawCurrent!BH$7:BH$10)>0,(RawCurrent!BH13+MEDIAN(RawCurrent!BH$7:BH$10)),(RawCurrent!BH13-MEDIAN(RawCurrent!BH$7:BH$10)))) -> -30.025192 | BI13: =IF(ISBLANK(RawCurrent!BI13),"",IF(AVERAGE(RawCurrent!BI$7:BI$10)>0,(RawCurrent!BI13+MEDIAN(RawCurrent!BI$7:BI$10)),(RawCurrent!BI13-MEDIAN(RawCurrent!BI$7:BI$10)))) -> -17.13149 | BJ13: =IF(ISBLANK(RawCurrent!BJ13),"",IF(AVERAGE(RawCurrent!BJ$7:BJ$10)>0,(RawCurrent!BJ13+MEDIAN(RawCurrent!BJ$7:BJ$10)),(RawCurrent!BJ13-MEDIAN(RawCurrent!BJ$7:BJ$10)))) -> -33.966062 | ... CD13: =IF(ISBLANK(RawCurrent!CD13),"",IF(AVERAGE(RawCurrent!CD$7:CD$10)>0,(RawCurrent!CD13+MEDIAN(RawCurrent!CD$7:CD$10)),(RawCurrent!CD13-MEDIAN(RawCurrent!CD$7:CD$10)))) -> -35.972137 | CE13: =CE12+10 -> -20 | CF13: =AVERAGE(B13:AQ13,AS13:AU13) -> -475.70025 | CG13: =STDEV(B13:AQ13,AS13:AU13)/SQRT(COUNT(B13:AQ13,AS13:AU13)) -> 85.200513 | CH13: =AVERAGE(AW13:BJ13) -> -192.49123 | CI13: =STDEV((AW13:BJ13))/SQRT(COUNT(AW13:BJ13)) -> 78.681445 | CJ13: =AVERAGE(BK13:CD13) -> -103.29411 | CK13: =STDEV(BK13:CD13)/SQRT(COUNT(BK13:CD13)) -> 19.727988 | CL13: =IF(AVERAGE(CF$7:CF$10)>0,(CF13-MEDIAN(CF$7:CF$10)),(CF13+MEDIAN(CF$7:CF$10))) -> -508.38678 | CM13: 77.943266 | CN13: =IF(AVERAGE(CH$7:CH$10)>0,(CH13-MEDIAN(CH$7:CH$10)),(CH13+MEDIAN(CH$7:CH$10))) -> -214.9516 | CO13: 78.681445 | CP13: =IF(AVERAGE(CJ$7:CJ$10)>0,(CJ13-MEDIAN(CJ$7:CJ$10)),(CJ13+MEDIAN(CJ$7:CJ$10))) -> -115.99869 | CQ13: 19.727988 | CR13: =MEDIAN((B13:AQ13,AS13:AU13)) -> -194.54354 | CS13: =_xlfn.QUARTILE.EXC((B13:AQ13,AS13:AU13),3) -> -112.61732 | CT13: =_xlfn.QUARTILE.EXC((B13:AQ13,AS13:AU13),1) -> -777.64314 | CU13: =MEDIAN(AW13:BJ13) -> -101.21597 | CV13: =_xlfn.QUARTILE.EXC((AW13:BJ13),3) -> -32.980844 | CW13: =_xlfn.QUARTILE.EXC((AW13:BJ13),1) -> -144.04792 | CX13: =MEDIAN(BK13:CD13) -> -90.916148 | CY13: =_xlfn.QUARTILE.EXC((BK13:CD13),3) -> -36.026348 | CZ13: =_xlfn.QUARTILE.EXC((BK13:CD13),1) -> -139.45317 | DA13: =IF(AVERAGE($CR$7:$CR$10)>0,(CR13-MEDIAN($CR$7:$CR$10)),(CR13+MEDIAN($CR$7:$CR$10))) -> -210.20046 | DB13: =IF(AVERAGE($CR$7:$CR$10)>0,(CS13-MEDIAN($CR$7:$CR$10)),(CS13+MEDIAN($CR$7:$CR$10))) -> -128.27423 | DC13: =IF(AVERAGE($CR$7:$CR$10)>0,(CT13-MEDIAN($CR$7:$CR$10)),(CT13+MEDIAN($CR$7:$CR$10))) -> -793.30005 | DD13: =IF(AVERAGE($CU$7:$CU$10)>0,(CU13-MEDIAN($CU$7:$CU$10)),(CU13+MEDIAN($CU$7:$CU$10))) -> -115.8142 | DE13: =IF(AVERAGE($CU$7:$CU$10)>0,(CV13-MEDIAN($CU$7:$CU$10)),(CV13+MEDIAN($CU$7:$CU$10))) -> -47.579072 | DF13: =IF(AVERAGE($CU$7:$CU$10)>0,(CW13-MEDIAN($CU$7:$CU$10)),(CW13+MEDIAN($CU$7:$CU$10))) -> -158.64614 | DG13: =IF(AVERAGE($CX$7:$CX$10)>0,(CX13-MEDIAN($CX$7:$CX$10)),(CX13+MEDIAN($CX$7:$CX$10))) -> -99.517127 | DH13: =IF(AVERAGE($CX$7:$CX$10)>0,(CY13-MEDIAN($CX$7:$CX$10)),(CY13+MEDIAN($CX$7:$CX$10))) -> -44.627327 | DI13: =IF(AVERAGE($CX$7:$CX$10)>0,(CZ13-MEDIAN($CX$7:$CX$10)),(CZ13+MEDIAN($CX$7:$CX$10))) -> -148.05415
A14: =A13+10 -> -10 | B14: =IF(ISBLANK(RawCurrent!B14),"",IF(AVERAGE(RawCurrent!B$7:B$10)>0,(RawCurrent!B14+MEDIAN(RawCurrent!B$7:B$10)),(RawCurrent!B14-MEDIAN(RawCurrent!B$7:B$10)))) -> -4981.6254 | C14: =IF(ISBLANK(RawCurrent!C14),"",IF(AVERAGE(RawCurrent!C$7:C$10)>0,(RawCurrent!C14+MEDIAN(RawCurrent!C$7:C$10)),(RawCurrent!C14-MEDIAN(RawCurrent!C$7:C$10)))) -> -940.66481 | D14: =IF(ISBLANK(RawCurrent!D14),"",IF(AVERAGE(RawCurrent!D$7:D$10)>0,(RawCurrent!D14+MEDIAN(RawCurrent!D$7:D$10)),(RawCurrent!D14-MEDIAN(RawCurrent!D$7:D$10)))) -> -2689.2541 | E14: =IF(ISBLANK(RawCurrent!E14),"",IF(AVERAGE(RawCurrent!E$7:E$10)>0,(RawCurrent!E14+MEDIAN(RawCurrent!E$7:E$10)),(RawCurrent!E14-MEDIAN(RawCurrent!E$7:E$10)))) -> -3187.8131 | F14: =IF(ISBLANK(RawCurrent!F14),"",IF(AVERAGE(RawCurrent!F$7:F$10)>0,(RawCurrent!F14+MEDIAN(RawCurrent!F$7:F$10)),(RawCurrent!F14-MEDIAN(RawCurrent!F$7:F$10)))) -> -2704.5548 | G14: =IF(ISBLANK(RawCurrent!G14),"",IF(AVERAGE(RawCurrent!G$7:G$10)>0,(RawCurrent!G14+MEDIAN(RawCurrent!G$7:G$10)),(RawCurrent!G14-MEDIAN(RawCurrent!G$7:G$10)))) -> -2015.2072 | H14: =IF(ISBLANK(RawCurrent!H14),"",IF(AVERAGE(RawCurrent!H$7:H$10)>0,(RawCurrent!H14+MEDIAN(RawCurrent!H$7:H$10)),(RawCurrent!H14-MEDIAN(RawCurrent!H$7:H$10)))) -> -1085.1583 | I14: =IF(ISBLANK(RawCurrent!I14),"",IF(AVERAGE(RawCurrent!I$7:I$10)>0,(RawCurrent!I14+MEDIAN(RawCurrent!I$7:I$10)),(RawCurrent!I14-MEDIAN(RawCurrent!I$7:I$10)))) -> -1932.5593 | ... BA14: =IF(ISBLANK(RawCurrent!BA14),"",IF(AVERAGE(RawCurrent!BA$7:BA$10)>0,(RawCurrent!BA14+MEDIAN(RawCurrent!BA$7:BA$10)),(RawCurrent!BA14-MEDIAN(RawCurrent!BA$7:BA$10)))) -> -371.54618 | BB14: -135.20973 | BC14: =IF(ISBLANK(RawCurrent!BC14),"",IF(AVERAGE(RawCurrent!BC$7:BC$10)>0,(RawCurrent!BC14+MEDIAN(RawCurrent!BC$7:BC$10)),(RawCurrent!BC14-MEDIAN(RawCurrent!BC$7:BC$10)))) -> -357.1452 | BD14: =IF(ISBLANK(RawCurrent!BD14),"",IF(AVERAGE(RawCurrent!BD$7:BD$10)>0,(RawCurrent!BD14+MEDIAN(RawCurrent!BD$7:BD$10)),(RawCurrent!BD14-MEDIAN(RawCurrent!BD$7:BD$10)))) -> -245.53353 | BE14: =IF(ISBLANK(RawCurrent!BE14),"",IF(AVERAGE(RawCurrent!BE$7:BE$10)>0,(RawCurrent!BE14+MEDIAN(RawCurrent!BE$7:BE$10)),(RawCurrent!BE14-MEDIAN(RawCurrent!BE$7:BE$10)))) -> -256.36485 | BF14: =IF(ISBLANK(RawCurrent!BF14),"",IF(AVERAGE(RawCurrent!BF$7:BF$10)>0,(RawCurrent!BF14+MEDIAN(RawCurrent!BF$7:BF$10)),(RawCurrent!BF14-MEDIAN(RawCurrent!BF$7:BF$10)))) -> -97.844135 | BG14: =IF(ISBLANK(RawCurrent!BG14),"",IF(AVERAGE(RawCurrent!BG$7:BG$10)>0,(RawCurrent!BG14+MEDIAN(RawCurrent!BG$7:BG$10)),(RawCurrent!BG14-MEDIAN(RawCurrent!BG$7:BG$10)))) -> -295.45359 | BH14: =IF(ISBLANK(RawCurrent!BH14),"",IF(AVERAGE(RawCurrent!BH$7:BH$10)>0,(RawCurrent!BH14+MEDIAN(RawCurrent!BH$7:BH$10)),(RawCurrent!BH14-MEDIAN(RawCurrent!BH$7:BH$10)))) -> -96.493767 | BI14: =IF(ISBLANK(RawCurrent!BI14),"",IF(AVERAGE(RawCurrent!BI$7:BI$10)>0,(RawCurrent!BI14+MEDIAN(RawCurrent!BI$7:BI$10)),(RawCurrent!BI14-MEDIAN(RawCurrent!BI$7:BI$10)))) -> -83.827111 | BJ14: =IF(ISBLANK(RawCurrent!BJ14),"",IF(AVERAGE(RawCurrent!BJ$7:BJ$10)>0,(RawCurrent!BJ14+MEDIAN(RawCurrent!BJ$7:BJ$10)),(RawCurrent!BJ14-MEDIAN(RawCurrent!BJ$7:BJ$10)))) -> -83.190911 | ... BT14: =IF(ISBLANK(RawCurrent!BT14),"",IF(AVERAGE(RawCurrent!BT$7:BT$10)>0,(RawCurrent!BT14+MEDIAN(RawCurrent!BT$7:BT$10)),(RawCurrent!BT14-MEDIAN(RawCurrent!BT$7:BT$10)))) -> -194.11566 | BV14: =IF(ISBLANK(RawCurrent!BV14),"",IF(AVERAGE(RawCurrent!BV$7:BV$10)>0,(RawCurrent!BV14+MEDIAN(RawCurrent!BV$7:BV$10)),(RawCurrent!BV14-MEDIAN(RawCurrent!BV$7:BV$10)))) -> -185.44889 | BW14: =IF(ISBLANK(RawCurrent!BW14),"",IF(AVERAGE(RawCurrent!BW$7:BW$10)>0,(RawCurrent!BW14+MEDIAN(RawCurrent!BW$7:BW$10)),(RawCurrent!BW14-MEDIAN(RawCurrent!BW$7:BW$10)))) -> -52.870474 | BX14: =IF(ISBLANK(RawCurrent!BX14),"",IF(AVERAGE(RawCurrent!BX$7:BX$10)>0,(RawCurrent!BX14+MEDIAN(RawCurrent!BX$7:BX$10)),(RawCurrent!BX14-MEDIAN(RawCurrent!BX$7:BX$10)))) -> -199.01451 | BY14: =IF(ISBLANK(RawCurrent!BY14),"",IF(AVERAGE(RawCurrent!BY$7:BY$10)>0,(RawCurrent!BY14+MEDIAN(RawCurrent!BY$7:BY$10)),(RawCurrent!BY14-MEDIAN(RawCurrent!BY$7:BY$10)))) -> -139.90744 | BZ14: =IF(ISBLANK(RawCurrent!BZ14),"",IF(AVERAGE(RawCurrent!BZ$7:BZ$10)>0,(RawCurrent!BZ14+MEDIAN(RawCurrent!BZ$7:BZ$10)),(RawCurrent!BZ14-MEDIAN(RawCurrent!BZ$7:BZ$10)))) -> -59.358093 | CA14: =IF(ISBLANK(RawCurrent!CA14),"",IF(AVERAGE(RawCurrent!CA$7:CA$10)>0,(RawCurrent!CA14+MEDIAN(RawCurrent!CA$7:CA$10)),(RawCurrent!CA14-MEDIAN(RawCurrent!CA$7:CA$10)))) -> -86.669415 | CB14: =IF(ISBLANK(RawCurrent!CB14),"",IF(AVERAGE(RawCurrent!CB$7:CB$10)>0,(RawCurrent!CB14+MEDIAN(RawCurrent!CB$7:CB$10)),(RawCurrent!CB14-MEDIAN(RawCurrent!CB$7:CB$10)))) -> -84.191795 | CC14: =IF(ISBLANK(RawCurrent!CC14),"",IF(AVERAGE(RawCurrent!CC$7:CC$10)>0,(RawCurrent!CC14+MEDIAN(RawCurrent!CC$7:CC$10)),(RawCurrent!CC14-MEDIAN(RawCurrent!CC$7:CC$10)))) -> -86.59911 | CD14: =IF(ISBLANK(RawCurrent!CD14),"",IF(AVERAGE(RawCurrent!CD$7:CD$10)>0,(RawCurrent!CD14+MEDIAN(RawCurrent!CD$7:CD$10)),(RawCurrent!CD14-MEDIAN(RawCurrent!CD$7:CD$10)))) -> -77.148671 | CE14: =CE13+10 -> -10 | CF14: =AVERAGE(B14:AQ14,AS14:AU14) -> -951.08644 | CG14: =STDEV(B14:AQ14,AS14:AU14)/SQRT(COUNT(B14:AQ14,AS14:AU14)) -> 153.67345 | CH14: =AVERAGE(AW14:BJ14) -> -410.30274 | CI14: =STDEV((AW14:BJ14))/SQRT(COUNT(AW14:BJ14)) -> 117.86648 | CJ14: =AVERAGE(BK14:CD14) -> -258.33524 | CK14: =STDEV(BK14:CD14)/SQRT(COUNT(BK14:CD14)) -> 43.945976 | CL14: =IF(AVERAGE(CF$7:CF$10)>0,(CF14-MEDIAN(CF$7:CF$10)),(CF14+MEDIAN(CF$7:CF$10))) -> -983.77296 | CM14: 152.35152 | CN14: =IF(AVERAGE(CH$7:CH$10)>0,(CH14-MEDIAN(CH$7:CH$10)),(CH14+MEDIAN(CH$7:CH$10))) -> -432.76311 | CO14: 117.86648 | CP14: =IF(AVERAGE(CJ$7:CJ$10)>0,(CJ14-MEDIAN(CJ$7:CJ$10)),(CJ14+MEDIAN(CJ$7:CJ$10))) -> -271.03981 | CQ14: 43.945976 | CR14: =MEDIAN((B14:AQ14,AS14:AU14)) -> -464.20829 | CS14: =_xlfn.QUARTILE.EXC((B14:AQ14,AS14:AU14),3) -> -304.9093 | CT14: =_xlfn.QUARTILE.EXC((B14:AQ14,AS14:AU14),1) -> -1321.2512 | CU14: =MEDIAN(AW14:BJ14) -> -275.90922 | CV14: =_xlfn.QUARTILE.EXC((AW14:BJ14),3) -> -97.506543 | CW14: =_xlfn.QUARTILE.EXC((AW14:BJ14),1) -> -448.49194 | CX14: =MEDIAN(BK14:CD14) -> -199.01451 | CY14: =_xlfn.QUARTILE.EXC((BK14:CD14),3) -> -86.59911 | CZ14: =_xlfn.QUARTILE.EXC((BK14:CD14),1) -> -380.52986 | DA14: =IF(AVERAGE($CR$7:$CR$10)>0,(CR14-MEDIAN($CR$7:$CR$10)),(CR14+MEDIAN($CR$7:$CR$10))) -> -479.8652 | DB14: =IF(AVERAGE($CR$7:$CR$10)>0,(CS14-MEDIAN($CR$7:$CR$10)),(CS14+MEDIAN($CR$7:$CR$10))) -> -320.56621 | DC14: =IF(AVERAGE($CR$7:$CR$10)>0,(CT14-MEDIAN($CR$7:$CR$10)),(CT14+MEDIAN($CR$7:$CR$10))) -> -1336.9081 | DD14: =IF(AVERAGE($CU$7:$CU$10)>0,(CU14-MEDIAN($CU$7:$CU$10)),(CU14+MEDIAN($CU$7:$CU$10))) -> -290.50745 | DE14: =IF(AVERAGE($CU$7:$CU$10)>0,(CV14-MEDIAN($CU$7:$CU$10)),(CV14+MEDIAN($CU$7:$CU$10))) -> -112.10477 | DF14: =IF(AVERAGE($CU$7:$CU$10)>0,(CW14-MEDIAN($CU$7:$CU$10)),(CW14+MEDIAN($CU$7:$CU$10))) -> -463.09017 | DG14: =IF(AVERAGE($CX$7:$CX$10)>0,(CX14-MEDIAN($CX$7:$CX$10)),(CX14+MEDIAN($CX$7:$CX$10))) -> -207.61548 | DH14: =IF(AVERAGE($CX$7:$CX$10)>0,(CY14-MEDIAN($CX$7:$CX$10)),(CY14+MEDIAN($CX$7:$CX$10))) -> -95.200089 | DI14: =IF(AVERAGE($CX$7:$CX$10)>0,(CZ14-MEDIAN($CX$7:$CX$10)),(CZ14+MEDIAN($CX$7:$CX$10))) -> -389.13084
A15: =A14+10 -> 0 | B15: =IF(ISBLANK(RawCurrent!B15),"",IF(AVERAGE(RawCurrent!B$7:B$10)>0,(RawCurrent!B15+MEDIAN(RawCurrent!B$7:B$10)),(RawCurrent!B15-MEDIAN(RawCurrent!B$7:B$10)))) -> -6672.5946 | C15: =IF(ISBLANK(RawCurrent!C15),"",IF(AVERAGE(RawCurrent!C$7:C$10)>0,(RawCurrent!C15+MEDIAN(RawCurrent!C$7:C$10)),(RawCurrent!C15-MEDIAN(RawCurrent!C$7:C$10)))) -> -1006.2478 | D15: =IF(ISBLANK(RawCurrent!D15),"",IF(AVERAGE(RawCurrent!D$7:D$10)>0,(RawCurrent!D15+MEDIAN(RawCurrent!D$7:D$10)),(RawCurrent!D15-MEDIAN(RawCurrent!D$7:D$10)))) -> -2730.4457 | E15: =IF(ISBLANK(RawCurrent!E15),"",IF(AVERAGE(RawCurrent!E$7:E$10)>0,(RawCurrent!E15+MEDIAN(RawCurrent!E$7:E$10)),(RawCurrent!E15-MEDIAN(RawCurrent!E$7:E$10)))) -> -3836.1209 | F15: =IF(ISBLANK(RawCurrent!F15),"",IF(AVERAGE(RawCurrent!F$7:F$10)>0,(RawCurrent!F15+MEDIAN(RawCurrent!F$7:F$10)),(RawCurrent!F15-MEDIAN(RawCurrent!F$7:F$10)))) -> -3034.9075 | G15: =IF(ISBLANK(RawCurrent!G15),"",IF(AVERAGE(RawCurrent!G$7:G$10)>0,(RawCurrent!G15+MEDIAN(RawCurrent!G$7:G$10)),(RawCurrent!G15-MEDIAN(RawCurrent!G$7:G$10)))) -> -1806.7753 | H15: =IF(ISBLANK(RawCurrent!H15),"",IF(AVERAGE(RawCurrent!H$7:H$10)>0,(RawCurrent!H15+MEDIAN(RawCurrent!H$7:H$10)),(RawCurrent!H15-MEDIAN(RawCurrent!H$7:H$10)))) -> -1802.5538 | I15: =IF(ISBLANK(RawCurrent!I15),"",IF(AVERAGE(RawCurrent!I$7:I$10)>0,(RawCurrent!I15+MEDIAN(RawCurrent!I$7:I$10)),(RawCurrent!I15-MEDIAN(RawCurrent!I$7:I$10)))) -> -1778.1155 | ... BA15: =IF(ISBLANK(RawCurrent!BA15),"",IF(AVERAGE(RawCurrent!BA$7:BA$10)>0,(RawCurrent!BA15+MEDIAN(RawCurrent!BA$7:BA$10)),(RawCurrent!BA15-MEDIAN(RawCurrent!BA$7:BA$10)))) -> -592.7425 | BB15: -223.53677 | BC15: =IF(ISBLANK(RawCurrent!BC15),"",IF(AVERAGE(RawCurrent!BC$7:BC$10)>0,(RawCurrent!BC15+MEDIAN(RawCurrent!BC$7:BC$10)),(RawCurrent!BC15-MEDIAN(RawCurrent!BC$7:BC$10)))) -> -422.82153 | BD15: =IF(ISBLANK(RawCurrent!BD15),"",IF(AVERAGE(RawCurrent!BD$7:BD$10)>0,(RawCurrent!BD15+MEDIAN(RawCurrent!BD$7:BD$10)),(RawCurrent!BD15-MEDIAN(RawCurrent!BD$7:BD$10)))) -> -412.57196 | BE15: =IF(ISBLANK(RawCurrent!BE15),"",IF(AVERAGE(RawCurrent!BE$7:BE$10)>0,(RawCurrent!BE15+MEDIAN(RawCurrent!BE$7:BE$10)),(RawCurrent!BE15-MEDIAN(RawCurrent!BE$7:BE$10)))) -> -319.67506 | BF15: =IF(ISBLANK(RawCurrent!BF15),"",IF(AVERAGE(RawCurrent!BF$7:BF$10)>0,(RawCurrent!BF15+MEDIAN(RawCurrent!BF$7:BF$10)),(RawCurrent!BF15-MEDIAN(RawCurrent!BF$7:BF$10)))) -> -173.15132 | BG15: =IF(ISBLANK(RawCurrent!BG15),"",IF(AVERAGE(RawCurrent!BG$7:BG$10)>0,(RawCurrent!BG15+MEDIAN(RawCurrent!BG$7:BG$10)),(RawCurrent!BG15-MEDIAN(RawCurrent!BG$7:BG$10)))) -> -516.20002 | BH15: =IF(ISBLANK(RawCurrent!BH15),"",IF(AVERAGE(RawCurrent!BH$7:BH$10)>0,(RawCurrent!BH15+MEDIAN(RawCurrent!BH$7:BH$10)),(RawCurrent!BH15-MEDIAN(RawCurrent!BH$7:BH$10)))) -> -122.28899 | BI15: =IF(ISBLANK(RawCurrent!BI15),"",IF(AVERAGE(RawCurrent!BI$7:BI$10)>0,(RawCurrent!BI15+MEDIAN(RawCurrent!BI$7:BI$10)),(RawCurrent!BI15-MEDIAN(RawCurrent!BI$7:BI$10)))) -> -141.79704 | BJ15: =IF(ISBLANK(RawCurrent!BJ15),"",IF(AVERAGE(RawCurrent!BJ$7:BJ$10)>0,(RawCurrent!BJ15+MEDIAN(RawCurrent!BJ$7:BJ$10)),(RawCurrent!BJ15-MEDIAN(RawCurrent!BJ$7:BJ$10)))) -> -139.03807 | ... CD15: =IF(ISBLANK(RawCurrent!CD15),"",IF(AVERAGE(RawCurrent!CD$7:CD$10)>0,(RawCurrent!CD15+MEDIAN(RawCurrent!CD$7:CD$10)),(RawCurrent!CD15-MEDIAN(RawCurrent!CD$7:CD$10)))) -> -118.9722 | CE15: =CE14+10 -> 0 | CF15: =AVERAGE(B15:AQ15,AS15:AU15) -> -1182.5358 | CG15: =STDEV(B15:AQ15,AS15:AU15)/SQRT(COUNT(B15:AQ15,AS15:AU15)) -> 183.51929 | CH15: =AVERAGE(AW15:BJ15) -> -558.09336 | CI15: =STDEV((AW15:BJ15))/SQRT(COUNT(AW15:BJ15)) -> 134.23033 | CJ15: =AVERAGE(BK15:CD15) -> -351.63069 | CK15: =STDEV(BK15:CD15)/SQRT(COUNT(BK15:CD15)) -> 53.457349 | CL15: =IF(AVERAGE(CF$7:CF$10)>0,(CF15-MEDIAN(CF$7:CF$10)),(CF15+MEDIAN(CF$7:CF$10))) -> -1215.2223 | CM15: 182.38166 | CN15: =IF(AVERAGE(CH$7:CH$10)>0,(CH15-MEDIAN(CH$7:CH$10)),(CH15+MEDIAN(CH$7:CH$10))) -> -580.55372 | CO15: 134.23033 | CP15: =IF(AVERAGE(CJ$7:CJ$10)>0,(CJ15-MEDIAN(CJ$7:CJ$10)),(CJ15+MEDIAN(CJ$7:CJ$10))) -> -364.33527 | CQ15: 53.457349 | CR15: =MEDIAN((B15:AQ15,AS15:AU15)) -> -726.75582 | CS15: =_xlfn.QUARTILE.EXC((B15:AQ15,AS15:AU15),3) -> -457.35435 | CT15: =_xlfn.QUARTILE.EXC((B15:AQ15,AS15:AU15),1) -> -1501.1839 | CU15: =MEDIAN(AW15:BJ15) -> -417.69675 | CV15: =_xlfn.QUARTILE.EXC((AW15:BJ15),3) -> -165.31275 | CW15: =_xlfn.QUARTILE.EXC((AW15:BJ15),1) -> -737.76287 | CX15: =MEDIAN(BK15:CD15) -> -292.31186 | CY15: =_xlfn.QUARTILE.EXC((BK15:CD15),3) -> -148.51763 | CZ15: =_xlfn.QUARTILE.EXC((BK15:CD15),1) -> -473.47295 | DA15: =IF(AVERAGE($CR$7:$CR$10)>0,(CR15-MEDIAN($CR$7:$CR$10)),(CR15+MEDIAN($CR$7:$CR$10))) -> -742.41274 | DB15: =IF(AVERAGE($CR$7:$CR$10)>0,(CS15-MEDIAN($CR$7:$CR$10)),(CS15+MEDIAN($CR$7:$CR$10))) -> -473.01126 | DC15: =IF(AVERAGE($CR$7:$CR$10)>0,(CT15-MEDIAN($CR$7:$CR$10)),(CT15+MEDIAN($CR$7:$CR$10))) -> -1516.8408 | DD15: =IF(AVERAGE($CU$7:$CU$10)>0,(CU15-MEDIAN($CU$7:$CU$10)),(CU15+MEDIAN($CU$7:$CU$10))) -> -432.29497 | DE15: =IF(AVERAGE($CU$7:$CU$10)>0,(CV15-MEDIAN($CU$7:$CU$10)),(CV15+MEDIAN($CU$7:$CU$10))) -> -179.91097 | DF15: =IF(AVERAGE($CU$7:$CU$10)>0,(CW15-MEDIAN($CU$7:$CU$10)),(CW15+MEDIAN($CU$7:$CU$10))) -> -752.3611 | DG15: =IF(AVERAGE($CX$7:$CX$10)>0,(CX15-MEDIAN($CX$7:$CX$10)),(CX15+MEDIAN($CX$7:$CX$10))) -> -300.91284 | DH15: =IF(AVERAGE($CX$7:$CX$10)>0,(CY15-MEDIAN($CX$7:$CX$10)),(CY15+MEDIAN($CX$7:$CX$10))) -> -157.11861 | DI15: =IF(AVERAGE($CX$7:$CX$10)>0,(CZ15-MEDIAN($CX$7:$CX$10)),(CZ15+MEDIAN($CX$7:$CX$10))) -> -482.07393
A16: =A15+10 -> 10 | B16: =IF(ISBLANK(RawCurrent!B16),"",IF(AVERAGE(RawCurrent!B$7:B$10)>0,(RawCurrent!B16+MEDIAN(RawCurrent!B$7:B$10)),(RawCurrent!B16-MEDIAN(RawCurrent!B$7:B$10)))) -> -6924.9511 | C16: =IF(ISBLANK(RawCurrent!C16),"",IF(AVERAGE(RawCurrent!C$7:C$10)>0,(RawCurrent!C16+MEDIAN(RawCurrent!C$7:C$10)),(RawCurrent!C16-MEDIAN(RawCurrent!C$7:C$10)))) -> -920.23995 | D16: =IF(ISBLANK(RawCurrent!D16),"",IF(AVERAGE(RawCurrent!D$7:D$10)>0,(RawCurrent!D16+MEDIAN(RawCurrent!D$7:D$10)),(RawCurrent!D16-MEDIAN(RawCurrent!D$7:D$10)))) -> -2923.7853 | E16: =IF(ISBLANK(RawCurrent!E16),"",IF(AVERAGE(RawCurrent!E$7:E$10)>0,(RawCurrent!E16+MEDIAN(RawCurrent!E$7:E$10)),(RawCurrent!E16-MEDIAN(RawCurrent!E$7:E$10)))) -> -3570.2747 | F16: =IF(ISBLANK(RawCurrent!F16),"",IF(AVERAGE(RawCurrent!F$7:F$10)>0,(RawCurrent!F16+MEDIAN(RawCurrent!F$7:F$10)),(RawCurrent!F16-MEDIAN(RawCurrent!F$7:F$10)))) -> -3405.8863 | G16: =IF(ISBLANK(RawCurrent!G16),"",IF(AVERAGE(RawCurrent!G$7:G$10)>0,(RawCurrent!G16+MEDIAN(RawCurrent!G$7:G$10)),(RawCurrent!G16-MEDIAN(RawCurrent!G$7:G$10)))) -> -1632.6514 | H16: =IF(ISBLANK(RawCurrent!H16),"",IF(AVERAGE(RawCurrent!H$7:H$10)>0,(RawCurrent!H16+MEDIAN(RawCurrent!H$7:H$10)),(RawCurrent!H16-MEDIAN(RawCurrent!H$7:H$10)))) -> -1998.5294 | I16: =IF(ISBLANK(RawCurrent!I16),"",IF(AVERAGE(RawCurrent!I$7:I$10)>0,(RawCurrent!I16+MEDIAN(RawCurrent!I$7:I$10)),(RawCurrent!I16-MEDIAN(RawCurrent!I$7:I$10)))) -> -1604.2708 | ... BA16: =IF(ISBLANK(RawCurrent!BA16),"",IF(AVERAGE(RawCurrent!BA$7:BA$10)>0,(RawCurrent!BA16+MEDIAN(RawCurrent!BA$7:BA$10)),(RawCurrent!BA16-MEDIAN(RawCurrent!BA$7:BA$10)))) -> -701.5057 | BB16: -238.64883 | BC16: =IF(ISBLANK(RawCurrent!BC16),"",IF(AVERAGE(RawCurrent!BC$7:BC$10)>0,(RawCurrent!BC16+MEDIAN(RawCurrent!BC$7:BC$10)),(RawCurrent!BC16-MEDIAN(RawCurrent!BC$7:BC$10)))) -> -424.83969 | BD16: =IF(ISBLANK(RawCurrent!BD16),"",IF(AVERAGE(RawCurrent!BD$7:BD$10)>0,(RawCurrent!BD16+MEDIAN(RawCurrent!BD$7:BD$10)),(RawCurrent!BD16-MEDIAN(RawCurrent!BD$7:BD$10)))) -> -439.74939 | BE16: =IF(ISBLANK(RawCurrent!BE16),"",IF(AVERAGE(RawCurrent!BE$7:BE$10)>0,(RawCurrent!BE16+MEDIAN(RawCurrent!BE$7:BE$10)),(RawCurrent!BE16-MEDIAN(RawCurrent!BE$7:BE$10)))) -> -372.33784 | BF16: =IF(ISBLANK(RawCurrent!BF16),"",IF(AVERAGE(RawCurrent!BF$7:BF$10)>0,(RawCurrent!BF16+MEDIAN(RawCurrent!BF$7:BF$10)),(RawCurrent!BF16-MEDIAN(RawCurrent!BF$7:BF$10)))) -> -224.88783 | BG16: =IF(ISBLANK(RawCurrent!BG16),"",IF(AVERAGE(RawCurrent!BG$7:BG$10)>0,(RawCurrent!BG16+MEDIAN(RawCurrent!BG$7:BG$10)),(RawCurrent!BG16-MEDIAN(RawCurrent!BG$7:BG$10)))) -> -575.92573 | BH16: =IF(ISBLANK(RawCurrent!BH16),"",IF(AVERAGE(RawCurrent!BH$7:BH$10)>0,(RawCurrent!BH16+MEDIAN(RawCurrent!BH$7:BH$10)),(RawCurrent!BH16-MEDIAN(RawCurrent!BH$7:BH$10)))) -> -123.71103 | BI16: =IF(ISBLANK(RawCurrent!BI16),"",IF(AVERAGE(RawCurrent!BI$7:BI$10)>0,(RawCurrent!BI16+MEDIAN(RawCurrent!BI$7:BI$10)),(RawCurrent!BI16-MEDIAN(RawCurrent!BI$7:BI$10)))) -> -145.06162 | BJ16: =IF(ISBLANK(RawCurrent!BJ16),"",IF(AVERAGE(RawCurrent!BJ$7:BJ$10)>0,(RawCurrent!BJ16+MEDIAN(RawCurrent!BJ$7:BJ$10)),(RawCurrent!BJ16-MEDIAN(RawCurrent!BJ$7:BJ$10)))) -> -165.6494 | ... CD16: =IF(ISBLANK(RawCurrent!CD16),"",IF(AVERAGE(RawCurrent!CD$7:CD$10)>0,(RawCurrent!CD16+MEDIAN(RawCurrent!CD$7:CD$10)),(RawCurrent!CD16-MEDIAN(RawCurrent!CD$7:CD$10)))) -> -141.8282 | CE16: =CE15+10 -> 10 | CF16: =AVERAGE(B16:AQ16,AS16:AU16) -> -1230.7847 | CG16: =STDEV(B16:AQ16,AS16:AU16)/SQRT(COUNT(B16:AQ16,AS16:AU16)) -> 184.81668 | CH16: =AVERAGE(AW16:BJ16) -> -596.29157 | CI16: =STDEV((AW16:BJ16))/SQRT(COUNT(AW16:BJ16)) -> 134.83728 | CJ16: =AVERAGE(BK16:CD16) -> -385.99424 | CK16: =STDEV(BK16:CD16)/SQRT(COUNT(BK16:CD16)) -> 57.772738 | CL16: =IF(AVERAGE(CF$7:CF$10)>0,(CF16-MEDIAN(CF$7:CF$10)),(CF16+MEDIAN(CF$7:CF$10))) -> -1263.4712 | CM16: 185.65102 | CN16: =IF(AVERAGE(CH$7:CH$10)>0,(CH16-MEDIAN(CH$7:CH$10)),(CH16+MEDIAN(CH$7:CH$10))) -> -618.75193 | CO16: 134.83728 | CP16: =IF(AVERAGE(CJ$7:CJ$10)>0,(CJ16-MEDIAN(CJ$7:CJ$10)),(CJ16+MEDIAN(CJ$7:CJ$10))) -> -398.69882 | CQ16: 57.772738 | CR16: =MEDIAN((B16:AQ16,AS16:AU16)) -> -818.68324 | CS16: =_xlfn.QUARTILE.EXC((B16:AQ16,AS16:AU16),3) -> -512.27884 | CT16: =_xlfn.QUARTILE.EXC((B16:AQ16,AS16:AU16),1) -> -1524.418 | CU16: =MEDIAN(AW16:BJ16) -> -432.29454 | CV16: =_xlfn.QUARTILE.EXC((AW16:BJ16),3) -> -210.07822 | CW16: =_xlfn.QUARTILE.EXC((AW16:BJ16),1) -> -818.93246 | CX16: =MEDIAN(BK16:CD16) -> -329.29465 | CY16: =_xlfn.QUARTILE.EXC((BK16:CD16),3) -> -194.50498 | CZ16: =_xlfn.QUARTILE.EXC((BK16:CD16),1) -> -481.50024 | DA16: =IF(AVERAGE($CR$7:$CR$10)>0,(CR16-MEDIAN($CR$7:$CR$10)),(CR16+MEDIAN($CR$7:$CR$10))) -> -834.34015 | DB16: =IF(AVERAGE($CR$7:$CR$10)>0,(CS16-MEDIAN($CR$7:$CR$10)),(CS16+MEDIAN($CR$7:$CR$10))) -> -527.93575 | DC16: =IF(AVERAGE($CR$7:$CR$10)>0,(CT16-MEDIAN($CR$7:$CR$10)),(CT16+MEDIAN($CR$7:$CR$10))) -> -1540.0749 | DD16: =IF(AVERAGE($CU$7:$CU$10)>0,(CU16-MEDIAN($CU$7:$CU$10)),(CU16+MEDIAN($CU$7:$CU$10))) -> -446.89277 | DE16: =IF(AVERAGE($CU$7:$CU$10)>0,(CV16-MEDIAN($CU$7:$CU$10)),(CV16+MEDIAN($CU$7:$CU$10))) -> -224.67645 | DF16: =IF(AVERAGE($CU$7:$CU$10)>0,(CW16-MEDIAN($CU$7:$CU$10)),(CW16+MEDIAN($CU$7:$CU$10))) -> -833.53069 | DG16: =IF(AVERAGE($CX$7:$CX$10)>0,(CX16-MEDIAN($CX$7:$CX$10)),(CX16+MEDIAN($CX$7:$CX$10))) -> -337.89563 | DH16: =IF(AVERAGE($CX$7:$CX$10)>0,(CY16-MEDIAN($CX$7:$CX$10)),(CY16+MEDIAN($CX$7:$CX$10))) -> -203.10596 | DI16: =IF(AVERAGE($CX$7:$CX$10)>0,(CZ16-MEDIAN($CX$7:$CX$10)),(CZ16+MEDIAN($CX$7:$CX$10))) -> -490.10122
A17: =A16+10 -> 20 | B17: =IF(ISBLANK(RawCurrent!B17),"",IF(AVERAGE(RawCurrent!B$7:B$10)>0,(RawCurrent!B17+MEDIAN(RawCurrent!B$7:B$10)),(RawCurrent!B17-MEDIAN(RawCurrent!B$7:B$10)))) -> -6427.7309 | C17: =IF(ISBLANK(RawCurrent!C17),"",IF(AVERAGE(RawCurrent!C$7:C$10)>0,(RawCurrent!C17+MEDIAN(RawCurrent!C$7:C$10)),(RawCurrent!C17-MEDIAN(RawCurrent!C$7:C$10)))) -> -792.11653 | D17: =IF(ISBLANK(RawCurrent!D17),"",IF(AVERAGE(RawCurrent!D$7:D$10)>0,(RawCurrent!D17+MEDIAN(RawCurrent!D$7:D$10)),(RawCurrent!D17-MEDIAN(RawCurrent!D$7:D$10)))) -> -2598.7072 | E17: =IF(ISBLANK(RawCurrent!E17),"",IF(AVERAGE(RawCurrent!E$7:E$10)>0,(RawCurrent!E17+MEDIAN(RawCurrent!E$7:E$10)),(RawCurrent!E17-MEDIAN(RawCurrent!E$7:E$10)))) -> -3049.9395 | F17: =IF(ISBLANK(RawCurrent!F17),"",IF(AVERAGE(RawCurrent!F$7:F$10)>0,(RawCurrent!F17+MEDIAN(RawCurrent!F$7:F$10)),(RawCurrent!F17-MEDIAN(RawCurrent!F$7:F$10)))) -> -3139.3697 | G17: =IF(ISBLANK(RawCurrent!G17),"",IF(AVERAGE(RawCurrent!G$7:G$10)>0,(RawCurrent!G17+MEDIAN(RawCurrent!G$7:G$10)),(RawCurrent!G17-MEDIAN(RawCurrent!G$7:G$10)))) -> -1370.2548 | H17: =IF(ISBLANK(RawCurrent!H17),"",IF(AVERAGE(RawCurrent!H$7:H$10)>0,(RawCurrent!H17+MEDIAN(RawCurrent!H$7:H$10)),(RawCurrent!H17-MEDIAN(RawCurrent!H$7:H$10)))) -> -1933.7641 | I17: =IF(ISBLANK(RawCurrent!I17),"",IF(AVERAGE(RawCurrent!I$7:I$10)>0,(RawCurrent!I17+MEDIAN(RawCurrent!I$7:I$10)),(RawCurrent!I17-MEDIAN(RawCurrent!I$7:I$10)))) -> -1342.2646 | ... BA17: =IF(ISBLANK(RawCurrent!BA17),"",IF(AVERAGE(RawCurrent!BA$7:BA$10)>0,(RawCurrent!BA17+MEDIAN(RawCurrent!BA$7:BA$10)),(RawCurrent!BA17-MEDIAN(RawCurrent!BA$7:BA$10)))) -> -675.69788 | BB17: -222.11111 | BC17: =IF(ISBLANK(RawCurrent!BC17),"",IF(AVERAGE(RawCurrent!BC$7:BC$10)>0,(RawCurrent!BC17+MEDIAN(RawCurrent!BC$7:BC$10)),(RawCurrent!BC17-MEDIAN(RawCurrent!BC$7:BC$10)))) -> -364.11569 | BD17: =IF(ISBLANK(RawCurrent!BD17),"",IF(AVERAGE(RawCurrent!BD$7:BD$10)>0,(RawCurrent!BD17+MEDIAN(RawCurrent!BD$7:BD$10)),(RawCurrent!BD17-MEDIAN(RawCurrent!BD$7:BD$10)))) -> -400.21823 | BE17: =IF(ISBLANK(RawCurrent!BE17),"",IF(AVERAGE(RawCurrent!BE$7:BE$10)>0,(RawCurrent!BE17+MEDIAN(RawCurrent!BE$7:BE$10)),(RawCurrent!BE17-MEDIAN(RawCurrent!BE$7:BE$10)))) -> -338.03407 | BF17: =IF(ISBLANK(RawCurrent!BF17),"",IF(AVERAGE(RawCurrent!BF$7:BF$10)>0,(RawCurrent!BF17+MEDIAN(RawCurrent!BF$7:BF$10)),(RawCurrent!BF17-MEDIAN(RawCurrent!BF$7:BF$10)))) -> -227.98655 | BG17: =IF(ISBLANK(RawCurrent!BG17),"",IF(AVERAGE(RawCurrent!BG$7:BG$10)>0,(RawCurrent!BG17+MEDIAN(RawCurrent!BG$7:BG$10)),(RawCurrent!BG17-MEDIAN(RawCurrent!BG$7:BG$10)))) -> -614.04621 | BH17: =IF(ISBLANK(RawCurrent!BH17),"",IF(AVERAGE(RawCurrent!BH$7:BH$10)>0,(RawCurrent!BH17+MEDIAN(RawCurrent!BH$7:BH$10)),(RawCurrent!BH17-MEDIAN(RawCurrent!BH$7:BH$10)))) -> -101.52125 | BI17: =IF(ISBLANK(RawCurrent!BI17),"",IF(AVERAGE(RawCurrent!BI$7:BI$10)>0,(RawCurrent!BI17+MEDIAN(RawCurrent!BI$7:BI$10)),(RawCurrent!BI17-MEDIAN(RawCurrent!BI$7:BI$10)))) -> -131.26934 | BJ17: =IF(ISBLANK(RawCurrent!BJ17),"",IF(AVERAGE(RawCurrent!BJ$7:BJ$10)>0,(RawCurrent!BJ17+MEDIAN(RawCurrent!BJ$7:BJ$10)),(RawCurrent!BJ17-MEDIAN(RawCurrent!BJ$7:BJ$10)))) -> -158.84398 | ... CD17: =IF(ISBLANK(RawCurrent!CD17),"",IF(AVERAGE(RawCurrent!CD$7:CD$10)>0,(RawCurrent!CD17+MEDIAN(RawCurrent!CD$7:CD$10)),(RawCurrent!CD17-MEDIAN(RawCurrent!CD$7:CD$10)))) -> -140.11895 | CE17: =CE16+10 -> 20 | CF17: =AVERAGE(B17:AQ17,AS17:AU17) -> -1104.612 | CG17: =STDEV(B17:AQ17,AS17:AU17)/SQRT(COUNT(B17:AQ17,AS17:AU17)) -> 168.60149 | CH17: =AVERAGE(AW17:BJ17) -> -556.32467 | CI17: =STDEV((AW17:BJ17))/SQRT(COUNT(AW17:BJ17)) -> 123.43287 | CJ17: =AVERAGE(BK17:CD17) -> -345.12562 | CK17: =STDEV(BK17:CD17)/SQRT(COUNT(BK17:CD17)) -> 53.882419 | CL17: =IF(AVERAGE(CF$7:CF$10)>0,(CF17-MEDIAN(CF$7:CF$10)),(CF17+MEDIAN(CF$7:CF$10))) -> -1137.2985 | CM17: 169.59984 | CN17: =IF(AVERAGE(CH$7:CH$10)>0,(CH17-MEDIAN(CH$7:CH$10)),(CH17+MEDIAN(CH$7:CH$10))) -> -578.78503 | CO17: 123.43287 | CP17: =IF(AVERAGE(CJ$7:CJ$10)>0,(CJ17-MEDIAN(CJ$7:CJ$10)),(CJ17+MEDIAN(CJ$7:CJ$10))) -> -357.8302 | CQ17: 53.882419 | CR17: =MEDIAN((B17:AQ17,AS17:AU17)) -> -670.36994 | CS17: =_xlfn.QUARTILE.EXC((B17:AQ17,AS17:AU17),3) -> -515.10702 | CT17: =_xlfn.QUARTILE.EXC((B17:AQ17,AS17:AU17),1) -> -1334.8002 | CU17: =MEDIAN(AW17:BJ17) -> -382.16696 | CV17: =_xlfn.QUARTILE.EXC((AW17:BJ17),3) -> -206.29433 | CW17: =_xlfn.QUARTILE.EXC((AW17:BJ17),1) -> -773.23736 | CX17: =MEDIAN(BK17:CD17) -> -307.73836 | CY17: =_xlfn.QUARTILE.EXC((BK17:CD17),3) -> -181.53078 | CZ17: =_xlfn.QUARTILE.EXC((BK17:CD17),1) -> -421.0958 | DA17: =IF(AVERAGE($CR$7:$CR$10)>0,(CR17-MEDIAN($CR$7:$CR$10)),(CR17+MEDIAN($CR$7:$CR$10))) -> -686.02686 | DB17: =IF(AVERAGE($CR$7:$CR$10)>0,(CS17-MEDIAN($CR$7:$CR$10)),(CS17+MEDIAN($CR$7:$CR$10))) -> -530.76393 | DC17: =IF(AVERAGE($CR$7:$CR$10)>0,(CT17-MEDIAN($CR$7:$CR$10)),(CT17+MEDIAN($CR$7:$CR$10))) -> -1350.4572 | DD17: =IF(AVERAGE($CU$7:$CU$10)>0,(CU17-MEDIAN($CU$7:$CU$10)),(CU17+MEDIAN($CU$7:$CU$10))) -> -396.76519 | DE17: =IF(AVERAGE($CU$7:$CU$10)>0,(CV17-MEDIAN($CU$7:$CU$10)),(CV17+MEDIAN($CU$7:$CU$10))) -> -220.89256 | DF17: =IF(AVERAGE($CU$7:$CU$10)>0,(CW17-MEDIAN($CU$7:$CU$10)),(CW17+MEDIAN($CU$7:$CU$10))) -> -787.83559 | DG17: =IF(AVERAGE($CX$7:$CX$10)>0,(CX17-MEDIAN($CX$7:$CX$10)),(CX17+MEDIAN($CX$7:$CX$10))) -> -316.33934 | DH17: =IF(AVERAGE($CX$7:$CX$10)>0,(CY17-MEDIAN($CX$7:$CX$10)),(CY17+MEDIAN($CX$7:$CX$10))) -> -190.13176 | DI17: =IF(AVERAGE($CX$7:$CX$10)>0,(CZ17-MEDIAN($CX$7:$CX$10)),(CZ17+MEDIAN($CX$7:$CX$10))) -> -429.69678
A18: =A17+10 -> 30 | B18: =IF(ISBLANK(RawCurrent!B18),"",IF(AVERAGE(RawCurrent!B$7:B$10)>0,(RawCurrent!B18+MEDIAN(RawCurrent!B$7:B$10)),(RawCurrent!B18-MEDIAN(RawCurrent!B$7:B$10)))) -> -5520.1342 | C18: =IF(ISBLANK(RawCurrent!C18),"",IF(AVERAGE(RawCurrent!C$7:C$10)>0,(RawCurrent!C18+MEDIAN(RawCurrent!C$7:C$10)),(RawCurrent!C18-MEDIAN(RawCurrent!C$7:C$10)))) -> -646.30086 | D18: =IF(ISBLANK(RawCurrent!D18),"",IF(AVERAGE(RawCurrent!D$7:D$10)>0,(RawCurrent!D18+MEDIAN(RawCurrent!D$7:D$10)),(RawCurrent!D18-MEDIAN(RawCurrent!D$7:D$10)))) -> -2062.7521 | E18: =IF(ISBLANK(RawCurrent!E18),"",IF(AVERAGE(RawCurrent!E$7:E$10)>0,(RawCurrent!E18+MEDIAN(RawCurrent!E$7:E$10)),(RawCurrent!E18-MEDIAN(RawCurrent!E$7:E$10)))) -> -2344.275 | F18: =IF(ISBLANK(RawCurrent!F18),"",IF(AVERAGE(RawCurrent!F$7:F$10)>0,(RawCurrent!F18+MEDIAN(RawCurrent!F$7:F$10)),(RawCurrent!F18-MEDIAN(RawCurrent!F$7:F$10)))) -> -2537.4376 | G18: =IF(ISBLANK(RawCurrent!G18),"",IF(AVERAGE(RawCurrent!G$7:G$10)>0,(RawCurrent!G18+MEDIAN(RawCurrent!G$7:G$10)),(RawCurrent!G18-MEDIAN(RawCurrent!G$7:G$10)))) -> -1102.7835 | H18: =IF(ISBLANK(RawCurrent!H18),"",IF(AVERAGE(RawCurrent!H$7:H$10)>0,(RawCurrent!H18+MEDIAN(RawCurrent!H$7:H$10)),(RawCurrent!H18-MEDIAN(RawCurrent!H$7:H$10)))) -> -1704.0693 | I18: =IF(ISBLANK(RawCurrent!I18),"",IF(AVERAGE(RawCurrent!I$7:I$10)>0,(RawCurrent!I18+MEDIAN(RawCurrent!I$7:I$10)),(RawCurrent!I18-MEDIAN(RawCurrent!I$7:I$10)))) -> -1061.6483 | ... AM18: =IF(ISBLANK(RawCurrent!AM18),"",IF(AVERAGE(RawCurrent!AM$7:AM$10)>0,(RawCurrent!AM18+MEDIAN(RawCurrent!AM$7:AM$10)),(RawCurrent!AM18-MEDIAN(RawCurrent!AM$7:AM$10)))) -> -266.82246 | AO18: =IF(ISBLANK(RawCurrent!AO18),"",IF(AVERAGE(RawCurrent!AO$7:AO$10)>0,(RawCurrent!AO18+MEDIAN(RawCurrent!AO$7:AO$10)),(RawCurrent!AO18-MEDIAN(RawCurrent!AO$7:AO$10)))) -> -179.23819 | AP18: =IF(ISBLANK(RawCurrent!AP18),"",IF(AVERAGE(RawCurrent!AP$7:AP$10)>0,(RawCurrent!AP18+MEDIAN(RawCurrent!AP$7:AP$10)),(RawCurrent!AP18-MEDIAN(RawCurrent!AP$7:AP$10)))) -> -129.96625 | AQ18: =IF(ISBLANK(RawCurrent!AQ18),"",IF(AVERAGE(RawCurrent!AQ$7:AQ$10)>0,(RawCurrent!AQ18+MEDIAN(RawCurrent!AQ$7:AQ$10)),(RawCurrent!AQ18-MEDIAN(RawCurrent!AQ$7:AQ$10)))) -> -142.85171 | AR18: =IF(ISBLANK(RawCurrent!AR18),"",IF(AVERAGE(RawCurrent!AR$7:AR$10)>0,(RawCurrent!AR18+MEDIAN(RawCurrent!AR$7:AR$10)),(RawCurrent!AR18-MEDIAN(RawCurrent!AR$7:AR$10)))) -> -73.955347 | AS18: =IF(ISBLANK(RawCurrent!AS18),"",IF(AVERAGE(RawCurrent!AS$7:AS$10)>0,(RawCurrent!AS18+MEDIAN(RawCurrent!AS$7:AS$10)),(RawCurrent!AS18-MEDIAN(RawCurrent!AS$7:AS$10)))) -> -136.63172 | AT18: =IF(ISBLANK(RawCurrent!AT18),"",IF(AVERAGE(RawCurrent!AT$7:AT$10)>0,(RawCurrent!AT18+MEDIAN(RawCurrent!AT$7:AT$10)),(RawCurrent!AT18-MEDIAN(RawCurrent!AT$7:AT$10)))) -> -205.60702 | AU18: =IF(ISBLANK(RawCurrent!AU18),"",IF(AVERAGE(RawCurrent!AU$7:AU$10)>0,(RawCurrent!AU18+MEDIAN(RawCurrent!AU$7:AU$10)),(RawCurrent!AU18-MEDIAN(RawCurrent!AU$7:AU$10)))) -> -467.82702 | AV18: =IF(ISBLANK(RawCurrent!AV18),"",IF(AVERAGE(RawCurrent!AV$7:AV$10)>0,(RawCurrent!AV18+MEDIAN(RawCurrent!AV$7:AV$10)),(RawCurrent!AV18-MEDIAN(RawCurrent!AV$7:AV$10)))) -> -132.14897 | ... BA18: =IF(ISBLANK(RawCurrent!BA18),"",IF(AVERAGE(RawCurrent!BA$7:BA$10)>0,(RawCurrent!BA18+MEDIAN(RawCurrent!BA$7:BA$10)),(RawCurrent!BA18-MEDIAN(RawCurrent!BA$7:BA$10)))) -> -589.95417 | BB18: -185.56741 | BC18: =IF(ISBLANK(RawCurrent!BC18),"",IF(AVERAGE(RawCurrent!BC$7:BC$10)>0,(RawCurrent!BC18+MEDIAN(RawCurrent!BC$7:BC$10)),(RawCurrent!BC18-MEDIAN(RawCurrent!BC$7:BC$10)))) -> -264.10861 | BD18: =IF(ISBLANK(RawCurrent!BD18),"",IF(AVERAGE(RawCurrent!BD$7:BD$10)>0,(RawCurrent!BD18+MEDIAN(RawCurrent!BD$7:BD$10)),(RawCurrent!BD18-MEDIAN(RawCurrent!BD$7:BD$10)))) -> -320.18134 | BE18: =IF(ISBLANK(RawCurrent!BE18),"",IF(AVERAGE(RawCurrent!BE$7:BE$10)>0,(RawCurrent!BE18+MEDIAN(RawCurrent!BE$7:BE$10)),(RawCurrent!BE18-MEDIAN(RawCurrent!BE$7:BE$10)))) -> -270.45833 | BF18: =IF(ISBLANK(RawCurrent!BF18),"",IF(AVERAGE(RawCurrent!BF$7:BF$10)>0,(RawCurrent!BF18+MEDIAN(RawCurrent!BF$7:BF$10)),(RawCurrent!BF18-MEDIAN(RawCurrent!BF$7:BF$10)))) -> -178.8657 | BG18: =IF(ISBLANK(RawCurrent!BG18),"",IF(AVERAGE(RawCurrent!BG$7:BG$10)>0,(RawCurrent!BG18+MEDIAN(RawCurrent!BG$7:BG$10)),(RawCurrent!BG18-MEDIAN(RawCurrent!BG$7:BG$10)))) -> -524.88648 | BH18: =IF(ISBLANK(RawCurrent!BH18),"",IF(AVERAGE(RawCurrent!BH$7:BH$10)>0,(RawCurrent!BH18+MEDIAN(RawCurrent!BH$7:BH$10)),(RawCurrent!BH18-MEDIAN(RawCurrent!BH$7:BH$10)))) -> -77.827705 | BI18: =IF(ISBLANK(RawCurrent!BI18),"",IF(AVERAGE(RawCurrent!BI$7:BI$10)>0,(RawCurrent!BI18+MEDIAN(RawCurrent!BI$7:BI$10)),(RawCurrent!BI18-MEDIAN(RawCurrent!BI$7:BI$10)))) -> -107.05711 | BJ18: =IF(ISBLANK(RawCurrent!BJ18),"",IF(AVERAGE(RawCurrent!BJ$7:BJ$10)>0,(RawCurrent!BJ18+MEDIAN(RawCurrent!BJ$7:BJ$10)),(RawCurrent!BJ18-MEDIAN(RawCurrent!BJ$7:BJ$10)))) -> -126.61742 | ... BX18: =IF(ISBLANK(RawCurrent!BX18),"",IF(AVERAGE(RawCurrent!BX$7:BX$10)>0,(RawCurrent!BX18+MEDIAN(RawCurrent!BX$7:BX$10)),(RawCurrent!BX18-MEDIAN(RawCurrent!BX$7:BX$10)))) -> -226.09912 | BZ18: =IF(ISBLANK(RawCurrent!BZ18),"",IF(AVERAGE(RawCurrent!BZ$7:BZ$10)>0,(RawCurrent!BZ18+MEDIAN(RawCurrent!BZ$7:BZ$10)),(RawCurrent!BZ18-MEDIAN(RawCurrent!BZ$7:BZ$10)))) -> -68.282394 | CA18: =IF(ISBLANK(RawCurrent!CA18),"",IF(AVERAGE(RawCurrent!CA$7:CA$10)>0,(RawCurrent!CA18+MEDIAN(RawCurrent!CA$7:CA$10)),(RawCurrent!CA18-MEDIAN(RawCurrent!CA$7:CA$10)))) -> -107.6699 | CB18: =IF(ISBLANK(RawCurrent!CB18),"",IF(AVERAGE(RawCurrent!CB$7:CB$10)>0,(RawCurrent!CB18+MEDIAN(RawCurrent!CB$7:CB$10)),(RawCurrent!CB18-MEDIAN(RawCurrent!CB$7:CB$10)))) -> -74.770669 | CC18: =IF(ISBLANK(RawCurrent!CC18),"",IF(AVERAGE(RawCurrent!CC$7:CC$10)>0,(RawCurrent!CC18+MEDIAN(RawCurrent!CC$7:CC$10)),(RawCurrent!CC18-MEDIAN(RawCurrent!CC$7:CC$10)))) -> -186.81596 | CD18: =IF(ISBLANK(RawCurrent!CD18),"",IF(AVERAGE(RawCurrent!CD$7:CD$10)>0,(RawCurrent!CD18+MEDIAN(RawCurrent!CD$7:CD$10)),(RawCurrent!CD18-MEDIAN(RawCurrent!CD$7:CD$10)))) -> -112.56053 | CE18: =CE17+10 -> 30 | CF18: =AVERAGE(B18:AQ18,AS18:AU18) -> -904.65886 | CG18: =STDEV(B18:AQ18,AS18:AU18)/SQRT(COUNT(B18:AQ18,AS18:AU18)) -> 144.94749 | CH18: =AVERAGE(AW18:BJ18) -> -459.58881 | CI18: =STDEV((AW18:BJ18))/SQRT(COUNT(AW18:BJ18)) -> 102.22646 | CJ18: =AVERAGE(BK18:CD18) -> -280.23842 | CK18: =STDEV(BK18:CD18)/SQRT(COUNT(BK18:CD18)) -> 46.198291 | CL18: =IF(AVERAGE(CF$7:CF$10)>0,(CF18-MEDIAN(CF$7:CF$10)),(CF18+MEDIAN(CF$7:CF$10))) -> -937.34538 | CM18: 145.23582 | CN18: =IF(AVERAGE(CH$7:CH$10)>0,(CH18-MEDIAN(CH$7:CH$10)),(CH18+MEDIAN(CH$7:CH$10))) -> -482.04917 | CO18: 102.22646 | CP18: =IF(AVERAGE(CJ$7:CJ$10)>0,(CJ18-MEDIAN(CJ$7:CJ$10)),(CJ18+MEDIAN(CJ$7:CJ$10))) -> -292.943 | CQ18: 46.198291 | CR18: =MEDIAN((B18:AQ18,AS18:AU18)) -> -562.58649 | CS18: =_xlfn.QUARTILE.EXC((B18:AQ18,AS18:AU18),3) -> -414.09122 | CT18: =_xlfn.QUARTILE.EXC((B18:AQ18,AS18:AU18),1) -> -1043.4411 | CU18: =MEDIAN(AW18:BJ18) -> -295.31983 | CV18: =_xlfn.QUARTILE.EXC((AW18:BJ18),3) -> -165.80363 | CW18: =_xlfn.QUARTILE.EXC((AW18:BJ18),1) -> -668.28367 | CX18: =MEDIAN(BK18:CD18) -> -252.84349 | CY18: =_xlfn.QUARTILE.EXC((BK18:CD18),3) -> -181.76046 | CZ18: =_xlfn.QUARTILE.EXC((BK18:CD18),1) -> -325.91695 | DA18: =IF(AVERAGE($CR$7:$CR$10)>0,(CR18-MEDIAN($CR$7:$CR$10)),(CR18+MEDIAN($CR$7:$CR$10))) -> -578.24341 | DB18: =IF(AVERAGE($CR$7:$CR$10)>0,(CS18-MEDIAN($CR$7:$CR$10)),(CS18+MEDIAN($CR$7:$CR$10))) -> -429.74813 | DC18: =IF(AVERAGE($CR$7:$CR$10)>0,(CT18-MEDIAN($CR$7:$CR$10)),(CT18+MEDIAN($CR$7:$CR$10))) -> -1059.098 | DD18: =IF(AVERAGE($CU$7:$CU$10)>0,(CU18-MEDIAN($CU$7:$CU$10)),(CU18+MEDIAN($CU$7:$CU$10))) -> -309.91806 | DE18: =IF(AVERAGE($CU$7:$CU$10)>0,(CV18-MEDIAN($CU$7:$CU$10)),(CV18+MEDIAN($CU$7:$CU$10))) -> -180.40186 | DF18: =IF(AVERAGE($CU$7:$CU$10)>0,(CW18-MEDIAN($CU$7:$CU$10)),(CW18+MEDIAN($CU$7:$CU$10))) -> -682.8819 | DG18: =IF(AVERAGE($CX$7:$CX$10)>0,(CX18-MEDIAN($CX$7:$CX$10)),(CX18+MEDIAN($CX$7:$CX$10))) -> -261.44447 | DH18: =IF(AVERAGE($CX$7:$CX$10)>0,(CY18-MEDIAN($CX$7:$CX$10)),(CY18+MEDIAN($CX$7:$CX$10))) -> -190.36144 | DI18: =IF(AVERAGE($CX$7:$CX$10)>0,(CZ18-MEDIAN($CX$7:$CX$10)),(CZ18+MEDIAN($CX$7:$CX$10))) -> -334.51793
A19: =A18+10 -> 40 | B19: =IF(ISBLANK(RawCurrent!B19),"",IF(AVERAGE(RawCurrent!B$7:B$10)>0,(RawCurrent!B19+MEDIAN(RawCurrent!B$7:B$10)),(RawCurrent!B19-MEDIAN(RawCurrent!B$7:B$10)))) -> -4489.1771 | C19: =IF(ISBLANK(RawCurrent!C19),"",IF(AVERAGE(RawCurrent!C$7:C$10)>0,(RawCurrent!C19+MEDIAN(RawCurrent!C$7:C$10)),(RawCurrent!C19-MEDIAN(RawCurrent!C$7:C$10)))) -> -475.95397 | D19: =IF(ISBLANK(RawCurrent!D19),"",IF(AVERAGE(RawCurrent!D$7:D$10)>0,(RawCurrent!D19+MEDIAN(RawCurrent!D$7:D$10)),(RawCurrent!D19-MEDIAN(RawCurrent!D$7:D$10)))) -> -1414.4615 | E19: =IF(ISBLANK(RawCurrent!E19),"",IF(AVERAGE(RawCurrent!E$7:E$10)>0,(RawCurrent!E19+MEDIAN(RawCurrent!E$7:E$10)),(RawCurrent!E19-MEDIAN(RawCurrent!E$7:E$10)))) -> -1585.1016 | F19: =IF(ISBLANK(RawCurrent!F19),"",IF(AVERAGE(RawCurrent!F$7:F$10)>0,(RawCurrent!F19+MEDIAN(RawCurrent!F$7:F$10)),(RawCurrent!F19-MEDIAN(RawCurrent!F$7:F$10)))) -> -1748.4056 | G19: =IF(ISBLANK(RawCurrent!G19),"",IF(AVERAGE(RawCurrent!G$7:G$10)>0,(RawCurrent!G19+MEDIAN(RawCurrent!G$7:G$10)),(RawCurrent!G19-MEDIAN(RawCurrent!G$7:G$10)))) -> -862.75278 | H19: =IF(ISBLANK(RawCurrent!H19),"",IF(AVERAGE(RawCurrent!H$7:H$10)>0,(RawCurrent!H19+MEDIAN(RawCurrent!H$7:H$10)),(RawCurrent!H19-MEDIAN(RawCurrent!H$7:H$10)))) -> -1407.1932 | I19: =IF(ISBLANK(RawCurrent!I19),"",IF(AVERAGE(RawCurrent!I$7:I$10)>0,(RawCurrent!I19+MEDIAN(RawCurrent!I$7:I$10)),(RawCurrent!I19-MEDIAN(RawCurrent!I$7:I$10)))) -> -788.20658 | ... AM19: =IF(ISBLANK(RawCurrent!AM19),"",IF(AVERAGE(RawCurrent!AM$7:AM$10)>0,(RawCurrent!AM19+MEDIAN(RawCurrent!AM$7:AM$10)),(RawCurrent!AM19-MEDIAN(RawCurrent!AM$7:AM$10)))) -> -204.77339 | AO19: =IF(ISBLANK(RawCurrent!AO19),"",IF(AVERAGE(RawCurrent!AO$7:AO$10)>0,(RawCurrent!AO19+MEDIAN(RawCurrent!AO$7:AO$10)),(RawCurrent!AO19-MEDIAN(RawCurrent!AO$7:AO$10)))) -> -127.11025 | AP19: =IF(ISBLANK(RawCurrent!AP19),"",IF(AVERAGE(RawCurrent!AP$7:AP$10)>0,(RawCurrent!AP19+MEDIAN(RawCurrent!AP$7:AP$10)),(RawCurrent!AP19-MEDIAN(RawCurrent!AP$7:AP$10)))) -> -79.694263 | AQ19: =IF(ISBLANK(RawCurrent!AQ19),"",IF(AVERAGE(RawCurrent!AQ$7:AQ$10)>0,(RawCurrent!AQ19+MEDIAN(RawCurrent!AQ$7:AQ$10)),(RawCurrent!AQ19-MEDIAN(RawCurrent!AQ$7:AQ$10)))) -> -104.35201 | AR19: =IF(ISBLANK(RawCurrent!AR19),"",IF(AVERAGE(RawCurrent!AR$7:AR$10)>0,(RawCurrent!AR19+MEDIAN(RawCurrent!AR$7:AR$10)),(RawCurrent!AR19-MEDIAN(RawCurrent!AR$7:AR$10)))) -> -40.907938 | AS19: =IF(ISBLANK(RawCurrent!AS19),"",IF(AVERAGE(RawCurrent!AS$7:AS$10)>0,(RawCurrent!AS19+MEDIAN(RawCurrent!AS$7:AS$10)),(RawCurrent!AS19-MEDIAN(RawCurrent!AS$7:AS$10)))) -> -107.77545 | AT19: =IF(ISBLANK(RawCurrent!AT19),"",IF(AVERAGE(RawCurrent!AT$7:AT$10)>0,(RawCurrent!AT19+MEDIAN(RawCurrent!AT$7:AT$10)),(RawCurrent!AT19-MEDIAN(RawCurrent!AT$7:AT$10)))) -> -148.41116 | AU19: =IF(ISBLANK(RawCurrent!AU19),"",IF(AVERAGE(RawCurrent!AU$7:AU$10)>0,(RawCurrent!AU19+MEDIAN(RawCurrent!AU$7:AU$10)),(RawCurrent!AU19-MEDIAN(RawCurrent!AU$7:AU$10)))) -> -346.89495 | AV19: =IF(ISBLANK(RawCurrent!AV19),"",IF(AVERAGE(RawCurrent!AV$7:AV$10)>0,(RawCurrent!AV19+MEDIAN(RawCurrent!AV$7:AV$10)),(RawCurrent!AV19-MEDIAN(RawCurrent!AV$7:AV$10)))) -> -71.032419 | ... BA19: =IF(ISBLANK(RawCurrent!BA19),"",IF(AVERAGE(RawCurrent!BA$7:BA$10)>0,(RawCurrent!BA19+MEDIAN(RawCurrent!BA$7:BA$10)),(RawCurrent!BA19-MEDIAN(RawCurrent!BA$7:BA$10)))) -> -455.9829 | BB19: -164.44008 | BC19: =IF(ISBLANK(RawCurrent!BC19),"",IF(AVERAGE(RawCurrent!BC$7:BC$10)>0,(RawCurrent!BC19+MEDIAN(RawCurrent!BC$7:BC$10)),(RawCurrent!BC19-MEDIAN(RawCurrent!BC$7:BC$10)))) -> -166.46835 | BD19: =IF(ISBLANK(RawCurrent!BD19),"",IF(AVERAGE(RawCurrent!BD$7:BD$10)>0,(RawCurrent!BD19+MEDIAN(RawCurrent!BD$7:BD$10)),(RawCurrent!BD19-MEDIAN(RawCurrent!BD$7:BD$10)))) -> -198.9382 | BE19: =IF(ISBLANK(RawCurrent!BE19),"",IF(AVERAGE(RawCurrent!BE$7:BE$10)>0,(RawCurrent!BE19+MEDIAN(RawCurrent!BE$7:BE$10)),(RawCurrent!BE19-MEDIAN(RawCurrent!BE$7:BE$10)))) -> -195.8503 | BF19: =IF(ISBLANK(RawCurrent!BF19),"",IF(AVERAGE(RawCurrent!BF$7:BF$10)>0,(RawCurrent!BF19+MEDIAN(RawCurrent!BF$7:BF$10)),(RawCurrent!BF19-MEDIAN(RawCurrent!BF$7:BF$10)))) -> -137.6531 | BG19: =IF(ISBLANK(RawCurrent!BG19),"",IF(AVERAGE(RawCurrent!BG$7:BG$10)>0,(RawCurrent!BG19+MEDIAN(RawCurrent!BG$7:BG$10)),(RawCurrent!BG19-MEDIAN(RawCurrent!BG$7:BG$10)))) -> -415.54365 | BH19: =IF(ISBLANK(RawCurrent!BH19),"",IF(AVERAGE(RawCurrent!BH$7:BH$10)>0,(RawCurrent!BH19+MEDIAN(RawCurrent!BH$7:BH$10)),(RawCurrent!BH19-MEDIAN(RawCurrent!BH$7:BH$10)))) -> -53.618111 | BI19: =IF(ISBLANK(RawCurrent!BI19),"",IF(AVERAGE(RawCurrent!BI$7:BI$10)>0,(RawCurrent!BI19+MEDIAN(RawCurrent!BI$7:BI$10)),(RawCurrent!BI19-MEDIAN(RawCurrent!BI$7:BI$10)))) -> -76.724504 | BJ19: =IF(ISBLANK(RawCurrent!BJ19),"",IF(AVERAGE(RawCurrent!BJ$7:BJ$10)>0,(RawCurrent!BJ19+MEDIAN(RawCurrent!BJ$7:BJ$10)),(RawCurrent!BJ19-MEDIAN(RawCurrent!BJ$7:BJ$10)))) -> -92.102044 | ... BX19: =IF(ISBLANK(RawCurrent!BX19),"",IF(AVERAGE(RawCurrent!BX$7:BX$10)>0,(RawCurrent!BX19+MEDIAN(RawCurrent!BX$7:BX$10)),(RawCurrent!BX19-MEDIAN(RawCurrent!BX$7:BX$10)))) -> -165.55467 | BZ19: =IF(ISBLANK(RawCurrent!BZ19),"",IF(AVERAGE(RawCurrent!BZ$7:BZ$10)>0,(RawCurrent!BZ19+MEDIAN(RawCurrent!BZ$7:BZ$10)),(RawCurrent!BZ19-MEDIAN(RawCurrent!BZ$7:BZ$10)))) -> -38.901413 | CA19: =IF(ISBLANK(RawCurrent!CA19),"",IF(AVERAGE(RawCurrent!CA$7:CA$10)>0,(RawCurrent!CA19+MEDIAN(RawCurrent!CA$7:CA$10)),(RawCurrent!CA19-MEDIAN(RawCurrent!CA$7:CA$10)))) -> -60.274502 | CB19: =IF(ISBLANK(RawCurrent!CB19),"",IF(AVERAGE(RawCurrent!CB$7:CB$10)>0,(RawCurrent!CB19+MEDIAN(RawCurrent!CB$7:CB$10)),(RawCurrent!CB19-MEDIAN(RawCurrent!CB$7:CB$10)))) -> -58.039608 | CC19: =IF(ISBLANK(RawCurrent!CC19),"",IF(AVERAGE(RawCurrent!CC$7:CC$10)>0,(RawCurrent!CC19+MEDIAN(RawCurrent!CC$7:CC$10)),(RawCurrent!CC19-MEDIAN(RawCurrent!CC$7:CC$10)))) -> -174.12895 | CD19: =IF(ISBLANK(RawCurrent!CD19),"",IF(AVERAGE(RawCurrent!CD$7:CD$10)>0,(RawCurrent!CD19+MEDIAN(RawCurrent!CD$7:CD$10)),(RawCurrent!CD19-MEDIAN(RawCurrent!CD$7:CD$10)))) -> -85.661959 | CE19: =CE18+10 -> 40 | CF19: =AVERAGE(B19:AQ19,AS19:AU19) -> -668.39225 | CG19: =STDEV(B19:AQ19,AS19:AU19)/SQRT(COUNT(B19:AQ19,AS19:AU19)) -> 114.77393 | CH19: =AVERAGE(AW19:BJ19) -> -342.81765 | CI19: =STDEV((AW19:BJ19))/SQRT(COUNT(AW19:BJ19)) -> 77.647353 | CJ19: =AVERAGE(BK19:CD19) -> -191.61247 | CK19: =STDEV(BK19:CD19)/SQRT(COUNT(BK19:CD19)) -> 33.66098 | CL19: =IF(AVERAGE(CF$7:CF$10)>0,(CF19-MEDIAN(CF$7:CF$10)),(CF19+MEDIAN(CF$7:CF$10))) -> -701.07877 | CM19: 113.78458 | CN19: =IF(AVERAGE(CH$7:CH$10)>0,(CH19-MEDIAN(CH$7:CH$10)),(CH19+MEDIAN(CH$7:CH$10))) -> -365.27802 | CO19: 77.647353 | CP19: =IF(AVERAGE(CJ$7:CJ$10)>0,(CJ19-MEDIAN(CJ$7:CJ$10)),(CJ19+MEDIAN(CJ$7:CJ$10))) -> -204.31705 | CQ19: 33.66098 | CR19: =MEDIAN((B19:AQ19,AS19:AU19)) -> -390.40555 | CS19: =_xlfn.QUARTILE.EXC((B19:AQ19,AS19:AU19),3) -> -269.54742 | CT19: =_xlfn.QUARTILE.EXC((B19:AQ19,AS19:AU19),1) -> -773.45917 | CU19: =MEDIAN(AW19:BJ19) -> -197.39425 | CV19: =_xlfn.QUARTILE.EXC((AW19:BJ19),3) -> -126.26534 | CW19: =_xlfn.QUARTILE.EXC((AW19:BJ19),1) -> -508.35304 | CX19: =MEDIAN(BK19:CD19) -> -180.53765 | CY19: =_xlfn.QUARTILE.EXC((BK19:CD19),3) -> -102.27286 | CZ19: =_xlfn.QUARTILE.EXC((BK19:CD19),1) -> -209.26388 | DA19: =IF(AVERAGE($CR$7:$CR$10)>0,(CR19-MEDIAN($CR$7:$CR$10)),(CR19+MEDIAN($CR$7:$CR$10))) -> -406.06246 | DB19: =IF(AVERAGE($CR$7:$CR$10)>0,(CS19-MEDIAN($CR$7:$CR$10)),(CS19+MEDIAN($CR$7:$CR$10))) -> -285.20433 | DC19: =IF(AVERAGE($CR$7:$CR$10)>0,(CT19-MEDIAN($CR$7:$CR$10)),(CT19+MEDIAN($CR$7:$CR$10))) -> -789.11608 | DD19: =IF(AVERAGE($CU$7:$CU$10)>0,(CU19-MEDIAN($CU$7:$CU$10)),(CU19+MEDIAN($CU$7:$CU$10))) -> -211.99248 | DE19: =IF(AVERAGE($CU$7:$CU$10)>0,(CV19-MEDIAN($CU$7:$CU$10)),(CV19+MEDIAN($CU$7:$CU$10))) -> -140.86357 | DF19: =IF(AVERAGE($CU$7:$CU$10)>0,(CW19-MEDIAN($CU$7:$CU$10)),(CW19+MEDIAN($CU$7:$CU$10))) -> -522.95126 | DG19: =IF(AVERAGE($CX$7:$CX$10)>0,(CX19-MEDIAN($CX$7:$CX$10)),(CX19+MEDIAN($CX$7:$CX$10))) -> -189.13863 | DH19: =IF(AVERAGE($CX$7:$CX$10)>0,(CY19-MEDIAN($CX$7:$CX$10)),(CY19+MEDIAN($CX$7:$CX$10))) -> -110.87384 | DI19: =IF(AVERAGE($CX$7:$CX$10)>0,(CZ19-MEDIAN($CX$7:$CX$10)),(CZ19+MEDIAN($CX$7:$CX$10))) -> -217.86486
A20: =A19+10 -> 50 | B20: =IF(ISBLANK(RawCurrent!B20),"",IF(AVERAGE(RawCurrent!B$7:B$10)>0,(RawCurrent!B20+MEDIAN(RawCurrent!B$7:B$10)),(RawCurrent!B20-MEDIAN(RawCurrent!B$7:B$10)))) -> -3084.601 | C20: =IF(ISBLANK(RawCurrent!C20),"",IF(AVERAGE(RawCurrent!C$7:C$10)>0,(RawCurrent!C20+MEDIAN(RawCurrent!C$7:C$10)),(RawCurrent!C20-MEDIAN(RawCurrent!C$7:C$10)))) -> -337.43035 | D20: =IF(ISBLANK(RawCurrent!D20),"",IF(AVERAGE(RawCurrent!D$7:D$10)>0,(RawCurrent!D20+MEDIAN(RawCurrent!D$7:D$10)),(RawCurrent!D20-MEDIAN(RawCurrent!D$7:D$10)))) -> -781.5235 | E20: =IF(ISBLANK(RawCurrent!E20),"",IF(AVERAGE(RawCurrent!E$7:E$10)>0,(RawCurrent!E20+MEDIAN(RawCurrent!E$7:E$10)),(RawCurrent!E20-MEDIAN(RawCurrent!E$7:E$10)))) -> -887.52412 | F20: =IF(ISBLANK(RawCurrent!F20),"",IF(AVERAGE(RawCurrent!F$7:F$10)>0,(RawCurrent!F20+MEDIAN(RawCurrent!F$7:F$10)),(RawCurrent!F20-MEDIAN(RawCurrent!F$7:F$10)))) -> -951.36214 | G20: =IF(ISBLANK(RawCurrent!G20),"",IF(AVERAGE(RawCurrent!G$7:G$10)>0,(RawCurrent!G20+MEDIAN(RawCurrent!G$7:G$10)),(RawCurrent!G20-MEDIAN(RawCurrent!G$7:G$10)))) -> -585.68088 | H20: =IF(ISBLANK(RawCurrent!H20),"",IF(AVERAGE(RawCurrent!H$7:H$10)>0,(RawCurrent!H20+MEDIAN(RawCurrent!H$7:H$10)),(RawCurrent!H20-MEDIAN(RawCurrent!H$7:H$10)))) -> -1097.8841 | I20: =IF(ISBLANK(RawCurrent!I20),"",IF(AVERAGE(RawCurrent!I$7:I$10)>0,(RawCurrent!I20+MEDIAN(RawCurrent!I$7:I$10)),(RawCurrent!I20-MEDIAN(RawCurrent!I$7:I$10)))) -> -514.84403 | ... AM20: =IF(ISBLANK(RawCurrent!AM20),"",IF(AVERAGE(RawCurrent!AM$7:AM$10)>0,(RawCurrent!AM20+MEDIAN(RawCurrent!AM$7:AM$10)),(RawCurrent!AM20-MEDIAN(RawCurrent!AM$7:AM$10)))) -> -125.77386 | AO20: =IF(ISBLANK(RawCurrent!AO20),"",IF(AVERAGE(RawCurrent!AO$7:AO$10)>0,(RawCurrent!AO20+MEDIAN(RawCurrent!AO$7:AO$10)),(RawCurrent!AO20-MEDIAN(RawCurrent!AO$7:AO$10)))) -> -71.332745 | AP20: =IF(ISBLANK(RawCurrent!AP20),"",IF(AVERAGE(RawCurrent!AP$7:AP$10)>0,(RawCurrent!AP20+MEDIAN(RawCurrent!AP$7:AP$10)),(RawCurrent!AP20-MEDIAN(RawCurrent!AP$7:AP$10)))) -> -34.378525 | AQ20: =IF(ISBLANK(RawCurrent!AQ20),"",IF(AVERAGE(RawCurrent!AQ$7:AQ$10)>0,(RawCurrent!AQ20+MEDIAN(RawCurrent!AQ$7:AQ$10)),(RawCurrent!AQ20-MEDIAN(RawCurrent!AQ$7:AQ$10)))) -> -99.594477 | AR20: =IF(ISBLANK(RawCurrent!AR20),"",IF(AVERAGE(RawCurrent!AR$7:AR$10)>0,(RawCurrent!AR20+MEDIAN(RawCurrent!AR$7:AR$10)),(RawCurrent!AR20-MEDIAN(RawCurrent!AR$7:AR$10)))) -> -20.027311 | AS20: =IF(ISBLANK(RawCurrent!AS20),"",IF(AVERAGE(RawCurrent!AS$7:AS$10)>0,(RawCurrent!AS20+MEDIAN(RawCurrent!AS$7:AS$10)),(RawCurrent!AS20-MEDIAN(RawCurrent!AS$7:AS$10)))) -> -74.375344 | AT20: =IF(ISBLANK(RawCurrent!AT20),"",IF(AVERAGE(RawCurrent!AT$7:AT$10)>0,(RawCurrent!AT20+MEDIAN(RawCurrent!AT$7:AT$10)),(RawCurrent!AT20-MEDIAN(RawCurrent!AT$7:AT$10)))) -> -88.923742 | AU20: =IF(ISBLANK(RawCurrent!AU20),"",IF(AVERAGE(RawCurrent!AU$7:AU$10)>0,(RawCurrent!AU20+MEDIAN(RawCurrent!AU$7:AU$10)),(RawCurrent!AU20-MEDIAN(RawCurrent!AU$7:AU$10)))) -> -205.27861 | AV20: =IF(ISBLANK(RawCurrent!AV20),"",IF(AVERAGE(RawCurrent!AV$7:AV$10)>0,(RawCurrent!AV20+MEDIAN(RawCurrent!AV$7:AV$10)),(RawCurrent!AV20-MEDIAN(RawCurrent!AV$7:AV$10)))) -> -14.565619 | ... BA20: =IF(ISBLANK(RawCurrent!BA20),"",IF(AVERAGE(RawCurrent!BA$7:BA$10)>0,(RawCurrent!BA20+MEDIAN(RawCurrent!BA$7:BA$10)),(RawCurrent!BA20-MEDIAN(RawCurrent!BA$7:BA$10)))) -> -307.1149 | BB20: -113.56882 | BC20: =IF(ISBLANK(RawCurrent!BC20),"",IF(AVERAGE(RawCurrent!BC$7:BC$10)>0,(RawCurrent!BC20+MEDIAN(RawCurrent!BC$7:BC$10)),(RawCurrent!BC20-MEDIAN(RawCurrent!BC$7:BC$10)))) -> -76.869244 | BD20: =IF(ISBLANK(RawCurrent!BD20),"",IF(AVERAGE(RawCurrent!BD$7:BD$10)>0,(RawCurrent!BD20+MEDIAN(RawCurrent!BD$7:BD$10)),(RawCurrent!BD20-MEDIAN(RawCurrent!BD$7:BD$10)))) -> -98.138895 | BE20: =IF(ISBLANK(RawCurrent!BE20),"",IF(AVERAGE(RawCurrent!BE$7:BE$10)>0,(RawCurrent!BE20+MEDIAN(RawCurrent!BE$7:BE$10)),(RawCurrent!BE20-MEDIAN(RawCurrent!BE$7:BE$10)))) -> -137.79315 | BF20: =IF(ISBLANK(RawCurrent!BF20),"",IF(AVERAGE(RawCurrent!BF$7:BF$10)>0,(RawCurrent!BF20+MEDIAN(RawCurrent!BF$7:BF$10)),(RawCurrent!BF20-MEDIAN(RawCurrent!BF$7:BF$10)))) -> -65.803631 | BG20: =IF(ISBLANK(RawCurrent!BG20),"",IF(AVERAGE(RawCurrent!BG$7:BG$10)>0,(RawCurrent!BG20+MEDIAN(RawCurrent!BG$7:BG$10)),(RawCurrent!BG20-MEDIAN(RawCurrent!BG$7:BG$10)))) -> -288.07325 | BH20: =IF(ISBLANK(RawCurrent!BH20),"",IF(AVERAGE(RawCurrent!BH$7:BH$10)>0,(RawCurrent!BH20+MEDIAN(RawCurrent!BH$7:BH$10)),(RawCurrent!BH20-MEDIAN(RawCurrent!BH$7:BH$10)))) -> -28.72271 | BI20: =IF(ISBLANK(RawCurrent!BI20),"",IF(AVERAGE(RawCurrent!BI$7:BI$10)>0,(RawCurrent!BI20+MEDIAN(RawCurrent!BI$7:BI$10)),(RawCurrent!BI20-MEDIAN(RawCurrent!BI$7:BI$10)))) -> -42.356648 | BJ20: =IF(ISBLANK(RawCurrent!BJ20),"",IF(AVERAGE(RawCurrent!BJ$7:BJ$10)>0,(RawCurrent!BJ20+MEDIAN(RawCurrent!BJ$7:BJ$10)),(RawCurrent!BJ20-MEDIAN(RawCurrent!BJ$7:BJ$10)))) -> -59.692376 | ... BX20: =IF(ISBLANK(RawCurrent!BX20),"",IF(AVERAGE(RawCurrent!BX$7:BX$10)>0,(RawCurrent!BX20+MEDIAN(RawCurrent!BX$7:BX$10)),(RawCurrent!BX20-MEDIAN(RawCurrent!BX$7:BX$10)))) -> -95.892665 | BZ20: =IF(ISBLANK(RawCurrent!BZ20),"",IF(AVERAGE(RawCurrent!BZ$7:BZ$10)>0,(RawCurrent!BZ20+MEDIAN(RawCurrent!BZ$7:BZ$10)),(RawCurrent!BZ20-MEDIAN(RawCurrent!BZ$7:BZ$10)))) -> -9.6949997 | CA20: =IF(ISBLANK(RawCurrent!CA20),"",IF(AVERAGE(RawCurrent!CA$7:CA$10)>0,(RawCurrent!CA20+MEDIAN(RawCurrent!CA$7:CA$10)),(RawCurrent!CA20-MEDIAN(RawCurrent!CA$7:CA$10)))) -> -15.501137 | CB20: =IF(ISBLANK(RawCurrent!CB20),"",IF(AVERAGE(RawCurrent!CB$7:CB$10)>0,(RawCurrent!CB20+MEDIAN(RawCurrent!CB$7:CB$10)),(RawCurrent!CB20-MEDIAN(RawCurrent!CB$7:CB$10)))) -> -35.182009 | CC20: =IF(ISBLANK(RawCurrent!CC20),"",IF(AVERAGE(RawCurrent!CC$7:CC$10)>0,(RawCurrent!CC20+MEDIAN(RawCurrent!CC$7:CC$10)),(RawCurrent!CC20-MEDIAN(RawCurrent!CC$7:CC$10)))) -> -134.60652 | CD20: =IF(ISBLANK(RawCurrent!CD20),"",IF(AVERAGE(RawCurrent!CD$7:CD$10)>0,(RawCurrent!CD20+MEDIAN(RawCurrent!CD$7:CD$10)),(RawCurrent!CD20-MEDIAN(RawCurrent!CD$7:CD$10)))) -> -55.252601 | CE20: =CE19+10 -> 50 | CF20: =AVERAGE(B20:AQ20,AS20:AU20) -> -423.98349 | CG20: =STDEV(B20:AQ20,AS20:AU20)/SQRT(COUNT(B20:AQ20,AS20:AU20)) -> 79.545187 | CH20: =AVERAGE(AW20:BJ20) -> -224.21403 | CI20: =STDEV((AW20:BJ20))/SQRT(COUNT(AW20:BJ20)) -> 55.047329 | CJ20: =AVERAGE(BK20:CD20) -> -104.17746 | CK20: =STDEV(BK20:CD20)/SQRT(COUNT(BK20:CD20)) -> 22.924752 | CL20: =IF(AVERAGE(CF$7:CF$10)>0,(CF20-MEDIAN(CF$7:CF$10)),(CF20+MEDIAN(CF$7:CF$10))) -> -456.67001 | CM20: 77.863807 | CN20: =IF(AVERAGE(CH$7:CH$10)>0,(CH20-MEDIAN(CH$7:CH$10)),(CH20+MEDIAN(CH$7:CH$10))) -> -246.6744 | CO20: 55.047329 | CP20: =IF(AVERAGE(CJ$7:CJ$10)>0,(CJ20-MEDIAN(CJ$7:CJ$10)),(CJ20+MEDIAN(CJ$7:CJ$10))) -> -116.88204 | CQ20: 22.924752 | CR20: =MEDIAN((B20:AQ20,AS20:AU20)) -> -243.53066 | CS20: =_xlfn.QUARTILE.EXC((B20:AQ20,AS20:AU20),3) -> -150.29382 | CT20: =_xlfn.QUARTILE.EXC((B20:AQ20,AS20:AU20),1) -> -512.15569 | CU20: =MEDIAN(AW20:BJ20) -> -125.68099 | CV20: =_xlfn.QUARTILE.EXC((AW20:BJ20),3) -> -64.275817 | CW20: =_xlfn.QUARTILE.EXC((AW20:BJ20),1) -> -338.20375 | CX20: =MEDIAN(BK20:CD20) -> -94.617142 | CY20: =_xlfn.QUARTILE.EXC((BK20:CD20),3) -> -35.182009 | CZ20: =_xlfn.QUARTILE.EXC((BK20:CD20),1) -> -144.41854 | DA20: =IF(AVERAGE($CR$7:$CR$10)>0,(CR20-MEDIAN($CR$7:$CR$10)),(CR20+MEDIAN($CR$7:$CR$10))) -> -259.18757 | DB20: =IF(AVERAGE($CR$7:$CR$10)>0,(CS20-MEDIAN($CR$7:$CR$10)),(CS20+MEDIAN($CR$7:$CR$10))) -> -165.95073 | DC20: =IF(AVERAGE($CR$7:$CR$10)>0,(CT20-MEDIAN($CR$7:$CR$10)),(CT20+MEDIAN($CR$7:$CR$10))) -> -527.8126 | DD20: =IF(AVERAGE($CU$7:$CU$10)>0,(CU20-MEDIAN($CU$7:$CU$10)),(CU20+MEDIAN($CU$7:$CU$10))) -> -140.27922 | DE20: =IF(AVERAGE($CU$7:$CU$10)>0,(CV20-MEDIAN($CU$7:$CU$10)),(CV20+MEDIAN($CU$7:$CU$10))) -> -78.874044 | DF20: =IF(AVERAGE($CU$7:$CU$10)>0,(CW20-MEDIAN($CU$7:$CU$10)),(CW20+MEDIAN($CU$7:$CU$10))) -> -352.80198 | DG20: =IF(AVERAGE($CX$7:$CX$10)>0,(CX20-MEDIAN($CX$7:$CX$10)),(CX20+MEDIAN($CX$7:$CX$10))) -> -103.21812 | DH20: =IF(AVERAGE($CX$7:$CX$10)>0,(CY20-MEDIAN($CX$7:$CX$10)),(CY20+MEDIAN($CX$7:$CX$10))) -> -43.782988 | DI20: =IF(AVERAGE($CX$7:$CX$10)>0,(CZ20-MEDIAN($CX$7:$CX$10)),(CZ20+MEDIAN($CX$7:$CX$10))) -> -153.01952
A21: =A20+10 -> 60 | B21: =IF(ISBLANK(RawCurrent!B21),"",IF(AVERAGE(RawCurrent!B$7:B$10)>0,(RawCurrent!B21+MEDIAN(RawCurrent!B$7:B$10)),(RawCurrent!B21-MEDIAN(RawCurrent!B$7:B$10)))) -> -1977.2016 | C21: =IF(ISBLANK(RawCurrent!C21),"",IF(AVERAGE(RawCurrent!C$7:C$10)>0,(RawCurrent!C21+MEDIAN(RawCurrent!C$7:C$10)),(RawCurrent!C21-MEDIAN(RawCurrent!C$7:C$10)))) -> -224.0995 | D21: =IF(ISBLANK(RawCurrent!D21),"",IF(AVERAGE(RawCurrent!D$7:D$10)>0,(RawCurrent!D21+MEDIAN(RawCurrent!D$7:D$10)),(RawCurrent!D21-MEDIAN(RawCurrent!D$7:D$10)))) -> -235.31671 | E21: =IF(ISBLANK(RawCurrent!E21),"",IF(AVERAGE(RawCurrent!E$7:E$10)>0,(RawCurrent!E21+MEDIAN(RawCurrent!E$7:E$10)),(RawCurrent!E21-MEDIAN(RawCurrent!E$7:E$10)))) -> -249.84697 | F21: =IF(ISBLANK(RawCurrent!F21),"",IF(AVERAGE(RawCurrent!F$7:F$10)>0,(RawCurrent!F21+MEDIAN(RawCurrent!F$7:F$10)),(RawCurrent!F21-MEDIAN(RawCurrent!F$7:F$10)))) -> -86.05278 | G21: =IF(ISBLANK(RawCurrent!G21),"",IF(AVERAGE(RawCurrent!G$7:G$10)>0,(RawCurrent!G21+MEDIAN(RawCurrent!G$7:G$10)),(RawCurrent!G21-MEDIAN(RawCurrent!G$7:G$10)))) -> -317.17856 | H21: =IF(ISBLANK(RawCurrent!H21),"",IF(AVERAGE(RawCurrent!H$7:H$10)>0,(RawCurrent!H21+MEDIAN(RawCurrent!H$7:H$10)),(RawCurrent!H21-MEDIAN(RawCurrent!H$7:H$10)))) -> -752.96284 | I21: =IF(ISBLANK(RawCurrent!I21),"",IF(AVERAGE(RawCurrent!I$7:I$10)>0,(RawCurrent!I21+MEDIAN(RawCurrent!I$7:I$10)),(RawCurrent!I21-MEDIAN(RawCurrent!I$7:I$10)))) -> -272.97156 | ... AM21: =IF(ISBLANK(RawCurrent!AM21),"",IF(AVERAGE(RawCurrent!AM$7:AM$10)>0,(RawCurrent!AM21+MEDIAN(RawCurrent!AM$7:AM$10)),(RawCurrent!AM21-MEDIAN(RawCurrent!AM$7:AM$10)))) -> -53.192139 | AO21: =IF(ISBLANK(RawCurrent!AO21),"",IF(AVERAGE(RawCurrent!AO$7:AO$10)>0,(RawCurrent!AO21+MEDIAN(RawCurrent!AO$7:AO$10)),(RawCurrent!AO21-MEDIAN(RawCurrent!AO$7:AO$10)))) -> -29.919952 | AP21: =IF(ISBLANK(RawCurrent!AP21),"",IF(AVERAGE(RawCurrent!AP$7:AP$10)>0,(RawCurrent!AP21+MEDIAN(RawCurrent!AP$7:AP$10)),(RawCurrent!AP21-MEDIAN(RawCurrent!AP$7:AP$10)))) -> -1.9574165 | AQ21: =IF(ISBLANK(RawCurrent!AQ21),"",IF(AVERAGE(RawCurrent!AQ$7:AQ$10)>0,(RawCurrent!AQ21+MEDIAN(RawCurrent!AQ$7:AQ$10)),(RawCurrent!AQ21-MEDIAN(RawCurrent!AQ$7:AQ$10)))) -> -51.383631 | AR21: =IF(ISBLANK(RawCurrent!AR21),"",IF(AVERAGE(RawCurrent!AR$7:AR$10)>0,(RawCurrent!AR21+MEDIAN(RawCurrent!AR$7:AR$10)),(RawCurrent!AR21-MEDIAN(RawCurrent!AR$7:AR$10)))) -> -3.3933597 | AS21: =IF(ISBLANK(RawCurrent!AS21),"",IF(AVERAGE(RawCurrent!AS$7:AS$10)>0,(RawCurrent!AS21+MEDIAN(RawCurrent!AS$7:AS$10)),(RawCurrent!AS21-MEDIAN(RawCurrent!AS$7:AS$10)))) -> -61.737275 | AT21: =IF(ISBLANK(RawCurrent!AT21),"",IF(AVERAGE(RawCurrent!AT$7:AT$10)>0,(RawCurrent!AT21+MEDIAN(RawCurrent!AT$7:AT$10)),(RawCurrent!AT21-MEDIAN(RawCurrent!AT$7:AT$10)))) -> -31.636584 | AU21: =IF(ISBLANK(RawCurrent!AU21),"",IF(AVERAGE(RawCurrent!AU$7:AU$10)>0,(RawCurrent!AU21+MEDIAN(RawCurrent!AU$7:AU$10)),(RawCurrent!AU21-MEDIAN(RawCurrent!AU$7:AU$10)))) -> -84.222266 | AV21: =IF(ISBLANK(RawCurrent!AV21),"",IF(AVERAGE(RawCurrent!AV$7:AV$10)>0,(RawCurrent!AV21+MEDIAN(RawCurrent!AV$7:AV$10)),(RawCurrent!AV21-MEDIAN(RawCurrent!AV$7:AV$10)))) -> 19.436531 | ... BA21: =IF(ISBLANK(RawCurrent!BA21),"",IF(AVERAGE(RawCurrent!BA$7:BA$10)>0,(RawCurrent!BA21+MEDIAN(RawCurrent!BA$7:BA$10)),(RawCurrent!BA21-MEDIAN(RawCurrent!BA$7:BA$10)))) -> -167.28817 | BB21: -60.4776 | BC21: =IF(ISBLANK(RawCurrent!BC21),"",IF(AVERAGE(RawCurrent!BC$7:BC$10)>0,(RawCurrent!BC21+MEDIAN(RawCurrent!BC$7:BC$10)),(RawCurrent!BC21-MEDIAN(RawCurrent!BC$7:BC$10)))) -> -18.717255 | BD21: =IF(ISBLANK(RawCurrent!BD21),"",IF(AVERAGE(RawCurrent!BD$7:BD$10)>0,(RawCurrent!BD21+MEDIAN(RawCurrent!BD$7:BD$10)),(RawCurrent!BD21-MEDIAN(RawCurrent!BD$7:BD$10)))) -> 19.809617 | BE21: =IF(ISBLANK(RawCurrent!BE21),"",IF(AVERAGE(RawCurrent!BE$7:BE$10)>0,(RawCurrent!BE21+MEDIAN(RawCurrent!BE$7:BE$10)),(RawCurrent!BE21-MEDIAN(RawCurrent!BE$7:BE$10)))) -> -79.426849 | BG21: =IF(ISBLANK(RawCurrent!BG21),"",IF(AVERAGE(RawCurrent!BG$7:BG$10)>0,(RawCurrent!BG21+MEDIAN(RawCurrent!BG$7:BG$10)),(RawCurrent!BG21-MEDIAN(RawCurrent!BG$7:BG$10)))) -> -156.82998 | BH21: =IF(ISBLANK(RawCurrent!BH21),"",IF(AVERAGE(RawCurrent!BH$7:BH$10)>0,(RawCurrent!BH21+MEDIAN(RawCurrent!BH$7:BH$10)),(RawCurrent!BH21-MEDIAN(RawCurrent!BH$7:BH$10)))) -> -17.456375 | BI21: =IF(ISBLANK(RawCurrent!BI21),"",IF(AVERAGE(RawCurrent!BI$7:BI$10)>0,(RawCurrent!BI21+MEDIAN(RawCurrent!BI$7:BI$10)),(RawCurrent!BI21-MEDIAN(RawCurrent!BI$7:BI$10)))) -> -13.792855 | BJ21: =IF(ISBLANK(RawCurrent!BJ21),"",IF(AVERAGE(RawCurrent!BJ$7:BJ$10)>0,(RawCurrent!BJ21+MEDIAN(RawCurrent!BJ$7:BJ$10)),(RawCurrent!BJ21-MEDIAN(RawCurrent!BJ$7:BJ$10)))) -> -31.158444 | BK21: =IF(ISBLANK(RawCurrent!BK21),"",IF(AVERAGE(RawCurrent!BK$7:BK$10)>0,(RawCurrent!BK21+MEDIAN(RawCurrent!BK$7:BK$10)),(RawCurrent!BK21-MEDIAN(RawCurrent!BK$7:BK$10)))) -> -184.79948 | BL21: =IF(ISBLANK(RawCurrent!BL21),"",IF(AVERAGE(RawCurrent!BL$7:BL$10)>0,(RawCurrent!BL21+MEDIAN(RawCurrent!BL$7:BL$10)),(RawCurrent!BL21-MEDIAN(RawCurrent!BL$7:BL$10)))) -> -41.398472 | BM21: =IF(ISBLANK(RawCurrent!BM21),"",IF(AVERAGE(RawCurrent!BM$7:BM$10)>0,(RawCurrent!BM21+MEDIAN(RawCurrent!BM$7:BM$10)),(RawCurrent!BM21-MEDIAN(RawCurrent!BM$7:BM$10)))) -> -75.661869 | BN21: =IF(ISBLANK(RawCurrent!BN21),"",IF(AVERAGE(RawCurrent!BN$7:BN$10)>0,(RawCurrent!BN21+MEDIAN(RawCurrent!BN$7:BN$10)),(RawCurrent!BN21-MEDIAN(RawCurrent!BN$7:BN$10)))) -> 128.8928 | ... BX21: =IF(ISBLANK(RawCurrent!BX21),"",IF(AVERAGE(RawCurrent!BX$7:BX$10)>0,(RawCurrent!BX21+MEDIAN(RawCurrent!BX$7:BX$10)),(RawCurrent!BX21-MEDIAN(RawCurrent!BX$7:BX$10)))) -> -63.520971 | BZ21: =IF(ISBLANK(RawCurrent!BZ21),"",IF(AVERAGE(RawCurrent!BZ$7:BZ$10)>0,(RawCurrent!BZ21+MEDIAN(RawCurrent!BZ$7:BZ$10)),(RawCurrent!BZ21-MEDIAN(RawCurrent!BZ$7:BZ$10)))) -> -6.987236 | CA21: =IF(ISBLANK(RawCurrent!CA21),"",IF(AVERAGE(RawCurrent!CA$7:CA$10)>0,(RawCurrent!CA21+MEDIAN(RawCurrent!CA$7:CA$10)),(RawCurrent!CA21-MEDIAN(RawCurrent!CA$7:CA$10)))) -> 30.714153 | CB21: =IF(ISBLANK(RawCurrent!CB21),"",IF(AVERAGE(RawCurrent!CB$7:CB$10)>0,(RawCurrent!CB21+MEDIAN(RawCurrent!CB$7:CB$10)),(RawCurrent!CB21-MEDIAN(RawCurrent!CB$7:CB$10)))) -> -17.799721 | CC21: =IF(ISBLANK(RawCurrent!CC21),"",IF(AVERAGE(RawCurrent!CC$7:CC$10)>0,(RawCurrent!CC21+MEDIAN(RawCurrent!CC$7:CC$10)),(RawCurrent!CC21-MEDIAN(RawCurrent!CC$7:CC$10)))) -> -112.14788 | CD21: =IF(ISBLANK(RawCurrent!CD21),"",IF(AVERAGE(RawCurrent!CD$7:CD$10)>0,(RawCurrent!CD21+MEDIAN(RawCurrent!CD$7:CD$10)),(RawCurrent!CD21-MEDIAN(RawCurrent!CD$7:CD$10)))) -> -27.587169 | CE21: =CE20+10 -> 60 | CF21: =AVERAGE(B21:AQ21,AS21:AU21) -> -196.81273 | CG21: =STDEV(B21:AQ21,AS21:AU21)/SQRT(COUNT(B21:AQ21,AS21:AU21)) -> 52.326416 | CH21: =AVERAGE(AW21:BJ21) -> -122.816 | CI21: =STDEV((AW21:BJ21))/SQRT(COUNT(AW21:BJ21)) -> 35.797318 | CJ21: =AVERAGE(BK21:CD21) -> -23.808453 | CK21: =STDEV(BK21:CD21)/SQRT(COUNT(BK21:CD21)) -> 17.146011 | CL21: =IF(AVERAGE(CF$7:CF$10)>0,(CF21-MEDIAN(CF$7:CF$10)),(CF21+MEDIAN(CF$7:CF$10))) -> -229.49926 | CM21: 50.377445 | CN21: =IF(AVERAGE(CH$7:CH$10)>0,(CH21-MEDIAN(CH$7:CH$10)),(CH21+MEDIAN(CH$7:CH$10))) -> -145.27637 | CO21: 35.797318 | CP21: =IF(AVERAGE(CJ$7:CJ$10)>0,(CJ21-MEDIAN(CJ$7:CJ$10)),(CJ21+MEDIAN(CJ$7:CJ$10))) -> -36.513031 | CQ21: 17.146011 | CR21: =MEDIAN((B21:AQ21,AS21:AU21)) -> -100.13281 | CS21: =_xlfn.QUARTILE.EXC((B21:AQ21,AS21:AU21),3) -> -48.692623 | CT21: =_xlfn.QUARTILE.EXC((B21:AQ21,AS21:AU21),1) -> -223.16775 | CU21: =MEDIAN(AW21:BJ21) -> -79.426849 | CV21: =_xlfn.QUARTILE.EXC((AW21:BJ21),3) -> -18.086815 | CW21: =_xlfn.QUARTILE.EXC((AW21:BJ21),1) -> -185.9524 | CX21: =MEDIAN(BK21:CD21) -> -24.44539 | CY21: =_xlfn.QUARTILE.EXC((BK21:CD21),3) -> 30.714153 | CZ21: =_xlfn.QUARTILE.EXC((BK21:CD21),1) -> -74.625716 | DA21: =IF(AVERAGE($CR$7:$CR$10)>0,(CR21-MEDIAN($CR$7:$CR$10)),(CR21+MEDIAN($CR$7:$CR$10))) -> -115.78973 | DB21: =IF(AVERAGE($CR$7:$CR$10)>0,(CS21-MEDIAN($CR$7:$CR$10)),(CS21+MEDIAN($CR$7:$CR$10))) -> -64.349537 | DC21: =IF(AVERAGE($CR$7:$CR$10)>0,(CT21-MEDIAN($CR$7:$CR$10)),(CT21+MEDIAN($CR$7:$CR$10))) -> -238.82466 | DD21: =IF(AVERAGE($CU$7:$CU$10)>0,(CU21-MEDIAN($CU$7:$CU$10)),(CU21+MEDIAN($CU$7:$CU$10))) -> -94.025077 | DE21: =IF(AVERAGE($CU$7:$CU$10)>0,(CV21-MEDIAN($CU$7:$CU$10)),(CV21+MEDIAN($CU$7:$CU$10))) -> -32.685042 | DF21: =IF(AVERAGE($CU$7:$CU$10)>0,(CW21-MEDIAN($CU$7:$CU$10)),(CW21+MEDIAN($CU$7:$CU$10))) -> -200.55063 | DG21: =IF(AVERAGE($CX$7:$CX$10)>0,(CX21-MEDIAN($CX$7:$CX$10)),(CX21+MEDIAN($CX$7:$CX$10))) -> -33.046369 | DH21: =IF(AVERAGE($CX$7:$CX$10)>0,(CY21-MEDIAN($CX$7:$CX$10)),(CY21+MEDIAN($CX$7:$CX$10))) -> 22.113174 | DI21: =IF(AVERAGE($CX$7:$CX$10)>0,(CZ21-MEDIAN($CX$7:$CX$10)),(CZ21+MEDIAN($CX$7:$CX$10))) -> -83.226695
A22: =A21+10 -> 70 | B22: =IF(ISBLANK(RawCurrent!B22),"",IF(AVERAGE(RawCurrent!B$7:B$10)>0,(RawCurrent!B22+MEDIAN(RawCurrent!B$7:B$10)),(RawCurrent!B22-MEDIAN(RawCurrent!B$7:B$10)))) -> -977.29958 | C22: =IF(ISBLANK(RawCurrent!C22),"",IF(AVERAGE(RawCurrent!C$7:C$10)>0,(RawCurrent!C22+MEDIAN(RawCurrent!C$7:C$10)),(RawCurrent!C22-MEDIAN(RawCurrent!C$7:C$10)))) -> -137.99123 | D22: =IF(ISBLANK(RawCurrent!D22),"",IF(AVERAGE(RawCurrent!D$7:D$10)>0,(RawCurrent!D22+MEDIAN(RawCurrent!D$7:D$10)),(RawCurrent!D22-MEDIAN(RawCurrent!D$7:D$10)))) -> 274.37866 | E22: =IF(ISBLANK(RawCurrent!E22),"",IF(AVERAGE(RawCurrent!E$7:E$10)>0,(RawCurrent!E22+MEDIAN(RawCurrent!E$7:E$10)),(RawCurrent!E22-MEDIAN(RawCurrent!E$7:E$10)))) -> 289.29504 | F22: =IF(ISBLANK(RawCurrent!F22),"",IF(AVERAGE(RawCurrent!F$7:F$10)>0,(RawCurrent!F22+MEDIAN(RawCurrent!F$7:F$10)),(RawCurrent!F22-MEDIAN(RawCurrent!F$7:F$10)))) -> 918.62669 | G22: =IF(ISBLANK(RawCurrent!G22),"",IF(AVERAGE(RawCurrent!G$7:G$10)>0,(RawCurrent!G22+MEDIAN(RawCurrent!G$7:G$10)),(RawCurrent!G22-MEDIAN(RawCurrent!G$7:G$10)))) -> -85.51255 | H22: =IF(ISBLANK(RawCurrent!H22),"",IF(AVERAGE(RawCurrent!H$7:H$10)>0,(RawCurrent!H22+MEDIAN(RawCurrent!H$7:H$10)),(RawCurrent!H22-MEDIAN(RawCurrent!H$7:H$10)))) -> -482.95689 | I22: =IF(ISBLANK(RawCurrent!I22),"",IF(AVERAGE(RawCurrent!I$7:I$10)>0,(RawCurrent!I22+MEDIAN(RawCurrent!I$7:I$10)),(RawCurrent!I22-MEDIAN(RawCurrent!I$7:I$10)))) -> -61.039808 | ... AM22: =IF(ISBLANK(RawCurrent!AM22),"",IF(AVERAGE(RawCurrent!AM$7:AM$10)>0,(RawCurrent!AM22+MEDIAN(RawCurrent!AM$7:AM$10)),(RawCurrent!AM22-MEDIAN(RawCurrent!AM$7:AM$10)))) -> -13.384464 | AO22: =IF(ISBLANK(RawCurrent!AO22),"",IF(AVERAGE(RawCurrent!AO$7:AO$10)>0,(RawCurrent!AO22+MEDIAN(RawCurrent!AO$7:AO$10)),(RawCurrent!AO22-MEDIAN(RawCurrent!AO$7:AO$10)))) -> 85.721004 | AP22: =IF(ISBLANK(RawCurrent!AP22),"",IF(AVERAGE(RawCurrent!AP$7:AP$10)>0,(RawCurrent!AP22+MEDIAN(RawCurrent!AP$7:AP$10)),(RawCurrent!AP22-MEDIAN(RawCurrent!AP$7:AP$10)))) -> 53.573124 | AQ22: =IF(ISBLANK(RawCurrent!AQ22),"",IF(AVERAGE(RawCurrent!AQ$7:AQ$10)>0,(RawCurrent!AQ22+MEDIAN(RawCurrent!AQ$7:AQ$10)),(RawCurrent!AQ22-MEDIAN(RawCurrent!AQ$7:AQ$10)))) -> 100.73237 | AR22: =IF(ISBLANK(RawCurrent!AR22),"",IF(AVERAGE(RawCurrent!AR$7:AR$10)>0,(RawCurrent!AR22+MEDIAN(RawCurrent!AR$7:AR$10)),(RawCurrent!AR22-MEDIAN(RawCurrent!AR$7:AR$10)))) -> 52.905112 | AS22: =IF(ISBLANK(RawCurrent!AS22),"",IF(AVERAGE(RawCurrent!AS$7:AS$10)>0,(RawCurrent!AS22+MEDIAN(RawCurrent!AS$7:AS$10)),(RawCurrent!AS22-MEDIAN(RawCurrent!AS$7:AS$10)))) -> 21.939887 | AT22: =IF(ISBLANK(RawCurrent!AT22),"",IF(AVERAGE(RawCurrent!AT$7:AT$10)>0,(RawCurrent!AT22+MEDIAN(RawCurrent!AT$7:AT$10)),(RawCurrent!AT22-MEDIAN(RawCurrent!AT$7:AT$10)))) -> 3.2080307 | AU22: =IF(ISBLANK(RawCurrent!AU22),"",IF(AVERAGE(RawCurrent!AU$7:AU$10)>0,(RawCurrent!AU22+MEDIAN(RawCurrent!AU$7:AU$10)),(RawCurrent!AU22-MEDIAN(RawCurrent!AU$7:AU$10)))) -> 59.568699 | AV22: =IF(ISBLANK(RawCurrent!AV22),"",IF(AVERAGE(RawCurrent!AV$7:AV$10)>0,(RawCurrent!AV22+MEDIAN(RawCurrent!AV$7:AV$10)),(RawCurrent!AV22-MEDIAN(RawCurrent!AV$7:AV$10)))) -> 60.953911 | ... BA22: =IF(ISBLANK(RawCurrent!BA22),"",IF(AVERAGE(RawCurrent!BA$7:BA$10)>0,(RawCurrent!BA22+MEDIAN(RawCurrent!BA$7:BA$10)),(RawCurrent!BA22-MEDIAN(RawCurrent!BA$7:BA$10)))) -> -65.965952 | BB22: 37.701508 | BC22: =IF(ISBLANK(RawCurrent!BC22),"",IF(AVERAGE(RawCurrent!BC$7:BC$10)>0,(RawCurrent!BC22+MEDIAN(RawCurrent!BC$7:BC$10)),(RawCurrent!BC22-MEDIAN(RawCurrent!BC$7:BC$10)))) -> 19.814915 | BD22: =IF(ISBLANK(RawCurrent!BD22),"",IF(AVERAGE(RawCurrent!BD$7:BD$10)>0,(RawCurrent!BD22+MEDIAN(RawCurrent!BD$7:BD$10)),(RawCurrent!BD22-MEDIAN(RawCurrent!BD$7:BD$10)))) -> 84.247046 | BE22: =IF(ISBLANK(RawCurrent!BE22),"",IF(AVERAGE(RawCurrent!BE$7:BE$10)>0,(RawCurrent!BE22+MEDIAN(RawCurrent!BE$7:BE$10)),(RawCurrent!BE22-MEDIAN(RawCurrent!BE$7:BE$10)))) -> 0.40076447 | BF22: =IF(ISBLANK(RawCurrent!BF22),"",IF(AVERAGE(RawCurrent!BF$7:BF$10)>0,(RawCurrent!BF22+MEDIAN(RawCurrent!BF$7:BF$10)),(RawCurrent!BF22-MEDIAN(RawCurrent!BF$7:BF$10)))) -> 64.703938 | BG22: =IF(ISBLANK(RawCurrent!BG22),"",IF(AVERAGE(RawCurrent!BG$7:BG$10)>0,(RawCurrent!BG22+MEDIAN(RawCurrent!BG$7:BG$10)),(RawCurrent!BG22-MEDIAN(RawCurrent!BG$7:BG$10)))) -> -50.126791 | BH22: =IF(ISBLANK(RawCurrent!BH22),"",IF(AVERAGE(RawCurrent!BH$7:BH$10)>0,(RawCurrent!BH22+MEDIAN(RawCurrent!BH$7:BH$10)),(RawCurrent!BH22-MEDIAN(RawCurrent!BH$7:BH$10)))) -> 33.718781 | BI22: =IF(ISBLANK(RawCurrent!BI22),"",IF(AVERAGE(RawCurrent!BI$7:BI$10)>0,(RawCurrent!BI22+MEDIAN(RawCurrent!BI$7:BI$10)),(RawCurrent!BI22-MEDIAN(RawCurrent!BI$7:BI$10)))) -> 42.94657 | BJ22: =IF(ISBLANK(RawCurrent!BJ22),"",IF(AVERAGE(RawCurrent!BJ$7:BJ$10)>0,(RawCurrent!BJ22+MEDIAN(RawCurrent!BJ$7:BJ$10)),(RawCurrent!BJ22-MEDIAN(RawCurrent!BJ$7:BJ$10)))) -> -2.9296875 | ... BX22: =IF(ISBLANK(RawCurrent!BX22),"",IF(AVERAGE(RawCurrent!BX$7:BX$10)>0,(RawCurrent!BX22+MEDIAN(RawCurrent!BX$7:BX$10)),(RawCurrent!BX22-MEDIAN(RawCurrent!BX$7:BX$10)))) -> -7.7937697 | BZ22: =IF(ISBLANK(RawCurrent!BZ22),"",IF(AVERAGE(RawCurrent!BZ$7:BZ$10)>0,(RawCurrent!BZ22+MEDIAN(RawCurrent!BZ$7:BZ$10)),(RawCurrent!BZ22-MEDIAN(RawCurrent!BZ$7:BZ$10)))) -> 76.277176 | CA22: =IF(ISBLANK(RawCurrent!CA22),"",IF(AVERAGE(RawCurrent!CA$7:CA$10)>0,(RawCurrent!CA22+MEDIAN(RawCurrent!CA$7:CA$10)),(RawCurrent!CA22-MEDIAN(RawCurrent!CA$7:CA$10)))) -> 68.447472 | CB22: =IF(ISBLANK(RawCurrent!CB22),"",IF(AVERAGE(RawCurrent!CB$7:CB$10)>0,(RawCurrent!CB22+MEDIAN(RawCurrent!CB$7:CB$10)),(RawCurrent!CB22-MEDIAN(RawCurrent!CB$7:CB$10)))) -> 10.354102 | CC22: =IF(ISBLANK(RawCurrent!CC22),"",IF(AVERAGE(RawCurrent!CC$7:CC$10)>0,(RawCurrent!CC22+MEDIAN(RawCurrent!CC$7:CC$10)),(RawCurrent!CC22-MEDIAN(RawCurrent!CC$7:CC$10)))) -> -78.059311 | CD22: =IF(ISBLANK(RawCurrent!CD22),"",IF(AVERAGE(RawCurrent!CD$7:CD$10)>0,(RawCurrent!CD22+MEDIAN(RawCurrent!CD$7:CD$10)),(RawCurrent!CD22-MEDIAN(RawCurrent!CD$7:CD$10)))) -> -6.6727819 | CE22: =CE21+10 -> 70 | CF22: =AVERAGE(B22:AQ22,AS22:AU22) -> 23.296405 | CG22: =STDEV(B22:AQ22,AS22:AU22)/SQRT(COUNT(B22:AQ22,AS22:AU22)) -> 39.792236 | CH22: =AVERAGE(AW22:BJ22) -> 13.321635 | CI22: =STDEV((AW22:BJ22))/SQRT(COUNT(AW22:BJ22)) -> 24.877829 | CJ22: =AVERAGE(BK22:CD22) -> 47.733332 | CK22: =STDEV(BK22:CD22)/SQRT(COUNT(BK22:CD22)) -> 17.335468 | CL22: =IF(AVERAGE(CF$7:CF$10)>0,(CF22-MEDIAN(CF$7:CF$10)),(CF22+MEDIAN(CF$7:CF$10))) -> -9.3901179 | CM22: 42.636265 | CN22: =IF(AVERAGE(CH$7:CH$10)>0,(CH22-MEDIAN(CH$7:CH$10)),(CH22+MEDIAN(CH$7:CH$10))) -> -9.138733 | CO22: 24.877829 | CP22: =IF(AVERAGE(CJ$7:CJ$10)>0,(CJ22-MEDIAN(CJ$7:CJ$10)),(CJ22+MEDIAN(CJ$7:CJ$10))) -> 35.028753 | CQ22: 17.335468 | CR22: =MEDIAN((B22:AQ22,AS22:AU22)) -> 56.219923 | CS22: =_xlfn.QUARTILE.EXC((B22:AQ22,AS22:AU22),3) -> 100.36249 | CT22: =_xlfn.QUARTILE.EXC((B22:AQ22,AS22:AU22),1) -> -12.669522 | CU22: =MEDIAN(AW22:BJ22) -> 26.766848 | CV22: =_xlfn.QUARTILE.EXC((AW22:BJ22),3) -> 63.84569 | CW22: =_xlfn.QUARTILE.EXC((AW22:BJ22),1) -> -54.086581 | CX22: =MEDIAN(BK22:CD22) -> 47.139156 | CY22: =_xlfn.QUARTILE.EXC((BK22:CD22),3) -> 107.05396 | CZ22: =_xlfn.QUARTILE.EXC((BK22:CD22),1) -> -7.7937697 | DA22: =IF(AVERAGE($CR$7:$CR$10)>0,(CR22-MEDIAN($CR$7:$CR$10)),(CR22+MEDIAN($CR$7:$CR$10))) -> 40.563009 | DB22: =IF(AVERAGE($CR$7:$CR$10)>0,(CS22-MEDIAN($CR$7:$CR$10)),(CS22+MEDIAN($CR$7:$CR$10))) -> 84.705579 | DC22: =IF(AVERAGE($CR$7:$CR$10)>0,(CT22-MEDIAN($CR$7:$CR$10)),(CT22+MEDIAN($CR$7:$CR$10))) -> -28.326437 | DD22: =IF(AVERAGE($CU$7:$CU$10)>0,(CU22-MEDIAN($CU$7:$CU$10)),(CU22+MEDIAN($CU$7:$CU$10))) -> 12.16862 | DE22: =IF(AVERAGE($CU$7:$CU$10)>0,(CV22-MEDIAN($CU$7:$CU$10)),(CV22+MEDIAN($CU$7:$CU$10))) -> 49.247462 | DF22: =IF(AVERAGE($CU$7:$CU$10)>0,(CW22-MEDIAN($CU$7:$CU$10)),(CW22+MEDIAN($CU$7:$CU$10))) -> -68.684808 | DG22: =IF(AVERAGE($CX$7:$CX$10)>0,(CX22-MEDIAN($CX$7:$CX$10)),(CX22+MEDIAN($CX$7:$CX$10))) -> 38.538177 | DH22: =IF(AVERAGE($CX$7:$CX$10)>0,(CY22-MEDIAN($CX$7:$CX$10)),(CY22+MEDIAN($CX$7:$CX$10))) -> 98.452984 | DI22: =IF(AVERAGE($CX$7:$CX$10)>0,(CZ22-MEDIAN($CX$7:$CX$10)),(CZ22+MEDIAN($CX$7:$CX$10))) -> -16.394749
A23: =A22+10 -> 80 | B23: =IF(ISBLANK(RawCurrent!B23),"",IF(AVERAGE(RawCurrent!B$7:B$10)>0,(RawCurrent!B23+MEDIAN(RawCurrent!B$7:B$10)),(RawCurrent!B23-MEDIAN(RawCurrent!B$7:B$10)))) -> -396.09481 | C23: =IF(ISBLANK(RawCurrent!C23),"",IF(AVERAGE(RawCurrent!C$7:C$10)>0,(RawCurrent!C23+MEDIAN(RawCurrent!C$7:C$10)),(RawCurrent!C23-MEDIAN(RawCurrent!C$7:C$10)))) -> -68.516382 | D23: =IF(ISBLANK(RawCurrent!D23),"",IF(AVERAGE(RawCurrent!D$7:D$10)>0,(RawCurrent!D23+MEDIAN(RawCurrent!D$7:D$10)),(RawCurrent!D23-MEDIAN(RawCurrent!D$7:D$10)))) -> 547.96011 | E23: =IF(ISBLANK(RawCurrent!E23),"",IF(AVERAGE(RawCurrent!E$7:E$10)>0,(RawCurrent!E23+MEDIAN(RawCurrent!E$7:E$10)),(RawCurrent!E23-MEDIAN(RawCurrent!E$7:E$10)))) -> 719.30101 | F23: =IF(ISBLANK(RawCurrent!F23),"",IF(AVERAGE(RawCurrent!F$7:F$10)>0,(RawCurrent!F23+MEDIAN(RawCurrent!F$7:F$10)),(RawCurrent!F23-MEDIAN(RawCurrent!F$7:F$10)))) -> 1571.4189 | G23: =IF(ISBLANK(RawCurrent!G23),"",IF(AVERAGE(RawCurrent!G$7:G$10)>0,(RawCurrent!G23+MEDIAN(RawCurrent!G$7:G$10)),(RawCurrent!G23-MEDIAN(RawCurrent!G$7:G$10)))) -> 164.31406 | H23: =IF(ISBLANK(RawCurrent!H23),"",IF(AVERAGE(RawCurrent!H$7:H$10)>0,(RawCurrent!H23+MEDIAN(RawCurrent!H$7:H$10)),(RawCurrent!H23-MEDIAN(RawCurrent!H$7:H$10)))) -> -187.82133 | I23: =IF(ISBLANK(RawCurrent!I23),"",IF(AVERAGE(RawCurrent!I$7:I$10)>0,(RawCurrent!I23+MEDIAN(RawCurrent!I$7:I$10)),(RawCurrent!I23-MEDIAN(RawCurrent!I$7:I$10)))) -> 126.98129 | ... AM23: =IF(ISBLANK(RawCurrent!AM23),"",IF(AVERAGE(RawCurrent!AM$7:AM$10)>0,(RawCurrent!AM23+MEDIAN(RawCurrent!AM$7:AM$10)),(RawCurrent!AM23-MEDIAN(RawCurrent!AM$7:AM$10)))) -> 51.169796 | AO23: =IF(ISBLANK(RawCurrent!AO23),"",IF(AVERAGE(RawCurrent!AO$7:AO$10)>0,(RawCurrent!AO23+MEDIAN(RawCurrent!AO$7:AO$10)),(RawCurrent!AO23-MEDIAN(RawCurrent!AO$7:AO$10)))) -> 112.07966 | AP23: =IF(ISBLANK(RawCurrent!AP23),"",IF(AVERAGE(RawCurrent!AP$7:AP$10)>0,(RawCurrent!AP23+MEDIAN(RawCurrent!AP$7:AP$10)),(RawCurrent!AP23-MEDIAN(RawCurrent!AP$7:AP$10)))) -> 76.611034 | AQ23: =IF(ISBLANK(RawCurrent!AQ23),"",IF(AVERAGE(RawCurrent!AQ$7:AQ$10)>0,(RawCurrent!AQ23+MEDIAN(RawCurrent!AQ$7:AQ$10)),(RawCurrent!AQ23-MEDIAN(RawCurrent!AQ$7:AQ$10)))) -> -30.915621 | AR23: =IF(ISBLANK(RawCurrent!AR23),"",IF(AVERAGE(RawCurrent!AR$7:AR$10)>0,(RawCurrent!AR23+MEDIAN(RawCurrent!AR$7:AR$10)),(RawCurrent!AR23-MEDIAN(RawCurrent!AR$7:AR$10)))) -> 63.274714 | AS23: =IF(ISBLANK(RawCurrent!AS23),"",IF(AVERAGE(RawCurrent!AS$7:AS$10)>0,(RawCurrent!AS23+MEDIAN(RawCurrent!AS$7:AS$10)),(RawCurrent!AS23-MEDIAN(RawCurrent!AS$7:AS$10)))) -> 24.860549 | AT23: =IF(ISBLANK(RawCurrent!AT23),"",IF(AVERAGE(RawCurrent!AT$7:AT$10)>0,(RawCurrent!AT23+MEDIAN(RawCurrent!AT$7:AT$10)),(RawCurrent!AT23-MEDIAN(RawCurrent!AT$7:AT$10)))) -> 60.867477 | AU23: =IF(ISBLANK(RawCurrent!AU23),"",IF(AVERAGE(RawCurrent!AU$7:AU$10)>0,(RawCurrent!AU23+MEDIAN(RawCurrent!AU$7:AU$10)),(RawCurrent!AU23-MEDIAN(RawCurrent!AU$7:AU$10)))) -> 112.30052 | AV23: =IF(ISBLANK(RawCurrent!AV23),"",IF(AVERAGE(RawCurrent!AV$7:AV$10)>0,(RawCurrent!AV23+MEDIAN(RawCurrent!AV$7:AV$10)),(RawCurrent!AV23-MEDIAN(RawCurrent!AV$7:AV$10)))) -> 93.080085 | ... BA23: =IF(ISBLANK(RawCurrent!BA23),"",IF(AVERAGE(RawCurrent!BA$7:BA$10)>0,(RawCurrent!BA23+MEDIAN(RawCurrent!BA$7:BA$10)),(RawCurrent!BA23-MEDIAN(RawCurrent!BA$7:BA$10)))) -> 75.720819 | BC23: =IF(ISBLANK(RawCurrent!BC23),"",IF(AVERAGE(RawCurrent!BC$7:BC$10)>0,(RawCurrent!BC23+MEDIAN(RawCurrent!BC$7:BC$10)),(RawCurrent!BC23-MEDIAN(RawCurrent!BC$7:BC$10)))) -> 51.834368 | BD23: =IF(ISBLANK(RawCurrent!BD23),"",IF(AVERAGE(RawCurrent!BD$7:BD$10)>0,(RawCurrent!BD23+MEDIAN(RawCurrent!BD$7:BD$10)),(RawCurrent!BD23-MEDIAN(RawCurrent!BD$7:BD$10)))) -> 117.94954 | BE23: =IF(ISBLANK(RawCurrent!BE23),"",IF(AVERAGE(RawCurrent!BE$7:BE$10)>0,(RawCurrent!BE23+MEDIAN(RawCurrent!BE$7:BE$10)),(RawCurrent!BE23-MEDIAN(RawCurrent!BE$7:BE$10)))) -> -6.6164284 | BF23: =IF(ISBLANK(RawCurrent!BF23),"",IF(AVERAGE(RawCurrent!BF$7:BF$10)>0,(RawCurrent!BF23+MEDIAN(RawCurrent!BF$7:BF$10)),(RawCurrent!BF23-MEDIAN(RawCurrent!BF$7:BF$10)))) -> 85.069141 | BG23: =IF(ISBLANK(RawCurrent!BG23),"",IF(AVERAGE(RawCurrent!BG$7:BG$10)>0,(RawCurrent!BG23+MEDIAN(RawCurrent!BG$7:BG$10)),(RawCurrent!BG23-MEDIAN(RawCurrent!BG$7:BG$10)))) -> 45.633158 | BH23: =IF(ISBLANK(RawCurrent!BH23),"",IF(AVERAGE(RawCurrent!BH$7:BH$10)>0,(RawCurrent!BH23+MEDIAN(RawCurrent!BH$7:BH$10)),(RawCurrent!BH23-MEDIAN(RawCurrent!BH$7:BH$10)))) -> 32.708847 | BJ23: =IF(ISBLANK(RawCurrent!BJ23),"",IF(AVERAGE(RawCurrent!BJ$7:BJ$10)>0,(RawCurrent!BJ23+MEDIAN(RawCurrent!BJ$7:BJ$10)),(RawCurrent!BJ23-MEDIAN(RawCurrent!BJ$7:BJ$10)))) -> 27.038572 | BK23: =IF(ISBLANK(RawCurrent!BK23),"",IF(AVERAGE(RawCurrent!BK$7:BK$10)>0,(RawCurrent!BK23+MEDIAN(RawCurrent!BK$7:BK$10)),(RawCurrent!BK23-MEDIAN(RawCurrent!BK$7:BK$10)))) -> 248.38177 | BL23: =IF(ISBLANK(RawCurrent!BL23),"",IF(AVERAGE(RawCurrent!BL$7:BL$10)>0,(RawCurrent!BL23+MEDIAN(RawCurrent!BL$7:BL$10)),(RawCurrent!BL23-MEDIAN(RawCurrent!BL$7:BL$10)))) -> 100.28147 | BM23: =IF(ISBLANK(RawCurrent!BM23),"",IF(AVERAGE(RawCurrent!BM$7:BM$10)>0,(RawCurrent!BM23+MEDIAN(RawCurrent!BM$7:BM$10)),(RawCurrent!BM23-MEDIAN(RawCurrent!BM$7:BM$10)))) -> -22.699535 | BN23: =IF(ISBLANK(RawCurrent!BN23),"",IF(AVERAGE(RawCurrent!BN$7:BN$10)>0,(RawCurrent!BN23+MEDIAN(RawCurrent!BN$7:BN$10)),(RawCurrent!BN23-MEDIAN(RawCurrent!BN$7:BN$10)))) -> 261.50863 | BO23: =IF(ISBLANK(RawCurrent!BO23),"",IF(AVERAGE(RawCurrent!BO$7:BO$10)>0,(RawCurrent!BO23+MEDIAN(RawCurrent!BO$7:BO$10)),(RawCurrent!BO23-MEDIAN(RawCurrent!BO$7:BO$10)))) -> 155.14237 | BP23: =IF(ISBLANK(RawCurrent!BP23),"",IF(AVERAGE(RawCurrent!BP$7:BP$10)>0,(RawCurrent!BP23+MEDIAN(RawCurrent!BP$7:BP$10)),(RawCurrent!BP23-MEDIAN(RawCurrent!BP$7:BP$10)))) -> 147.69941 | BQ23: =IF(ISBLANK(RawCurrent!BQ23),"",IF(AVERAGE(RawCurrent!BQ$7:BQ$10)>0,(RawCurrent!BQ23+MEDIAN(RawCurrent!BQ$7:BQ$10)),(RawCurrent!BQ23-MEDIAN(RawCurrent!BQ$7:BQ$10)))) -> 215.79246 | ... BX23: =IF(ISBLANK(RawCurrent!BX23),"",IF(AVERAGE(RawCurrent!BX$7:BX$10)>0,(RawCurrent!BX23+MEDIAN(RawCurrent!BX$7:BX$10)),(RawCurrent!BX23-MEDIAN(RawCurrent!BX$7:BX$10)))) -> 10.342842 | BZ23: =IF(ISBLANK(RawCurrent!BZ23),"",IF(AVERAGE(RawCurrent!BZ$7:BZ$10)>0,(RawCurrent!BZ23+MEDIAN(RawCurrent!BZ$7:BZ$10)),(RawCurrent!BZ23-MEDIAN(RawCurrent!BZ$7:BZ$10)))) -> 63.132843 | CA23: =IF(ISBLANK(RawCurrent!CA23),"",IF(AVERAGE(RawCurrent!CA$7:CA$10)>0,(RawCurrent!CA23+MEDIAN(RawCurrent!CA$7:CA$10)),(RawCurrent!CA23-MEDIAN(RawCurrent!CA$7:CA$10)))) -> 98.619164 | CB23: =IF(ISBLANK(RawCurrent!CB23),"",IF(AVERAGE(RawCurrent!CB$7:CB$10)>0,(RawCurrent!CB23+MEDIAN(RawCurrent!CB$7:CB$10)),(RawCurrent!CB23-MEDIAN(RawCurrent!CB$7:CB$10)))) -> 12.722204 | CC23: =IF(ISBLANK(RawCurrent!CC23),"",IF(AVERAGE(RawCurrent!CC$7:CC$10)>0,(RawCurrent!CC23+MEDIAN(RawCurrent!CC$7:CC$10)),(RawCurrent!CC23-MEDIAN(RawCurrent!CC$7:CC$10)))) -> -39.581455 | CD23: =IF(ISBLANK(RawCurrent!CD23),"",IF(AVERAGE(RawCurrent!CD$7:CD$10)>0,(RawCurrent!CD23+MEDIAN(RawCurrent!CD$7:CD$10)),(RawCurrent!CD23-MEDIAN(RawCurrent!CD$7:CD$10)))) -> 12.041362 | CE23: =CE22+10 -> 80 | CF23: =AVERAGE(B23:AQ23,AS23:AU23) -> 180.18754 | CG23: =STDEV(B23:AQ23,AS23:AU23)/SQRT(COUNT(B23:AQ23,AS23:AU23)) -> 43.040954 | CH23: =AVERAGE(AW23:BJ23) -> 85.775078 | CI23: =STDEV((AW23:BJ23))/SQRT(COUNT(AW23:BJ23)) -> 22.804075 | CJ23: =AVERAGE(BK23:CD23) -> 98.296945 | CK23: =STDEV(BK23:CD23)/SQRT(COUNT(BK23:CD23)) -> 21.516842 | CL23: =IF(AVERAGE(CF$7:CF$10)>0,(CF23-MEDIAN(CF$7:CF$10)),(CF23+MEDIAN(CF$7:CF$10))) -> 147.50102 | CM23: 51.217252 | CN23: =IF(AVERAGE(CH$7:CH$10)>0,(CH23-MEDIAN(CH$7:CH$10)),(CH23+MEDIAN(CH$7:CH$10))) -> 63.31471 | CO23: 22.804075 | CP23: =IF(AVERAGE(CJ$7:CJ$10)>0,(CJ23-MEDIAN(CJ$7:CJ$10)),(CJ23+MEDIAN(CJ$7:CJ$10))) -> 85.592367 | CQ23: 21.516842 | CR23: =MEDIAN((B23:AQ23,AS23:AU23)) -> 131.10267 | CS23: =_xlfn.QUARTILE.EXC((B23:AQ23,AS23:AU23),3) -> 208.50523 | CT23: =_xlfn.QUARTILE.EXC((B23:AQ23,AS23:AU23),1) -> 68.92611 | CU23: =MEDIAN(AW23:BJ23) -> 66.183184 | CV23: =_xlfn.QUARTILE.EXC((AW23:BJ23),3) -> 109.72944 | CW23: =_xlfn.QUARTILE.EXC((AW23:BJ23),1) -> 35.939925 | CX23: =MEDIAN(BK23:CD23) -> 81.568393 | CY23: =_xlfn.QUARTILE.EXC((BK23:CD23),3) -> 173.68645 | CZ23: =_xlfn.QUARTILE.EXC((BK23:CD23),1) -> 12.722204 | DA23: =IF(AVERAGE($CR$7:$CR$10)>0,(CR23-MEDIAN($CR$7:$CR$10)),(CR23+MEDIAN($CR$7:$CR$10))) -> 115.44576 | DB23: =IF(AVERAGE($CR$7:$CR$10)>0,(CS23-MEDIAN($CR$7:$CR$10)),(CS23+MEDIAN($CR$7:$CR$10))) -> 192.84831 | DC23: =IF(AVERAGE($CR$7:$CR$10)>0,(CT23-MEDIAN($CR$7:$CR$10)),(CT23+MEDIAN($CR$7:$CR$10))) -> 53.269195 | DD23: =IF(AVERAGE($CU$7:$CU$10)>0,(CU23-MEDIAN($CU$7:$CU$10)),(CU23+MEDIAN($CU$7:$CU$10))) -> 51.584956 | DE23: =IF(AVERAGE($CU$7:$CU$10)>0,(CV23-MEDIAN($CU$7:$CU$10)),(CV23+MEDIAN($CU$7:$CU$10))) -> 95.131217 | DF23: =IF(AVERAGE($CU$7:$CU$10)>0,(CW23-MEDIAN($CU$7:$CU$10)),(CW23+MEDIAN($CU$7:$CU$10))) -> 21.341697 | DG23: =IF(AVERAGE($CX$7:$CX$10)>0,(CX23-MEDIAN($CX$7:$CX$10)),(CX23+MEDIAN($CX$7:$CX$10))) -> 72.967414 | DH23: =IF(AVERAGE($CX$7:$CX$10)>0,(CY23-MEDIAN($CX$7:$CX$10)),(CY23+MEDIAN($CX$7:$CX$10))) -> 165.08548 | DI23: =IF(AVERAGE($CX$7:$CX$10)>0,(CZ23-MEDIAN($CX$7:$CX$10)),(CZ23+MEDIAN($CX$7:$CX$10))) -> 4.1212245
A24: =A23+10 -> 90 | B24: =IF(ISBLANK(RawCurrent!B24),"",IF(AVERAGE(RawCurrent!B$7:B$10)>0,(RawCurrent!B24+MEDIAN(RawCurrent!B$7:B$10)),(RawCurrent!B24-MEDIAN(RawCurrent!B$7:B$10)))) -> 1013.0917 | C24: =IF(ISBLANK(RawCurrent!C24),"",IF(AVERAGE(RawCurrent!C$7:C$10)>0,(RawCurrent!C24+MEDIAN(RawCurrent!C$7:C$10)),(RawCurrent!C24-MEDIAN(RawCurrent!C$7:C$10)))) -> 48.141043 | K24: =IF(ISBLANK(RawCurrent!K24),"",IF(AVERAGE(RawCurrent!K$7:K$10)>0,(RawCurrent!K24+MEDIAN(RawCurrent!K$7:K$10)),(RawCurrent!K24-MEDIAN(RawCurrent!K$7:K$10)))) -> 167.01912 | M24: =IF(ISBLANK(RawCurrent!M24),"",IF(AVERAGE(RawCurrent!M$7:M$10)>0,(RawCurrent!M24+MEDIAN(RawCurrent!M$7:M$10)),(RawCurrent!M24-MEDIAN(RawCurrent!M$7:M$10)))) -> 331.81361
A25: =A24+10 -> 100 | B25: =IF(ISBLANK(RawCurrent!B25),"",IF(AVERAGE(RawCurrent!B$7:B$10)>0,(RawCurrent!B25+MEDIAN(RawCurrent!B$7:B$10)),(RawCurrent!B25-MEDIAN(RawCurrent!B$7:B$10)))) -> 1679.342 | C25: =IF(ISBLANK(RawCurrent!C25),"",IF(AVERAGE(RawCurrent!C$7:C$10)>0,(RawCurrent!C25+MEDIAN(RawCurrent!C$7:C$10)),(RawCurrent!C25-MEDIAN(RawCurrent!C$7:C$10)))) -> 91.383451 | K25: =IF(ISBLANK(RawCurrent!K25),"",IF(AVERAGE(RawCurrent!K$7:K$10)>0,(RawCurrent!K25+MEDIAN(RawCurrent!K$7:K$10)),(RawCurrent!K25-MEDIAN(RawCurrent!K$7:K$10)))) -> 424.9578 | M25: =IF(ISBLANK(RawCurrent!M25),"",IF(AVERAGE(RawCurrent!M$7:M$10)>0,(RawCurrent!M25+MEDIAN(RawCurrent!M$7:M$10)),(RawCurrent!M25-MEDIAN(RawCurrent!M$7:M$10)))) -> 582.21727
A26: =A25+10 -> 110 | B26: =IF(ISBLANK(RawCurrent!B26),"",IF(AVERAGE(RawCurrent!B$7:B$10)>0,(RawCurrent!B26+MEDIAN(RawCurrent!B$7:B$10)),(RawCurrent!B26-MEDIAN(RawCurrent!B$7:B$10)))) -> 2128.7268 | C26: =IF(ISBLANK(RawCurrent!C26),"",IF(AVERAGE(RawCurrent!C$7:C$10)>0,(RawCurrent!C26+MEDIAN(RawCurrent!C$7:C$10)),(RawCurrent!C26-MEDIAN(RawCurrent!C$7:C$10)))) -> 137.08555 | K26: =IF(ISBLANK(RawCurrent!K26),"",IF(AVERAGE(RawCurrent!K$7:K$10)>0,(RawCurrent!K26+MEDIAN(RawCurrent!K$7:K$10)),(RawCurrent!K26-MEDIAN(RawCurrent!K$7:K$10)))) -> 639.44939 | M26: =IF(ISBLANK(RawCurrent!M26),"",IF(AVERAGE(RawCurrent!M$7:M$10)>0,(RawCurrent!M26+MEDIAN(RawCurrent!M$7:M$10)),(RawCurrent!M26-MEDIAN(RawCurrent!M$7:M$10)))) -> 699.99565
A27: =A26+10 -> 120 | B27: =IF(ISBLANK(RawCurrent!B27),"",IF(AVERAGE(RawCurrent!B$7:B$10)>0,(RawCurrent!B27+MEDIAN(RawCurrent!B$7:B$10)),(RawCurrent!B27-MEDIAN(RawCurrent!B$7:B$10)))) -> 2430.2943
A28: 130 | B28: =IF(ISBLANK(RawCurrent!B28),"",IF(AVERAGE(RawCurrent!B$7:B$10)>0,(RawCurrent!B28+MEDIAN(RawCurrent!B$7:B$10)),(RawCurrent!B28-MEDIAN(RawCurrent!B$7:B$10)))) -> 2597.3526
A29: comment

Sheet CurrentDensity
A1: Collector | B1: =RawCurrent!B1 -> REdC | C1: =RawCurrent!C1 -> REdC | D1: =RawCurrent!D1 -> REdC | E1: =RawCurrent!E1 -> REdC | F1: =RawCurrent!F1 -> REdC | G1: =RawCurrent!G1 -> REdC | H1: =RawCurrent!H1 -> REdC | I1: =RawCurrent!I1 -> REdC | ... CD1: =RawCurrent!CD1 -> REdC
A2: Filename | B2: =RawCurrent!B2 -> WT1_REdC_IV_18704034 | C2: =RawCurrent!C2 -> WT2_REdC_IV_1.26.2018 WT cell 5 IV' | D2: =RawCurrent!D2 -> WT3_REdC_IV_17728035 Final | E2: =RawCurrent!E2 -> WT4_REdC_IV_18705015 | F2: =RawCurrent!F2 -> WT5_REdC_IV_17728025 Final | G2: =RawCurrent!G2 -> WT6_REdC_IV_wt iv final | H2: =RawCurrent!H2 -> WT7_REdC_IV_1.26.2018 | I2: =RawCurrent!I2 -> WT8_REdC_IV | ... CD2: =RawCurrent!CD2 -> LVNV21_REdC_IV_17615002.abf;LVNV4_REdC_IV_17615007.abf
A3: Capacitance (picoFarads) | B3: =RawCurrent!B3 -> 6.3918005 | C3: =RawCurrent!C3 -> 3.1770135 | D3: =RawCurrent!D3 -> 12.816808 | E3: =RawCurrent!E3 -> 6.4393644 | F3: =RawCurrent!F3 -> 4.1415548 | G3: =RawCurrent!G3 -> 6.7330415 | H3: =RawCurrent!H3 -> 6.1017498 | I3: =RawCurrent!I3 -> 5.2679979 | ... CD3: =RawCurrent!CD3 -> 1.5789424
A4: Genotype | B4: =RawCurrent!B4 -> WT | C4: =RawCurrent!C4 -> WT | D4: =RawCurrent!D4 -> WT | E4: =RawCurrent!E4 -> WT | F4: =RawCurrent!F4 -> WT | G4: =RawCurrent!G4 -> WT | H4: =RawCurrent!H4 -> WT | I4: =RawCurrent!I4 -> WT | ... CD4: =RawCurrent!CD4 -> LVNV
A5: CellID | B5: =RawCurrent!B5 -> WT1 | C5: =RawCurrent!C5 -> WT2 | D5: =RawCurrent!D5 -> WT3 | E5: =RawCurrent!E5 -> WT4 | F5: =RawCurrent!F5 -> WT5 | G5: =RawCurrent!G5 -> WT6 | H5: =RawCurrent!H5 -> WT7 | I5: =RawCurrent!I5 -> WT8 | ... CD5: =RawCurrent!CD5 -> LVNV21
A6: Em (mV)
A7: -80 | B7: =IF(ISBLANK(BLcorrectedCurrent!B7),"",BLcorrectedCurrent!B7/BLcorrectedCurrent!B$3) -> 56.019757 | C7: =IF(ISBLANK(BLcorrectedCurrent!C7),"",BLcorrectedCurrent!C7/BLcorrectedCurrent!C$3) -> -11.19126 | D7: =IF(ISBLANK(BLcorrectedCurrent!D7),"",BLcorrectedCurrent!D7/BLcorrectedCurrent!D$3) -> 18.559073 | E7: =IF(ISBLANK(BLcorrectedCurrent!E7),"",BLcorrectedCurrent!E7/BLcorrectedCurrent!E$3) -> -5.6028482 | F7: =IF(ISBLANK(BLcorrectedCurrent!F7),"",BLcorrectedCurrent!F7/BLcorrectedCurrent!F$3) -> 73.389163 | G7: =IF(ISBLANK(BLcorrectedCurrent!G7),"",BLcorrectedCurrent!G7/BLcorrectedCurrent!G$3) -> 5.4431616 | H7: =IF(ISBLANK(BLcorrectedCurrent!H7),"",BLcorrectedCurrent!H7/BLcorrectedCurrent!H$3) -> 0.29757891 | I7: =IF(ISBLANK(BLcorrectedCurrent!I7),"",BLcorrectedCurrent!I7/BLcorrectedCurrent!I$3) -> 15.362429 | ... CD7: =IF(ISBLANK(BLcorrectedCurrent!CD7),"",BLcorrectedCurrent!CD7/BLcorrectedCurrent!CD$3) -> 2.2721717
A8: =A7+10 -> -70 | B8: =IF(ISBLANK(BLcorrectedCurrent!B8),"",BLcorrectedCurrent!B8/BLcorrectedCurrent!B$3) -> -0.6834358 | C8: =IF(ISBLANK(BLcorrectedCurrent!C8),"",BLcorrectedCurrent!C8/BLcorrectedCurrent!C$3) -> 11.19126 | D8: =IF(ISBLANK(BLcorrectedCurrent!D8),"",BLcorrectedCurrent!D8/BLcorrectedCurrent!D$3) -> 18.86185 | E8: =IF(ISBLANK(BLcorrectedCurrent!E8),"",BLcorrectedCurrent!E8/BLcorrectedCurrent!E$3) -> -1.2963076 | F8: =IF(ISBLANK(BLcorrectedCurrent!F8),"",BLcorrectedCurrent!F8/BLcorrectedCurrent!F$3) -> 74.575077 | G8: =IF(ISBLANK(BLcorrectedCurrent!G8),"",BLcorrectedCurrent!G8/BLcorrectedCurrent!G$3) -> 4.9263772 | H8: =IF(ISBLANK(BLcorrectedCurrent!H8),"",BLcorrectedCurrent!H8/BLcorrectedCurrent!H$3) -> -0.29757891 | I8: =IF(ISBLANK(BLcorrectedCurrent!I8),"",BLcorrectedCurrent!I8/BLcorrectedCurrent!I$3) -> 18.101795 | ... CD8: =IF(ISBLANK(BLcorrectedCurrent!CD8),"",BLcorrectedCurrent!CD8/BLcorrectedCurrent!CD$3) -> 2.1858728
A9: =A8+10 -> -60 | B9: =IF(ISBLANK(BLcorrectedCurrent!B9),"",BLcorrectedCurrent!B9/BLcorrectedCurrent!B$3) -> 0.6834358 | C9: =IF(ISBLANK(BLcorrectedCurrent!C9),"",BLcorrectedCurrent!C9/BLcorrectedCurrent!C$3) -> 15.302919 | D9: =IF(ISBLANK(BLcorrectedCurrent!D9),"",BLcorrectedCurrent!D9/BLcorrectedCurrent!D$3) -> 20.60188 | E9: =IF(ISBLANK(BLcorrectedCurrent!E9),"",BLcorrectedCurrent!E9/BLcorrectedCurrent!E$3) -> 1.2963076 | F9: =IF(ISBLANK(BLcorrectedCurrent!F9),"",BLcorrectedCurrent!F9/BLcorrectedCurrent!F$3) -> -1.7153983 | G9: =IF(ISBLANK(BLcorrectedCurrent!G9),"",BLcorrectedCurrent!G9/BLcorrectedCurrent!G$3) -> 5.8669195 | H9: =IF(ISBLANK(BLcorrectedCurrent!H9),"",BLcorrectedCurrent!H9/BLcorrectedCurrent!H$3) -> 6.0941544 | I9: =IF(ISBLANK(BLcorrectedCurrent!I9),"",BLcorrectedCurrent!I9/BLcorrectedCurrent!I$3) -> 20.365681 | ... BB9: =IF(ISBLANK(BLcorrectedCurrent!BB9),"",BLcorrectedCurrent!BB9/BLcorrectedCurrent!BB$3) | BD9: =IF(ISBLANK(BLcorrectedCurrent!BD9),"",BLcorrectedCurrent!BD9/BLcorrectedCurrent!BD$3) -> -3.0950344 | BE9: =IF(ISBLANK(BLcorrectedCurrent!BE9),"",BLcorrectedCurrent!BE9/BLcorrectedCurrent!BE$3) -> 0 | BF9: =IF(ISBLANK(BLcorrectedCurrent!BF9),"",BLcorrectedCurrent!BF9/BLcorrectedCurrent!BF$3) -> 6.1532919 | BG9: =IF(ISBLANK(BLcorrectedCurrent!BG9),"",BLcorrectedCurrent!BG9/BLcorrectedCurrent!BG$3) -> 0.92782949 | BH9: =IF(ISBLANK(BLcorrectedCurrent!BH9),"",BLcorrectedCurrent!BH9/BLcorrectedCurrent!BH$3) -> -0.039084846 | BI9: =IF(ISBLANK(BLcorrectedCurrent!BI9),"",BLcorrectedCurrent!BI9/BLcorrectedCurrent!BI$3) -> 3.2825281 | BJ9: =IF(ISBLANK(BLcorrectedCurrent!BJ9),"",BLcorrectedCurrent!BJ9/BLcorrectedCurrent!BJ$3) -> 0.51897996 | BK9: =IF(ISBLANK(BLcorrectedCurrent!BK9),"",BLcorrectedCurrent!BK9/BLcorrectedCurrent!BK$3) -> 0.4304939 | ... CD9: =IF(ISBLANK(BLcorrectedCurrent!CD9),"",BLcorrectedCurrent!CD9/BLcorrectedCurrent!CD$3) -> 6.2145224
A10: =A9+10 -> -50 | B10: =IF(ISBLANK(BLcorrectedCurrent!B10),"",BLcorrectedCurrent!B10/BLcorrectedCurrent!B$3) -> -9.3097071 | C10: =IF(ISBLANK(BLcorrectedCurrent!C10),"",BLcorrectedCurrent!C10/BLcorrectedCurrent!C$3) -> -16.477721 | D10: =IF(ISBLANK(BLcorrectedCurrent!D10),"",BLcorrectedCurrent!D10/BLcorrectedCurrent!D$3) -> 20.800374 | E10: =IF(ISBLANK(BLcorrectedCurrent!E10),"",BLcorrectedCurrent!E10/BLcorrectedCurrent!E$3) -> 20.451272 | F10: =IF(ISBLANK(BLcorrectedCurrent!F10),"",BLcorrectedCurrent!F10/BLcorrectedCurrent!F$3) -> 69.831434 | G10: =IF(ISBLANK(BLcorrectedCurrent!G10),"",BLcorrectedCurrent!G10/BLcorrectedCurrent!G$3) -> 5.8696243 | H10: =IF(ISBLANK(BLcorrectedCurrent!H10),"",BLcorrectedCurrent!H10/BLcorrectedCurrent!H$3) -> -0.38465566 | I10: =IF(ISBLANK(BLcorrectedCurrent!I10),"",BLcorrectedCurrent!I10/BLcorrectedCurrent!I$3) -> 22.930835 | ... CD10: =IF(ISBLANK(BLcorrectedCurrent!CD10),"",BLcorrectedCurrent!CD10/BLcorrectedCurrent!CD$3) -> 5.0175698
A11: =A10+10 -> -40 | B11: =IF(ISBLANK(BLcorrectedCurrent!B11),"",BLcorrectedCurrent!B11/BLcorrectedCurrent!B$3) -> -10.384669 | C11: =IF(ISBLANK(BLcorrectedCurrent!C11),"",BLcorrectedCurrent!C11/BLcorrectedCurrent!C$3) -> -20.723298 | D11: =IF(ISBLANK(BLcorrectedCurrent!D11),"",BLcorrectedCurrent!D11/BLcorrectedCurrent!D$3) -> 22.352032 | E11: =IF(ISBLANK(BLcorrectedCurrent!E11),"",BLcorrectedCurrent!E11/BLcorrectedCurrent!E$3) -> 22.578659 | F11: =IF(ISBLANK(BLcorrectedCurrent!F11),"",BLcorrectedCurrent!F11/BLcorrectedCurrent!F$3) -> 2.4380286 | G11: =IF(ISBLANK(BLcorrectedCurrent!G11),"",BLcorrectedCurrent!G11/BLcorrectedCurrent!G$3) -> -3.3336515 | H11: =IF(ISBLANK(BLcorrectedCurrent!H11),"",BLcorrectedCurrent!H11/BLcorrectedCurrent!H$3) -> 0.20902798 | I11: =IF(ISBLANK(BLcorrectedCurrent!I11),"",BLcorrectedCurrent!I11/BLcorrectedCurrent!I$3) -> 23.762069 | ... CD11: =IF(ISBLANK(BLcorrectedCurrent!CD11),"",BLcorrectedCurrent!CD11/BLcorrectedCurrent!CD$3) -> 7.0273145
A12: =A11+10 -> -30 | B12: =IF(ISBLANK(BLcorrectedCurrent!B12),"",BLcorrectedCurrent!B12/BLcorrectedCurrent!B$3) -> -61.850542 | C12: =IF(ISBLANK(BLcorrectedCurrent!C12),"",BLcorrectedCurrent!C12/BLcorrectedCurrent!C$3) -> -95.275036 | D12: =IF(ISBLANK(BLcorrectedCurrent!D12),"",BLcorrectedCurrent!D12/BLcorrectedCurrent!D$3) -> 19.33543 | E12: =IF(ISBLANK(BLcorrectedCurrent!E12),"",BLcorrectedCurrent!E12/BLcorrectedCurrent!E$3) -> -27.566053 | F12: =IF(ISBLANK(BLcorrectedCurrent!F12),"",BLcorrectedCurrent!F12/BLcorrectedCurrent!F$3) -> -34.815137 | G12: =IF(ISBLANK(BLcorrectedCurrent!G12),"",BLcorrectedCurrent!G12/BLcorrectedCurrent!G$3) -> -69.085918 | H12: =IF(ISBLANK(BLcorrectedCurrent!H12),"",BLcorrectedCurrent!H12/BLcorrectedCurrent!H$3) -> -6.3709664 | I12: =IF(ISBLANK(BLcorrectedCurrent!I12),"",BLcorrectedCurrent!I12/BLcorrectedCurrent!I$3) -> -78.068144 | ... CD12: =IF(ISBLANK(BLcorrectedCurrent!CD12),"",BLcorrectedCurrent!CD12/BLcorrectedCurrent!CD$3) -> -7.0949282
A13: =A12+10 -> -20 | B13: =IF(ISBLANK(BLcorrectedCurrent!B13),"",BLcorrectedCurrent!B13/BLcorrectedCurrent!B$3) -> -348.88954 | C13: =IF(ISBLANK(BLcorrectedCurrent!C13),"",BLcorrectedCurrent!C13/BLcorrectedCurrent!C$3) -> -233.50173 | D13: =IF(ISBLANK(BLcorrectedCurrent!D13),"",BLcorrectedCurrent!D13/BLcorrectedCurrent!D$3) -> -84.3523 | E13: =IF(ISBLANK(BLcorrectedCurrent!E13),"",BLcorrectedCurrent!E13/BLcorrectedCurrent!E$3) -> -220.91809 | F13: =IF(ISBLANK(BLcorrectedCurrent!F13),"",BLcorrectedCurrent!F13/BLcorrectedCurrent!F$3) -> -266.41405 | G13: =IF(ISBLANK(BLcorrectedCurrent!G13),"",BLcorrectedCurrent!G13/BLcorrectedCurrent!G$3) -> -279.08262 | H13: =IF(ISBLANK(BLcorrectedCurrent!H13),"",BLcorrectedCurrent!H13/BLcorrectedCurrent!H$3) -> -44.020458 | I13: =IF(ISBLANK(BLcorrectedCurrent!I13),"",BLcorrectedCurrent!I13/BLcorrectedCurrent!I$3) -> -345.73556 | ... CD13: =IF(ISBLANK(BLcorrectedCurrent!CD13),"",BLcorrectedCurrent!CD13/BLcorrectedCurrent!CD$3) -> -22.782425
A14: =A13+10 -> -10 | B14: =IF(ISBLANK(BLcorrectedCurrent!B14),"",BLcorrectedCurrent!B14/BLcorrectedCurrent!B$3) -> -779.37748 | C14: =IF(ISBLANK(BLcorrectedCurrent!C14),"",BLcorrectedCurrent!C14/BLcorrectedCurrent!C$3) -> -296.08461 | D14: =IF(ISBLANK(BLcorrectedCurrent!D14),"",BLcorrectedCurrent!D14/BLcorrectedCurrent!D$3) -> -209.82245 | E14: =IF(ISBLANK(BLcorrectedCurrent!E14),"",BLcorrectedCurrent!E14/BLcorrectedCurrent!E$3) -> -495.05089 | F14: =IF(ISBLANK(BLcorrectedCurrent!F14),"",BLcorrectedCurrent!F14/BLcorrectedCurrent!F$3) -> -653.02886 | G14: =IF(ISBLANK(BLcorrectedCurrent!G14),"",BLcorrectedCurrent!G14/BLcorrectedCurrent!G$3) -> -299.30117 | H14: =IF(ISBLANK(BLcorrectedCurrent!H14),"",BLcorrectedCurrent!H14/BLcorrectedCurrent!H$3) -> -177.84379 | I14: =IF(ISBLANK(BLcorrectedCurrent!I14),"",BLcorrectedCurrent!I14/BLcorrectedCurrent!I$3) -> -366.84891 | ... CD14: =IF(ISBLANK(BLcorrectedCurrent!CD14),"",BLcorrectedCurrent!CD14/BLcorrectedCurrent!CD$3) -> -48.860978
A15: =A14+10 -> 0 | B15: =IF(ISBLANK(BLcorrectedCurrent!B15),"",BLcorrectedCurrent!B15/BLcorrectedCurrent!B$3) -> -1043.9304 | C15: =IF(ISBLANK(BLcorrectedCurrent!C15),"",BLcorrectedCurrent!C15/BLcorrectedCurrent!C$3) -> -316.72758 | D15: =IF(ISBLANK(BLcorrectedCurrent!D15),"",BLcorrectedCurrent!D15/BLcorrectedCurrent!D$3) -> -213.03632 | E15: =IF(ISBLANK(BLcorrectedCurrent!E15),"",BLcorrectedCurrent!E15/BLcorrectedCurrent!E$3) -> -595.72975 | F15: =IF(ISBLANK(BLcorrectedCurrent!F15),"",BLcorrectedCurrent!F15/BLcorrectedCurrent!F$3) -> -732.79426 | G15: =IF(ISBLANK(BLcorrectedCurrent!G15),"",BLcorrectedCurrent!G15/BLcorrectedCurrent!G$3) -> -268.3446 | H15: =IF(ISBLANK(BLcorrectedCurrent!H15),"",BLcorrectedCurrent!H15/BLcorrectedCurrent!H$3) -> -295.41588 | I15: =IF(ISBLANK(BLcorrectedCurrent!I15),"",BLcorrectedCurrent!I15/BLcorrectedCurrent!I$3) -> -337.53154 | ... CD15: =IF(ISBLANK(BLcorrectedCurrent!CD15),"",BLcorrectedCurrent!CD15/BLcorrectedCurrent!CD$3) -> -75.349295
A16: =A15+10 -> 10 | B16: =IF(ISBLANK(BLcorrectedCurrent!B16),"",BLcorrectedCurrent!B16/BLcorrectedCurrent!B$3) -> -1083.4116 | C16: =IF(ISBLANK(BLcorrectedCurrent!C16),"",BLcorrectedCurrent!C16/BLcorrectedCurrent!C$3) -> -289.65566 | D16: =IF(ISBLANK(BLcorrectedCurrent!D16),"",BLcorrectedCurrent!D16/BLcorrectedCurrent!D$3) -> -228.12117 | E16: =IF(ISBLANK(BLcorrectedCurrent!E16),"",BLcorrectedCurrent!E16/BLcorrectedCurrent!E$3) -> -554.44521 | F16: =IF(ISBLANK(BLcorrectedCurrent!F16),"",BLcorrectedCurrent!F16/BLcorrectedCurrent!F$3) -> -822.36902 | G16: =IF(ISBLANK(BLcorrectedCurrent!G16),"",BLcorrectedCurrent!G16/BLcorrectedCurrent!G$3) -> -242.48349 | H16: =IF(ISBLANK(BLcorrectedCurrent!H16),"",BLcorrectedCurrent!H16/BLcorrectedCurrent!H$3) -> -327.53381 | I16: =IF(ISBLANK(BLcorrectedCurrent!I16),"",BLcorrectedCurrent!I16/BLcorrectedCurrent!I$3) -> -304.53141 | ... CD16: =IF(ISBLANK(BLcorrectedCurrent!CD16),"",BLcorrectedCurrent!CD16/BLcorrectedCurrent!CD$3) -> -89.82481
A17: =A16+10 -> 20 | B17: =IF(ISBLANK(BLcorrectedCurrent!B17),"",BLcorrectedCurrent!B17/BLcorrectedCurrent!B$3) -> -1005.6213 | C17: =IF(ISBLANK(BLcorrectedCurrent!C17),"",BLcorrectedCurrent!C17/BLcorrectedCurrent!C$3) -> -249.3274 | D17: =IF(ISBLANK(BLcorrectedCurrent!D17),"",BLcorrectedCurrent!D17/BLcorrectedCurrent!D$3) -> -202.75775 | E17: =IF(ISBLANK(BLcorrectedCurrent!E17),"",BLcorrectedCurrent!E17/BLcorrectedCurrent!E$3) -> -473.63984 | F17: =IF(ISBLANK(BLcorrectedCurrent!F17),"",BLcorrectedCurrent!F17/BLcorrectedCurrent!F$3) -> -758.01719 | G17: =IF(ISBLANK(BLcorrectedCurrent!G17),"",BLcorrectedCurrent!G17/BLcorrectedCurrent!G$3) -> -203.51201 | H17: =IF(ISBLANK(BLcorrectedCurrent!H17),"",BLcorrectedCurrent!H17/BLcorrectedCurrent!H$3) -> -316.9196 | I17: =IF(ISBLANK(BLcorrectedCurrent!I17),"",BLcorrectedCurrent!I17/BLcorrectedCurrent!I$3) -> -254.79597 | ... CD17: =IF(ISBLANK(BLcorrectedCurrent!CD17),"",BLcorrectedCurrent!CD17/BLcorrectedCurrent!CD$3) -> -88.74228
A18: =A17+10 -> 30 | B18: =IF(ISBLANK(BLcorrectedCurrent!B18),"",BLcorrectedCurrent!B18/BLcorrectedCurrent!B$3) -> -863.62742 | C18: =IF(ISBLANK(BLcorrectedCurrent!C18),"",BLcorrectedCurrent!C18/BLcorrectedCurrent!C$3) -> -203.43031 | D18: =IF(ISBLANK(BLcorrectedCurrent!D18),"",BLcorrectedCurrent!D18/BLcorrectedCurrent!D$3) -> -160.94117 | E18: =IF(ISBLANK(BLcorrectedCurrent!E18),"",BLcorrectedCurrent!E18/BLcorrectedCurrent!E$3) -> -364.05378 | F18: =IF(ISBLANK(BLcorrectedCurrent!F18),"",BLcorrectedCurrent!F18/BLcorrectedCurrent!F$3) -> -612.67754 | G18: =IF(ISBLANK(BLcorrectedCurrent!G18),"",BLcorrectedCurrent!G18/BLcorrectedCurrent!G$3) -> -163.78682 | H18: =IF(ISBLANK(BLcorrectedCurrent!H18),"",BLcorrectedCurrent!H18/BLcorrectedCurrent!H$3) -> -279.27551 | I18: =IF(ISBLANK(BLcorrectedCurrent!I18),"",BLcorrectedCurrent!I18/BLcorrectedCurrent!I$3) -> -201.52785 | ... BX18: =IF(ISBLANK(BLcorrectedCurrent!BX18),"",BLcorrectedCurrent!BX18/BLcorrectedCurrent!BX$3) -> -29.675983 | BZ18: =IF(ISBLANK(BLcorrectedCurrent!BZ18),"",BLcorrectedCurrent!BZ18/BLcorrectedCurrent!BZ$3) -> -14.956746 | CA18: =IF(ISBLANK(BLcorrectedCurrent!CA18),"",BLcorrectedCurrent!CA18/BLcorrectedCurrent!CA$3) -> -40.422624 | CB18: =IF(ISBLANK(BLcorrectedCurrent!CB18),"",BLcorrectedCurrent!CB18/BLcorrectedCurrent!CB$3) -> -17.190566 | CC18: =IF(ISBLANK(BLcorrectedCurrent!CC18),"",BLcorrectedCurrent!CC18/BLcorrectedCurrent!CC$3) -> -42.227423 | CD18: =IF(ISBLANK(BLcorrectedCurrent!CD18),"",BLcorrectedCurrent!CD18/BLcorrectedCurrent!CD$3) -> -71.288559
A19: =A18+10 -> 40 | B19: =IF(ISBLANK(BLcorrectedCurrent!B19),"",BLcorrectedCurrent!B19/BLcorrectedCurrent!B$3) -> -702.33374 | C19: =IF(ISBLANK(BLcorrectedCurrent!C19),"",BLcorrectedCurrent!C19/BLcorrectedCurrent!C$3) -> -149.81175 | D19: =IF(ISBLANK(BLcorrectedCurrent!D19),"",BLcorrectedCurrent!D19/BLcorrectedCurrent!D$3) -> -110.35988 | E19: =IF(ISBLANK(BLcorrectedCurrent!E19),"",BLcorrectedCurrent!E19/BLcorrectedCurrent!E$3) -> -246.15809 | F19: =IF(ISBLANK(BLcorrectedCurrent!F19),"",BLcorrectedCurrent!F19/BLcorrectedCurrent!F$3) -> -422.16165 | G19: =IF(ISBLANK(BLcorrectedCurrent!G19),"",BLcorrectedCurrent!G19/BLcorrectedCurrent!G$3) -> -128.13715 | H19: =IF(ISBLANK(BLcorrectedCurrent!H19),"",BLcorrectedCurrent!H19/BLcorrectedCurrent!H$3) -> -230.62126 | I19: =IF(ISBLANK(BLcorrectedCurrent!I19),"",BLcorrectedCurrent!I19/BLcorrectedCurrent!I$3) -> -149.62166 | ... BX19: =IF(ISBLANK(BLcorrectedCurrent!BX19),"",BLcorrectedCurrent!BX19/BLcorrectedCurrent!BX$3) -> -21.729397 | BZ19: =IF(ISBLANK(BLcorrectedCurrent!BZ19),"",BLcorrectedCurrent!BZ19/BLcorrectedCurrent!BZ$3) -> -8.5210623 | CA19: =IF(ISBLANK(BLcorrectedCurrent!CA19),"",BLcorrectedCurrent!CA19/BLcorrectedCurrent!CA$3) -> -22.628919 | CB19: =IF(ISBLANK(BLcorrectedCurrent!CB19),"",BLcorrectedCurrent!CB19/BLcorrectedCurrent!CB$3) -> -13.343918 | CC19: =IF(ISBLANK(BLcorrectedCurrent!CC19),"",BLcorrectedCurrent!CC19/BLcorrectedCurrent!CC$3) -> -39.359683 | CD19: =IF(ISBLANK(BLcorrectedCurrent!CD19),"",BLcorrectedCurrent!CD19/BLcorrectedCurrent!CD$3) -> -54.252743
A20: =A19+10 -> 50 | B20: =IF(ISBLANK(BLcorrectedCurrent!B20),"",BLcorrectedCurrent!B20/BLcorrectedCurrent!B$3) -> -482.58718 | C20: =IF(ISBLANK(BLcorrectedCurrent!C20),"",BLcorrectedCurrent!C20/BLcorrectedCurrent!C$3) -> -106.20992 | D20: =IF(ISBLANK(BLcorrectedCurrent!D20),"",BLcorrectedCurrent!D20/BLcorrectedCurrent!D$3) -> -60.976452 | E20: =IF(ISBLANK(BLcorrectedCurrent!E20),"",BLcorrectedCurrent!E20/BLcorrectedCurrent!E$3) -> -137.82791 | F20: =IF(ISBLANK(BLcorrectedCurrent!F20),"",BLcorrectedCurrent!F20/BLcorrectedCurrent!F$3) -> -229.71135 | G20: =IF(ISBLANK(BLcorrectedCurrent!G20),"",BLcorrectedCurrent!G20/BLcorrectedCurrent!G$3) -> -86.986079 | H20: =IF(ISBLANK(BLcorrectedCurrent!H20),"",BLcorrectedCurrent!H20/BLcorrectedCurrent!H$3) -> -179.92939 | I20: =IF(ISBLANK(BLcorrectedCurrent!I20),"",BLcorrectedCurrent!I20/BLcorrectedCurrent!I$3) -> -97.730492 | ... BX20: =IF(ISBLANK(BLcorrectedCurrent!BX20),"",BLcorrectedCurrent!BX20/BLcorrectedCurrent!BX$3) -> -12.586114 | BZ20: =IF(ISBLANK(BLcorrectedCurrent!BZ20),"",BLcorrectedCurrent!BZ20/BLcorrectedCurrent!BZ$3) -> -2.1236168 | CA20: =IF(ISBLANK(BLcorrectedCurrent!CA20),"",BLcorrectedCurrent!CA20/BLcorrectedCurrent!CA$3) -> -5.8196079 | CB20: =IF(ISBLANK(BLcorrectedCurrent!CB20),"",BLcorrectedCurrent!CB20/BLcorrectedCurrent!CB$3) -> -8.0887151 | CC20: =IF(ISBLANK(BLcorrectedCurrent!CC20),"",BLcorrectedCurrent!CC20/BLcorrectedCurrent!CC$3) -> -30.42613 | CD20: =IF(ISBLANK(BLcorrectedCurrent!CD20),"",BLcorrectedCurrent!CD20/BLcorrectedCurrent!CD$3) -> -34.993423
A21: =A20+10 -> 60 | B21: =IF(ISBLANK(BLcorrectedCurrent!B21),"",BLcorrectedCurrent!B21/BLcorrectedCurrent!B$3) -> -309.33405 | C21: =IF(ISBLANK(BLcorrectedCurrent!C21),"",BLcorrectedCurrent!C21/BLcorrectedCurrent!C$3) -> -70.537787 | D21: =IF(ISBLANK(BLcorrectedCurrent!D21),"",BLcorrectedCurrent!D21/BLcorrectedCurrent!D$3) -> -18.360009 | E21: =IF(ISBLANK(BLcorrectedCurrent!E21),"",BLcorrectedCurrent!E21/BLcorrectedCurrent!E$3) -> -38.799943 | F21: =IF(ISBLANK(BLcorrectedCurrent!F21),"",BLcorrectedCurrent!F21/BLcorrectedCurrent!F$3) -> -20.777893 | G21: =IF(ISBLANK(BLcorrectedCurrent!G21),"",BLcorrectedCurrent!G21/BLcorrectedCurrent!G$3) -> -47.107768 | H21: =IF(ISBLANK(BLcorrectedCurrent!H21),"",BLcorrectedCurrent!H21/BLcorrectedCurrent!H$3) -> -123.40113 | I21: =IF(ISBLANK(BLcorrectedCurrent!I21),"",BLcorrectedCurrent!I21/BLcorrectedCurrent!I$3) -> -51.816946 | ... BX21: =IF(ISBLANK(BLcorrectedCurrent!BX21),"",BLcorrectedCurrent!BX21/BLcorrectedCurrent!BX$3) -> -8.3372607 | BZ21: =IF(ISBLANK(BLcorrectedCurrent!BZ21),"",BLcorrectedCurrent!BZ21/BLcorrectedCurrent!BZ$3) -> -1.5305016 | CA21: =IF(ISBLANK(BLcorrectedCurrent!CA21),"",BLcorrectedCurrent!CA21/BLcorrectedCurrent!CA$3) -> 11.531047 | CB21: =IF(ISBLANK(BLcorrectedCurrent!CB21),"",BLcorrectedCurrent!CB21/BLcorrectedCurrent!CB$3) -> -4.0923437 | CC21: =IF(ISBLANK(BLcorrectedCurrent!CC21),"",BLcorrectedCurrent!CC21/BLcorrectedCurrent!CC$3) -> -25.349633 | CD21: =IF(ISBLANK(BLcorrectedCurrent!CD21),"",BLcorrectedCurrent!CD21/BLcorrectedCurrent!CD$3) -> -17.471928
A22: =A21+10 -> 70 | B22: =IF(ISBLANK(BLcorrectedCurrent!B22),"",BLcorrectedCurrent!B22/BLcorrectedCurrent!B$3) -> -152.89895 | C22: =IF(ISBLANK(BLcorrectedCurrent!C22),"",BLcorrectedCurrent!C22/BLcorrectedCurrent!C$3) -> -43.434259 | D22: =IF(ISBLANK(BLcorrectedCurrent!D22),"",BLcorrectedCurrent!D22/BLcorrectedCurrent!D$3) -> 21.407721 | E22: =IF(ISBLANK(BLcorrectedCurrent!E22),"",BLcorrectedCurrent!E22/BLcorrectedCurrent!E$3) -> 44.926025 | F22: =IF(ISBLANK(BLcorrectedCurrent!F22),"",BLcorrectedCurrent!F22/BLcorrectedCurrent!F$3) -> 221.80721 | G22: =IF(ISBLANK(BLcorrectedCurrent!G22),"",BLcorrectedCurrent!G22/BLcorrectedCurrent!G$3) -> -12.700434 | H22: =IF(ISBLANK(BLcorrectedCurrent!H22),"",BLcorrectedCurrent!H22/BLcorrectedCurrent!H$3) -> -79.150557 | I22: =IF(ISBLANK(BLcorrectedCurrent!I22),"",BLcorrectedCurrent!I22/BLcorrectedCurrent!I$3) -> -11.586908 | ... BX22: =IF(ISBLANK(BLcorrectedCurrent!BX22),"",BLcorrectedCurrent!BX22/BLcorrectedCurrent!BX$3) -> -1.0229486 | BZ22: =IF(ISBLANK(BLcorrectedCurrent!BZ22),"",BLcorrectedCurrent!BZ22/BLcorrectedCurrent!BZ$3) -> 16.707942 | CA22: =IF(ISBLANK(BLcorrectedCurrent!CA22),"",BLcorrectedCurrent!CA22/BLcorrectedCurrent!CA$3) -> 25.697305 | CB22: =IF(ISBLANK(BLcorrectedCurrent!CB22),"",BLcorrectedCurrent!CB22/BLcorrectedCurrent!CB$3) -> 2.3805174 | CC22: =IF(ISBLANK(BLcorrectedCurrent!CC22),"",BLcorrectedCurrent!CC22/BLcorrectedCurrent!CC$3) -> -17.644336 | CD22: =IF(ISBLANK(BLcorrectedCurrent!CD22),"",BLcorrectedCurrent!CD22/BLcorrectedCurrent!CD$3) -> -4.2261084
A23: =A22+10 -> 80 | B23: =IF(ISBLANK(BLcorrectedCurrent!B23),"",BLcorrectedCurrent!B23/BLcorrectedCurrent!B$3) -> -61.969207 | C23: =IF(ISBLANK(BLcorrectedCurrent!C23),"",BLcorrectedCurrent!C23/BLcorrectedCurrent!C$3) -> -21.566286 | D23: =IF(ISBLANK(BLcorrectedCurrent!D23),"",BLcorrectedCurrent!D23/BLcorrectedCurrent!D$3) -> 42.753242 | E23: =IF(ISBLANK(BLcorrectedCurrent!E23),"",BLcorrectedCurrent!E23/BLcorrectedCurrent!E$3) -> 111.70373 | F23: =IF(ISBLANK(BLcorrectedCurrent!F23),"",BLcorrectedCurrent!F23/BLcorrectedCurrent!F$3) -> 379.42728 | G23: =IF(ISBLANK(BLcorrectedCurrent!G23),"",BLcorrectedCurrent!G23/BLcorrectedCurrent!G$3) -> 24.404135 | H23: =IF(ISBLANK(BLcorrectedCurrent!H23),"",BLcorrectedCurrent!H23/BLcorrectedCurrent!H$3) -> -30.781553 | I23: =IF(ISBLANK(BLcorrectedCurrent!I23),"",BLcorrectedCurrent!I23/BLcorrectedCurrent!I$3) -> 24.104278 | ... BX23: =IF(ISBLANK(BLcorrectedCurrent!BX23),"",BLcorrectedCurrent!BX23/BLcorrectedCurrent!BX$3) -> 1.3575197 | BZ23: =IF(ISBLANK(BLcorrectedCurrent!BZ23),"",BLcorrectedCurrent!BZ23/BLcorrectedCurrent!BZ$3) -> 13.828775 | CA23: =IF(ISBLANK(BLcorrectedCurrent!CA23),"",BLcorrectedCurrent!CA23/BLcorrectedCurrent!CA$3) -> 37.024695 | CB23: =IF(ISBLANK(BLcorrectedCurrent!CB23),"",BLcorrectedCurrent!CB23/BLcorrectedCurrent!CB$3) -> 2.9249688 | CC23: =IF(ISBLANK(BLcorrectedCurrent!CC23),"",BLcorrectedCurrent!CC23/BLcorrectedCurrent!CC$3) -> -8.9468956 | CD23: =IF(ISBLANK(BLcorrectedCurrent!CD23),"",BLcorrectedCurrent!CD23/BLcorrectedCurrent!CD$3) -> 7.6262197
A24: =A23+10 -> 90 | B24: =IF(ISBLANK(BLcorrectedCurrent!B24),"",BLcorrectedCurrent!B24/BLcorrectedCurrent!B$3) -> 158.49863 | C24: =IF(ISBLANK(BLcorrectedCurrent!C24),"",BLcorrectedCurrent!C24/BLcorrectedCurrent!C$3) -> 15.152923 | K24: =IF(ISBLANK(BLcorrectedCurrent!K24),"",BLcorrectedCurrent!K24/BLcorrectedCurrent!K$3) -> 22.9852 | M24: =IF(ISBLANK(BLcorrectedCurrent!M24),"",BLcorrectedCurrent!M24/BLcorrectedCurrent!M$3) -> 55.641295
