Workbook

Sheet MetaData
A1: Collector | B1: Author who collected data
A2: Filename | B2: Filename from which these traces were extracted
A3: Capacitance (picoFarads) | B3: Capacitance of the cell collected either from capac.pro or from a part within the abovementioned filename
A4: Genotype | B4: SCN4A encoding NaV1.4 pore sequence; AA sequence reported here. NaV1.4+ (scored, WT, is TTX-sensitive) for translated SCN4A sequences reading 1276-MDIMYA-1281 in DIII and 1556-ICLFEITTSAGWDG-1569 in DIV. NaV1.4EPN (TTX-resistant, scored EPN) were mutagenized to reflect D1277E and A1281P in DIII and D1568N in DIV. NaV1.4LVNV (TTX-resistant, scored LVNV) were mutagenized to reflect I1556L, I1561V, D1568N, and G1569V.
A5: CellID | B5: A unique identifier for each cell from which recordings were obtained in the course of this research program. Each tab in this sheet shall bear this identifier to signify from which cell the enclosed current family were recorded. Simply, the CellID is composed of the Genotype (as written above) and the roughly chronological order in which the cell was recorded. There is an additional sheet in this document showing all the recordings which were obtained from each cell, ordered under its CellID.
A6: V_act | B6: This is the point at which half of the current has developed during serial step depolarizations of the test voltage.
A7: k_act | B7: This is the rate at which current develops with respect to test pulse potential.
A8: V_inact | B8: This is the point at which half of the current magnitude fails to develop during serial step depolarizations of the pre-pulse potential (conditioning voltage step).
A9: k_inact | B9: This is the rate at which current fails to develops with respect to pre-pulse potential.
A10: Imax | B10: This is the Maximum Current observed in the IV protocol (independent of the voltage at which it occurred). If only the fSSI was recorded, this is Imax from that file. This is only for normalizing purposes to verify the effects of clamping are not skewing results.
B11: These parameters were fit in OriginPro2020 using the Boltzmann equation: y = A2 + (A1-A2)/(1 + exp((x-x0)/dx)) where x0 is V1/2 and dx is k. The fitting routine is an orthogonal distance regression (pro)
A13: Notes | B13: In the accompanying OriginPro graphing file, there are several sheets. There are two sets of Steady State Activation (SSA) sheets, and consequently, two sets of kinetics (V1/2, k) here because two sheets of SSA conductance data were generated - one where current is normalized to driving force as calculated by the difference between test voltage and the predicted Nernst equilibrium potential (Eeq) and one where current is normalized to driving force as calculated by the difference between test voltage and the observed Reversal Potential (Erev). (Nernst potential calculation parameters include: R=8.314 J/mol*K, T = 22 + 273.15 K, z = +1, F = 96.485 J/mol*mV, Na_out = 145, Na_in = 10.) Despite any consequences to the distribution or clustering of these points, on the whole, I prefer using the Erev data, if for no other reason than I estimate it accounts for physical defects in the experiments, such as clamping and miniscule variations sodium ion gradients. Moreover, the delineation in grouping between fast Steady State Inactivation (fSSI) V1/2-k plots and SSA V1/2-k clusters is more pronounced using this more personalized calculation. This is ultimately only of aesthetic value provided the insignificance of the difference between genotypes.
A14: Window_Current | B14: Window_Current: The window currents were identified first by calculating the difference curve between the fSSI and SSA curves, assuming fSSI A1 = 1, A2 = 0, SSA A1 = 0, A2 = 1, and using the results of the fitting parameters to fill in the following equation =(1/(1+EXP((V-V_act)/k_act))+(1/(1+EXP((V-V_inact)/k_inact)))-1) over the range of -50 to -10. The values in of these difference curves were stripped of the '-' (minus) symbol to generate the absolute value of these curves. An index(match) style formula was used to find the voltage at which the difference curve reaches a minimum (i.e. where it would have crossed the x-axis if not for the effective absolute value approach) and then report the voltage at which the minimum occurs (i.e. the peak of the window current). An example formula might be: =INDEX($A$15:$A$4015,MATCH(MIN($B$15:$B$4015),$B$15:$B$4015,0),) where A:A is the voltage and B:B is the absolute value difference curve. The
A15: Window_Current_Report | B15: Window_Current_Report: This file is a subset of the data found in Window_Current, excluding cells which only produced one or the other fSSI or SSA thereby precluding peak_window_current analysis, and it only reports the voltage at which the peak window current occurs. The peak fraction available (I_max_window) was calculated by evaluating the SSA curve assuming A1 = 0, A2 = 1, V_1/2_act and k_act as found above it, where V = E(Iwp), the voltage at which the peak window current occurs. A sample calculation might be: =(-1/(1+EXP((B14-B6)/B7)))+1 where B14 is E(Iwp), B6 is V_act and B7 is k_act
A17: Sheets included in this file:
A18: k_V_actEeq_inact | B18: This sheet summarizes the kinetic parameters of steady-state activation and fast inactivation where activation was calculated relative to the calculated equilibrium potential for sodium, Eeq.
A19: k_V_actErev_inact | B19: This sheet summarizes the kinetic parameters of steady-state activation and fast inactivation where activation was calculated relative to the observed revesal potential, Erev.
A20: Window_current | B20: The curves generated here were used to find the peak of the window current down to 0.01mV.
A21: Window_Current_Report | B21: This sheet displays the individual values describing the window current parameters for each cell which produced both steady-state activation and fast inactivation curves.
A22: Window_Current_Central_Tendency | B22: This sheet summarizes the average voltge at which the peak window current is achieved as well as the fraction of current developed at the peak of the window.
A23: Avg_Window_Curves | B23: These are average and spread curves over the range where steady-state activation and fast inactivation overlap.
A24: k_act_V_act_by_GT_Eeq | B24: This sheet summarizes the fitted parameters of sigmoidal curve fitting in such a way that was amenable to statistical testing by R. The activation parameters were calculated relative to the calculated equilibrium potential for sodium, Eeq.
A25: k_act_V_act_by_GT_Erev | B25: This sheet summarizes the fitted parameters of sigmoidal curve fitting in such a way that was amenable to statistical testing by R. The activation parameters were calculated relative to the reversal potential, Erev.

Sheet k_V_actEeq_inact
A1: Collector | B1: REdC | C1: REdC | D1: REdC | E1: REdC | F1: REdC | G1: REdC | H1: REdC | I1: REdC | J1: REdC | K1: REdC | L1: REdC | M1: REdC | N1: REdC | O1: REdC | P1: REdC | Q1: REdC | R1: REdC | S1: REdC | T1: REdC | U1: REdC | V1: REdC | W1: REdC | X1: REdC | Y1: REdC | Z1: REdC | AA1: REdC | AB1: REdC | AC1: REdC | AD1: REdC | AE1: REdC | AF1: REdC | AG1: REdC | AH1: REdC | AI1: REdC | AJ1: REdC | AK1: REdC | AL1: REdC | AM1: REdC | AN1: REdC | AO1: REdC | AP1: REdC | AQ1: REdC | AR1: REdC | AS1: REdC | AT1: REdC | AU1: REdC | AV1: REdC | AW1: REdC | AX1: REdC | AY1: REdC | AZ1: REdC | BA1: REdC | BB1: REdC | BC1: REdC | BD1: REdC | BE1: REdC | BF1: REdC | BG1: REdC | BH1: REdC | BI1: REdC | BJ1: REdC | BK1: REdC | BL1: REdC | BM1: REdC | BN1: REdC | BO1: REdC | BP1: REdC | BQ1: REdC | BR1: REdC | BS1: REdC | BT1: REdC | BU1: REdC | BV1: REdC | BW1: REdC | BX1: REdC | BY1: REdC | BZ1: REdC | CA1: REdC | CB1: REdC | CC1: REdC | CD1: REdC | CE1: REdC | CF1: REdC | CG1: REdC | CH1: REdC | CI1: REdC | CJ1: REdC | CK1: REdC | CL1: REdC | CM1: REdC | CN1: REdC | CO1: REdC | CP1: REdC | CQ1: REdC | CR1: REdC
A2: Filename_act | B2: WT1_REdC_IV_18704034 | C2: WT2_REdC_IV_1.26.2018 WT cell 5 IV' | D2: WT3_REdC_IV_17728035 Final | E2: WT4_REdC_IV_18705015 | F2: WT5_REdC_IV_17728025 Final | G2: WT6_REdC_IV_wt iv final | H2: WT7_REdC_IV_1.26.2018 | I2: WT8_REdC_IV | J2: WT9_REdC_IV_17504013 Final | K2: WT10_REdC_IV_1.26.2018 WT cell 2 IV' -120 conditioning | L2: WT11_REdC_IV_17723017 | M2: WT12_REdC_IV_17721049 Final filtered | N2: WT13_REdC_IV_17723001 | O2: WT14_REdC_IV_19n15007 | P2: WT15_REdC_IV_19825000 | Q2: WT16_REdC_IV_18705033 | R2: WT17_REdC_IV_17721059 | S2: WT19_REdC_IV_19n23000 (-80:-10); WT19_REdC_IV_19n23009 (0:+80) | T2: WT20_REdC_IV_18115016 | U2: WT21_REdC_IV_19o30001 (-80:0),WT21_REdC_IV_19o30004(10:+80) | W2: WT23_REdC_1.19.2018 IV cell 2 WT leak | X2: WT24_REdC_IV_18705003(-80:10),WT24_REdC_IV_18705002(20:+80) | Y2: WT25_REdC_IV_18704045 | Z2: WT26_REdC_IV_17809014 | AA2: WT27_REdC_IV_1.23.2018 IV cell 1 WT | AB2: WT28_REdC_IV_1.23.2018 IV cell 1 WT | AC2: WT29_REdC_IV_18o19010 | AD2: WT30_REdC_IV_1.26.2018 WT cell 1 IV p8 20 sweeps | AE2: WT31_REdC_IV_18o07001 | AG2: WT33_REdC_IV_17728018 | AI2: WT38_REdC_IV_19o21015 | AJ2: WT39_REdC_IV_17429002 | AK2: WT40_REdC_IV_17810003 | AL2: WT43_REdC_IV_1.26.2018 WT cell 4 IV | AM2: WT44_REdC_IV_1.14.2018 IV cell 2 NaV1.4 wt | AN2: WT47_REdC_IV_19911011 | AO2: WT48_REdC_IV_19n06031 | AQ2: WT50_REdC_IV_19n06011 | AS2: WT53_REdC_IV_17504004 | AT2: WT54_REdC_IV_1.19.2018 IV cell 1 WT | AX2: WT63_REdC_IV_19n07011 | AY2: WT66_REdC_IV_18704009 | AZ2: WT69_REdC_IV_18o18036 | BA2: WT71_REdC_IV_17722009 | BB2: WT74_REdC_IV_0003.abf | BC2: WT75_REdC_IV_0015.abf | BD2: WT76_REdC_IV_0012.abf | BE2: EPN1_REdC_IV_17725093.abf | BF2: EPN2_REdC_IV_17725017.abf | BG2: EPN3_REdC_IV_18115045.abf | BH2: EPN4_REdC_IV_IV cell 2 NaV1.4 EPN.abf | BI2: EPN5_REdC_IV_17725043.abf | BJ2: EPN6_REdC_IV_1.14.2018 IV cell 1 NaV1.4 EPN.abf | BK2: EPN7_REdC_IV_17718015.abf | BL2: EPN9_REdC_IV_17725067.abf | BM2: EPN10_REdC_IV_2016_09_30_0029.abf | BN2: EPN11_REdC_IV_17725020.abf | BO2: EPN12_REdC_IV_1.19.2018 IV cell 1 EPN'.abf | BP2: EPN13_REdC_IV_2016_09_30_0015.abf | BQ2: EPN14_REdC_IV_17725071.abf | BT2: EPN18_REdC_IV_0012.abf | BW2: LVNV1_REdC_IV_17724088.abf | BX2: LVNV2_REdC_IV_17724059.abf;LVNV2_REdC_IV_17724048.abf;LVNV2_REdC_IV_17724046.abf | BY2: LVNV3_REdC_IV_17726022.abf | BZ2: LVNV4_REdC_IV_17429000.abf | CA2: LVNV5_REdC_IV_17724073.abf | CB2: LVNV6_REdC_IV_19915011.abf | CC2: LVNV7_REdC_IV_19d06007.abf | CD2: LVNV8_REdC_IV_17724003.abf;LVNV8_REdC_IV_17724001.abf | CE2: LVNV9_REdC_IV_17724034.abf | CF2: LVNV10_REdC_IV_17726060.abf;LVNV10_REdC_IV_17726061.abf | CH2: LVNV12_REdC_IV_19912002.abf | CJ2: LVNV14_REdC_IV_17726099.abf;LVNV14_REdC_IV_17726072.abf;LVNV14_REdC_IV_17726074.abf;LVNV14_REdC_IV_17726083.abf;LVNV14_REdC_IV_17726088.abf;LVNV14_REdC_IV_17726095.abf;LVNV14_REdC_IV_17726098.abf;LVNV14_REdC_IV_17726100.abf | CK2: LVNV15_REdC_IV_17724016.abf | CL2: LVNV16_REdC_IV_17726035.abf | CN2: LVNV18_REdC_IV_19911028.abf;LVNV18_REdC_IV_19911026.abf;LVNV18_REdC_IV_19911027.abf;LVNV18_REdC_IV_19911029.abf | CO2: LVNV19_REdC_IV_17714002.abf;LVNV19_REdC_IV_17714003.abf | CP2: LVNV20_REdC_IV_17726011.abf | CQ2: LVNV21_REdC_IV_17615002.abf;LVNV4_REdC_IV_17615007.abf
A3: Filename_inact | B3: WT1_REdC_fSSI_18704040 | D3: WT3_REdC_fSSI_17728036 | E3: WT4_REdC_fSSI_18705016 | F3: WT5_REdC_fSSI_17728026 | I3: WT8_REdC_fSSI_1.23.2018 fSSI cell 2 WT | J3: WT9_REdC_fSSI_17504014 | K3: WT10_REdC_fSSI_1.26.2018 WT cell 2 fSSI from -120 | L3: WT11_REdC_fSSI_17723028 | M3: WT12_REdC_fSSI_17721037 | N3: WT13_REdC_fSSI_17723002 | O3: WT14_REdC_fSSI_19n15001 | Q3: WT16_REdC_fSSI_18705034 | R3: WT17_REdC_fSSI_17721062 | T3: WT20_REdC_fSSI_18115015 | U3: WT21_REdC_fSSI_19o30003 | V3: WT22_REdC_fSSI_18o18024 | X3: WT24_REdC_fSSI_18705004 | Y3: WT25_REdC_fSSI_18704046 | Z3: WT26_REdC_fSSI_17809018 | AA3: WT27_REdC_fSSI_1.23.2018 fSSI cell 1 WT | AB3: WT28_REdC_fSSI_1.23.2018 fSSI cell 1 WT | AC3: WT29_REdC_fSSI_18o19011 | AD3: WT30_REdC_fSSI_1.26.2018 WT cell 1 Fssi | AE3: WT31_REdC_fSSI_18o07002 | AF3: WT32_REdC_fSSI_18704056 | AG3: WT33_REdC_fSSI_17728019 | AH3: WT36_REdC_fSSI_17809024 | AI3: WT38_REdC_fSSI_19o21003 | AJ3: WT39_REdC_fSSI_17429003 | AK3: WT40_REdC_fSSI_17810004 | AL3: WT43_REdC_fSSI_1.26.2018 WT cell 4 fSSI | AM3: WT44_REdC_fSSI_1.14.2018 fSSI cell 2 NaV1.4 wt | AN3: WT47_REdC_fSSI_19911006 | AO3: WT48_REdC_fSSI_19n06033 | AP3: WT49_REdC_fSSI_19830003 | AQ3: WT50_REdC_fSSI_19n06001 | AR3: WT52_REdC_fSSI_18704064 | AS3: WT53_REdC_fSSI_17504005 | AT3: WT54_REdC_fSSI_1.19.2018 fSSI cell 1 WT | AU3: WT57_REdC_fSSI_17721004 | AV3: WT59_REdC_fSSI_17728063 | AW3: WT60_REdC_fSSI_17804009- fSSI | AX3: WT63_REdC_fSSI_19n07001 | AY3: WT66_REdC_fSSI_18704010 | AZ3: WT69_REdC_fSSI_18o19004 | BB3: WT74_REdC_capac_0000.abf | BC3: WT75_REdC_capac_0000 | BD3: WT76_REdC_fSSI_0011.abf | BE3: EPN1_REdC_fSSI_17725094.abf | BF3: EPN2_REdC_fSSI_17725003.abf | BG3: EPN3_REdC_fSSI_18115041.abf | BH3: EPN4_REdC_fSSI_fSSI cell 2 NaV1.4 EPN.abf | BI3: EPN5_REdC_fSSI_17725042.abf | BJ3: EPN6_REdC_fSSI_1.14.2018 fSSI cell 1 NaV1.4 EPN.abf | BK3: EPN7_REdC_fSSI_17718002.abf | BL3: EPN9_REdC_fSSI_17725069.abf | BN3: EPN11_REdC_fSSI_17725022.abf | BO3: EPN12_REdC_fSSI_1.19.2018 fSSI cell 1 EPN.abf | BP3: EPN13_REdC_fSSI_2016_09_30_0008.abf | BQ3: EPN14_REdC_fSSI_17725073.abf | BR3: EPN15_REdC_fSSI_17725057.abf | BS3: EPN16_REdC_fSSI_2016_09_30_0003.abf | BT3: EPN18_REdC_fSSI_0008.abf | BU3: EPN19_REdC_fSSI_0002.abf | BV3: EPN20_REdC_fSSI_0002.abf | BW3: LVNV1_REdC_fSSI_17724087.abf | BX3: LVNV2_REdC_fSSI_17724049.abf | BY3: LVNV3_REdC_fSSI_17726025.abf | BZ3: LVNV4_REdC_fSSI_17429003.abf | CA3: LVNV5_REdC_fSSI_17724076.abf | CB3: LVNV6_REdC_fSSI_19915014.abf | CC3: LVNV7_REdC_fSSI_19d06005.abf | CD3: LVNV8_REdC_fSSI_17724004.abf | CE3: LVNV9_REdC_fSSI_17724035.abf | CF3: LVNV10_REdC_fSSI_17726051.abf | CG3: LVNV11_REdC_fSSI_17724070.abf | CH3: LVNV12_REdC_fSSI_19912003.abf | CI3: LVNV13_REdC_fSSI_19916006.abf | CJ3: LVNV14_REdC_fSSI_17726075.abf;LVNV14_REdC_fSSI_17726087.abf;LVNV14_REdC_fSSI_17726094.abf | CK3: LVNV15_REdC_fSSI_17724017.abf | CL3: LVNV16_REdC_fSSI_17726037.abf | CM3: LVNV17_REdC_fSSI_19912007.abf | CN3: LVNV18_REdC_fSSI_19911030.abf | CP3: LVNV20_REdC_fSSI_17726012.abf
A4: Genotype | B4: WT | C4: WT | D4: WT | E4: WT | F4: WT | G4: WT | H4: WT | I4: WT | J4: WT | K4: WT | L4: WT | M4: WT | N4: WT | O4: WT | P4: WT | Q4: WT | R4: WT | S4: WT | T4: WT | U4: WT | V4: WT | W4: WT | X4: WT | Y4: WT | Z4: WT | AA4: WT | AB4: WT | AC4: WT | AD4: WT | AE4: WT | AF4: WT | AG4: WT | AH4: WT | AI4: WT | AJ4: WT | AK4: WT | AL4: WT | AM4: WT | AN4: WT | AO4: WT | AP4: WT | AQ4: WT | AR4: WT | AS4: WT | AT4: WT | AU4: WT | AV4: WT | AW4: WT | AX4: WT | AY4: WT | AZ4: WT | BA4: WT | BB4: WT | BC4: WT | BD4: WT | BE4: EPN | BF4: EPN | BG4: EPN | BH4: EPN | BI4: EPN | BJ4: EPN | BK4: EPN | BL4: EPN | BM4: EPN | BN4: EPN | BO4: EPN | BP4: EPN | BQ4: EPN | BR4: EPN | BS4: EPN | BT4: EPN | BU4: EPN | BV4: EPN | BW4: LVNV | BX4: LVNV | BY4: LVNV | BZ4: LVNV | CA4: LVNV | CB4: LVNV | CC4: LVNV | CD4: LVNV | CE4: LVNV | CF4: LVNV | CG4: LVNV | CH4: LVNV | CI4: LVNV | CJ4: LVNV | CK4: LVNV | CL4: LVNV | CM4: LVNV | CN4: LVNV | CO4: LVNV | CP4: LVNV | CQ4: LVNV
A5: CellID | B5: WT1 | C5: WT2 | D5: WT3 | E5: WT4 | F5: WT5 | G5: WT6 | H5: WT7 | I5: WT8 | J5: WT9 | K5: WT10 | L5: WT11 | M5: WT12 | N5: WT13 | O5: WT14 | P5: WT15 | Q5: WT16 | R5: WT17 | S5: WT19 | T5: WT20 | U5: WT21 | V5: WT22 | W5: WT23 | X5: WT24 | Y5: WT25 | Z5: WT26 | AA5: WT27 | AB5: WT28 | AC5: WT29 | AD5: WT30 | AE5: WT31 | AF5: WT32 | AG5: WT33 | AH5: WT36 | AI5: WT38 | AJ5: WT39 | AK5: WT40 | AL5: WT43 | AM5: WT44 | AN5: WT47 | AO5: WT48 | AP5: WT49 | AQ5: WT50 | AR5: WT52 | AS5: WT53 | AT5: WT54 | AU5: WT57 | AV5: WT59 | AW5: WT60 | AX5: WT63 | AY5: WT66 | AZ5: WT69 | BA5: WT71 | BB5: WT74 | BC5: WT75 | BD5: WT76 | BE5: EPN1 | BF5: EPN2 | BG5: EPN3 | BH5: EPN4 | BI5: EPN5 | BJ5: EPN6 | BK5: EPN7 | BL5: EPN9 | BM5: EPN10 | BN5: EPN11 | BO5: EPN12 | BP5: EPN13 | BQ5: EPN14 | BR5: EPN15 | BS5: EPN16 | BT5: EPN18 | BU5: EPN19 | BV5: EPN20 | BW5: LVNV1 | BX5: LVNV2 | BY5: LVNV3 | BZ5: LVNV4 | CA5: LVNV5 | CB5: LVNV6 | CC5: LVNV7 | CD5: LVNV8 | CE5: LVNV9 | CF5: LVNV10 | CG5: LVNV11 | CH5: LVNV12 | CI5: LVNV13 | CJ5: LVNV14 | CK5: LVNV15 | CL5: LVNV16 | CM5: LVNV17 | CN5: LVNV18 | CO5: LVNV19 | CP5: LVNV20 | CQ5: LVNV21
A6: V_act_Eeq | B6: -6.9297309 | C6: -18.891771 | D6: -12.692811 | E6: -13.661476 | F6: -8.5089798 | G6: -9.103355 | H6: -2.4265809 | I6: -24.295774 | J6: -12.235128 | K6: -8.1864457 | L6: -9.3991345 | M6: -15.46441 | N6: -22.686222 | O6: -13.954144 | P6: 2.6277668 | Q6: -6.5622683 | R6: -3.8733569 | S6: -21.659692 | T6: -20.546923 | U6: -14.058876 | W6: -4.1308758 | X6: -7.9003059 | Y6: -10.027128 | Z6: -5.6909287 | AA6: -5.124207 | AB6: -6.1047899 | AC6: -11.705163 | AD6: -17.674021 | AE6: 7.810626 | AG6: 9.1807987 | AI6: -7.1020194 | AJ6: -9.7120051 | AK6: -4.2619948 | AL6: -9.2547685 | AM6: -6.2357998 | AN6: -13.145054 | AO6: -1.6449733 | AQ6: -5.8834355 | AS6: -4.9286799 | AT6: -12.357756 | AX6: -6.6329005 | AY6: -6.2528186 | AZ6: -9.7235364 | BA6: -8.6991965 | BB6: -2.1116508 | BC6: -6.8576552 | BD6: -4.2658232 | BE6: -2.4870313 | BF6: -12.258704 | BG6: -15.469886 | BH6: -2.0309976 | BI6: -1.705883 | BJ6: -7.491394 | BK6: -12.954143 | BL6: -6.5440604 | BM6: -6.501909 | BN6: -1.9071088 | BO6: 0.26193515 | BP6: -11.409339 | BQ6: -8.3311772 | BT6: -3.2633948 | BW6: -2.8752135 | BX6: -10.450392 | BY6: -5.3464752 | BZ6: -13.407666 | CA6: -5.7676012 | CB6: -9.0950274 | CC6: -15.495925 | CD6: -5.3424976 | CE6: -2.9993241 | CF6: -9.0104549 | CH6: 6.3238219 | CJ6: -7.3450594 | CK6: -8.8637759 | CL6: -8.0810043 | CN6: -6.3242865 | CO6: -11.629147 | CP6: 8.8030413 | CQ6: -2.9105846
A7: k_act_Eeq | B7: 9.3271968 | C7: 8.6400648 | D7: 7.1694941 | E7: 5.9033906 | F7: 9.4378581 | G7: 4.03006 | H7: 8.7608699 | I7: 3.8961604 | J7: 4.3920872 | K7: 8.1389197 | L7: 6.6382901 | M7: 5.566789 | N7: 3.3914092 | O7: 5.2912039 | P7: 4.5442902 | Q7: 7.6295855 | R7: 7.2180379 | S7: 8.3938354 | T7: 7.2956695 | U7: 5.2398516 | W7: 8.3972851 | X7: 5.0287666 | Y7: 6.8200505 | Z7: 6.6566142 | AA7: 8.9855457 | AB7: 8.5001047 | AC7: 6.5734399 | AD7: 7.2069818 | AE7: 6.9082769 | AG7: 11.992522 | AI7: 8.9178305 | AJ7: 8.3023557 | AK7: 7.9236634 | AL7: 6.9360648 | AM7: 8.0644532 | AN7: 7.4327884 | AO7: 6.1245309 | AQ7: 7.1448608 | AS7: 9.4562441 | AT7: 9.1584325 | AX7: 6.1412297 | AY7: 8.642452 | AZ7: 7.2435793 | BA7: 7.2391171 | BB7: 8.699712 | BC7: 6.8264662 | BD7: 7.8157199 | BE7: 8.7774231 | BF7: 9.0002487 | BG7: 8.3556406 | BH7: 9.560034 | BI7: 9.1478892 | BJ7: 10.141107 | BK7: 6.4681379 | BL7: 6.7304784 | BM7: 7.8297773 | BN7: 8.0103832 | BO7: 10.437601 | BP7: 5.6654973 | BQ7: 6.9092427 | BT7: 8.1845314 | BW7: 8.158705 | BX7: 7.6530359 | BY7: 8.6987218 | BZ7: 5.7875836 | CA7: 8.6925998 | CB7: 6.2855467 | CC7: 6.7875132 | CD7: 8.3649246 | CE7: 9.48588 | CF7: 7.9134623 | CH7: 8.6109768 | CJ7: 8.1515462 | CK7: 5.7832053 | CL7: 6.7847497 | CN7: 7.95857 | CO7: 9.5769032 | CP7: 13.450247 | CQ7: 9.5750317
A8: V_inact | B8: -61.810949 | D8: -55.892692 | E8: -56.233799 | F8: -56.913929 | I8: -65.497748 | J8: -70.671663 | K8: -64.871759 | L8: -62.242112 | M8: -58.611412 | N8: -58.859281 | O8: -52.754045 | Q8: -55.598744 | R8: -52.885693 | T8: -66.052187 | U8: -60.972634 | V8: -68.816124 | X8: -52.294763 | Y8: -63.342266 | Z8: -73.829378 | AA8: -80.63667 | AB8: -80.618315 | AC8: -54.180115 | AD8: -66.72168 | AE8: -42.800769 | AF8: -58.235578 | AG8: -61.018268 | AH8: -59.428457 | AI8: -52.511469 | AJ8: -65.294088 | AK8: -53.889759 | AL8: -74.8926 | AM8: -65.772452 | AN8: -59.592561 | AO8: -52.933589 | AP8: -56.784638 | AQ8: -56.858692 | AR8: -53.869519 | AS8: -59.078286 | AT8: -69.180191 | AU8: -56.90933 | AV8: -58.013564 | AW8: -57.497967 | AX8: -55.516487 | AY8: -51.44691 | AZ8: -63.622345 | BB8: -56.060698 | BC8: -57.283956 | BD8: -53.579678 | BE8: -66.612182 | BF8: -59.593911 | BG8: -71.529866 | BH8: -53.025927 | BI8: -54.535528 | BJ8: -68.194174 | BK8: -50.132349 | BL8: -57.387775 | BN8: -51.084895 | BO8: -76.922049 | BP8: -58.644583 | BQ8: -44.856575 | BR8: -60.33408 | BS8: -67.379783 | BT8: -53.43682 | BU8: -53.195452 | BV8: -46.94072 | BW8: -51.705697 | BX8: -57.383966 | BY8: -58.836399 | BZ8: -65.18164 | CA8: -68.748043 | CB8: -50.389338 | CC8: -62.798126 | CD8: -59.242373 | CE8: -59.971943 | CF8: -53.813671 | CG8: -59.095359 | CH8: -63.252571 | CI8: -56.76958 | CJ8: -54.301519 | CK8: -57.781133 | CL8: -57.851471 | CM8: -36.753182 | CN8: -46.169783 | CP8: -55.009096
A9: k_inact | B9: 10.553981 | D9: 5.7237352 | E9: 5.5268137 | F9: 5.2988996 | I9: 9.0417403 | J9: 6.5826891 | K9: 9.221333 | L9: 9.020873 | M9: 5.7388038 | N9: 7.2610634 | O9: 6.5956369 | Q9: 5.8477095 | R9: 8.2047188 | T9: 8.0482252 | U9: 6.44893 | V9: 8.646649 | X9: 10.321226 | Y9: 7.92437 | Z9: 9.4056536 | AA9: 8.3320957 | AB9: 8.322194 | AC9: 8.9825225 | AD9: 8.473987 | AE9: 10.73606 | AF9: 6.2821548 | AG9: 5.9863673 | AH9: 7.7716365 | AI9: 7.2448369 | AJ9: 6.7415608 | AK9: 5.0935077 | AL9: 6.8702441 | AM9: 6.8177301 | AN9: 11.356479 | AO9: 7.0486514 | AP9: 6.1079031 | AQ9: 7.4682192 | AR9: 7.4294046 | AS9: 10.173351 | AT9: 7.6020746 | AU9: 7.0065278 | AV9: 6.7126966 | AW9: 7.0449498 | AX9: 7.9577312 | AY9: 6.9521182 | AZ9: 7.2727332 | BB9: 10.492476 | BC9: 8.2446078 | BD9: 5.9636938 | BE9: 11.839401 | BF9: 6.2429619 | BG9: 8.9223955 | BH9: 8.4682083 | BI9: 7.288802 | BJ9: 2.03296 | BK9: 9.3232706 | BL9: 7.0621269 | BN9: 10.860821 | BO9: 3.2219705 | BP9: 12.108689 | BQ9: 14.501146 | BR9: 14.8107 | BS9: 9.3990088 | BT9: 4.9100407 | BU9: 7.4548546 | BV9: 7.2090172 | BW9: 4.9426887 | BX9: 8.0208437 | BY9: 6.1749463 | BZ9: 6.4428448 | CA9: 8.3297467 | CB9: 11.456721 | CC9: 6.5181594 | CD9: 7.350763 | CE9: 7.0302699 | CF9: 12.098751 | CG9: 16.619885 | CH9: 6.1243312 | CI9: 11.428902 | CJ9: 9.8665096 | CK9: 5.6477136 | CL9: 6.6263361 | CM9: 12.513331 | CN9: 6.1694331 | CP9: 7.8328246
A10: V_act_inact_ratio | B10: 0.1121117 | D10: 0.2270925 | E10: 0.24294066 | F10: 0.1495061 | I10: 0.3709406 | J10: 0.17312637 | K10: 0.12619429 | L10: 0.15100925 | M10: 0.2638464 | N10: 0.38543151 | O10: 0.26451326 | Q10: 0.11802908 | R10: 0.073240165 | T10: 0.31107104 | U10: 0.23057682 | X10: 0.1510726 | Y10: 0.15830075 | Z10: 0.07708217 | AA10: 0.063546858 | AB10: 0.075724603 | AC10: 0.21604168 | AD10: 0.26489173 | AE10: -0.18248798 | AG10: -0.15045984 | AI10: 0.13524701 | AJ10: 0.14874249 | AK10: 0.079087285 | AL10: 0.12357387 | AM10: 0.094808687 | AN10: 0.22058212 | AO10: 0.031076171 | AQ10: 0.10347469 | AS10: 0.083426251 | AT10: 0.17863142 | AX10: 0.11947623 | AY10: 0.12153925 | AZ10: 0.1528321 | BB10: 0.037667223 | BC10: 0.11971337 | BD10: 0.079616439 | BE10: 0.037335983 | BF10: 0.20570397 | BG10: 0.21627171 | BH10: 0.038301973 | BI10: 0.031280214 | BJ10: 0.10985387 | BK10: 0.25839888 | BL10: 0.11403231 | BN10: 0.037332147 | BO10: -0.0034052025 | BP10: 0.1945506 | BQ10: 0.18572923 | BT10: 0.061070153 | BW10: 0.055607287 | BX10: 0.18211345 | BY10: 0.090870196 | BZ10: 0.20569697 | CA10: 0.08389477 | CB10: 0.18049508 | CC10: 0.24675775 | CD10: 0.090180344 | CE10: 0.050012121 | CF10: 0.16743803 | CH10: -0.099977309 | CJ10: 0.13526435 | CK10: 0.1534026 | CL10: 0.13968537 | CN10: 0.13697891 | CP10: -0.16002883
A11: k_act_inact_ratio | B11: 0.88376099 | D11: 1.2525901 | E11: 1.0681363 | F11: 1.7810977 | I11: 0.43090824 | J11: 0.66721778 | K11: 0.88261856 | L11: 0.73588112 | M11: 0.97002603 | N11: 0.46706783 | O11: 0.8022279 | Q11: 1.3047135 | R11: 0.87974226 | T11: 0.90649421 | U11: 0.81251489 | X11: 0.48722569 | Y11: 0.86064261 | Z11: 0.70772479 | AA11: 1.0784257 | AB11: 1.0213779 | AC11: 0.73180333 | AD11: 0.85048299 | AE11: 0.64346482 | AG11: 2.0033054 | AI11: 1.2309222 | AJ11: 1.2315183 | AK11: 1.5556398 | AL11: 1.0095806 | AM11: 1.1828648 | AN11: 0.65449759 | AO11: 0.868894 | AQ11: 0.95670207 | AS11: 0.92951128 | AT11: 1.204728 | AX11: 0.77173124 | AY11: 1.2431394 | AZ11: 0.99599135 | BB11: 0.82913813 | BC11: 0.82799163 | BD11: 1.3105502 | BE11: 0.7413739 | BF11: 1.4416633 | BG11: 0.93647952 | BH11: 1.1289323 | BI11: 1.2550607 | BJ11: 4.9883456 | BK11: 0.69376275 | BL11: 0.95303843 | BN11: 0.73754856 | BO11: 3.2395084 | BP11: 0.46788694 | BQ11: 0.47646185 | BT11: 1.6668969 | BW11: 1.6506613 | BX11: 0.95414349 | BY11: 1.4087121 | BZ11: 0.8982963 | CA11: 1.0435611 | CB11: 0.54863398 | CC11: 1.0413236 | CD11: 1.1379669 | CE11: 1.349291 | CF11: 0.65407265 | CH11: 1.4060273 | CJ11: 0.82618337 | CK11: 1.0239905 | CL11: 1.0239067 | CN11: 1.2900002 | CP11: 1.7171643
A12: I_max_current_density | B12: -1083.4116 | C12: -316.72758 | D12: -228.12117 | E12: -595.72975 | F12: -822.36902 | G12: -505.84662 | H12: -327.53381 | I12: -366.84891 | J12: -969.31199 | K12: -508.80304 | L12: -105.93359 | M12: -433.45572 | N12: -180.17218 | O12: -206.23072 | P12: -268.44231 | Q12: -154.9775 | R12: -212.62512 | S12: -204.28477 | T12: -135.17437 | U12: -238.92971 | V12: -110.96289 | W12: -421.51422 | X12: -146.37058 | Y12: -223.98672 | Z12: -248.20879 | AA12: -347.04925 | AB12: -340.80464 | AC12: -57.275416 | AD12: -352.16318 | AE12: -92.013773 | AF12: -65.704294 | AG12: -261.54702 | AH12: -67.583905 | AI12: -159.14069 | AJ12: -138.88617 | AK12: -84.411819 | AL12: -106.85205 | AM12: -194.74397 | AN12: -77.728871 | AO12: -68.086536 | AP12: -30.698822 | AQ12: -112.27736 | AR12: -25.962288 | AS12: -23.244472 | AT12: -57.608602 | AU12: -21.605055 | AV12: -89.718528 | AW12: -18.195803 | AX12: -41.270992 | AY12: -33.220616 | AZ12: -27.241381 | BA12: -32.88586 | BB12: -36.182465 | BC12: -132.08839 | BD12: -24.547995 | BE12: -278.99706 | BF12: -317.17217 | BG12: -190.59813 | BH12: -353.37388 | BI12: -139.87579 | BJ12: -84.63518 | BK12: -62.340107 | BL12: -83.431577 | BM12: -94.104325 | BN12: -40.936519 | BO12: -128.11198 | BP12: -24.989662 | BQ12: -13.343705 | BR12: -71.789579 | BS12: -58.839443 | BT12: -22.181283 | BU12: -188.30988 | BV12: -66.498674 | BW12: -61.917711 | BX12: -86.945365 | BY12: -116.50274 | BZ12: -369.05681 | CA12: -118.67455 | CB12: -100.50035 | CC12: -126.76929 | CD12: -50.903207 | CE12: -80.608738 | CF12: -13.143409 | CG12: -55.402421 | CH12: -57.31447 | CI12: -24.311521 | CJ12: -42.659623 | CK12: -77.892754 | CL12: -24.996315 | CM12: -8.7681507 | CN12: -57.868413 | CO12: -24.270425 | CP12: -42.227423 | CQ12: -89.82481
A13: lnImax | B13: 6.9878703 | C13: 5.758042 | D13: 5.4298769 | E13: 6.3897871 | F13: 6.7121892 | G13: 6.2262335 | H13: 5.7915913 | I13: 5.9049501 | J13: 6.8765865 | K13: 6.232061 | L13: 4.6628124 | M13: 6.0717896 | N13: 5.193913 | O13: 5.3289955 | P13: 5.592636 | Q13: 5.04328 | R13: 5.3595306 | S13: 5.319515 | T13: 4.9065656 | U13: 5.4761694 | V13: 4.7091958 | W13: 6.0438535 | X13: 4.9861416 | Y13: 5.4115868 | Z13: 5.5142703 | AA13: 5.8494667 | AB13: 5.8313094 | AC13: 4.0478715 | AD13: 5.8640946 | AE13: 4.5219383 | AF13: 4.1851643 | AG13: 5.5666141 | AH13: 4.2133699 | AI13: 5.0697887 | AJ13: 4.9336547 | AK13: 4.4357074 | AL13: 4.6714452 | AM13: 5.2716857 | AN13: 4.3532268 | AO13: 4.2207795 | AP13: 3.4242243 | AQ13: 4.7209722 | AR13: 3.256645 | AS13: 3.1460673 | AT13: 4.0536719 | AU13: 3.0729273 | AV13: 4.4966773 | AW13: 2.901191 | AX13: 3.7201599 | AY13: 3.5031706 | AZ13: 3.3047372 | BA13: 3.4930428 | BB13: 3.5885746 | BC13: 4.8834713 | BD13: 3.2006302 | BE13: 5.6312012 | BF13: 5.7594447 | BG13: 5.2501672 | BH13: 5.8675267 | BI13: 4.9407548 | BJ13: 4.43835 | BK13: 4.132605 | BL13: 4.4240269 | BM13: 4.544404 | BN13: 3.7120225 | BO13: 4.8529048 | BP13: 3.2184622 | BQ13: 2.5910447 | BR13: 4.2737393 | BS13: 4.0748124 | BT13: 3.0992488 | BU13: 5.2380889 | BV13: 4.197182 | BW13: 4.1258063 | BX13: 4.4652799 | BY13: 4.7579148 | BZ13: 5.9109506 | CA13: 4.7763849 | CB13: 4.6101612 | CC13: 4.8423688 | CD13: 3.9299259 | CE13: 4.389607 | CF13: 2.5759204 | CG13: 4.0146233 | CH13: 4.0485531 | CI13: 3.1909504 | CJ13: 3.7532529 | CK13: 4.3553329 | CL13: 3.2187284 | CM13: 2.1711259 | CN13: 4.0581717 | CO13: 3.1892585 | CP13: 3.7430698 | CQ13: 4.4978612

Sheet k_V_actErev_inact
A1: Collector | B1: REdC | C1: REdC | D1: REdC | E1: REdC | F1: REdC | G1: REdC | H1: REdC | I1: REdC | J1: REdC | K1: REdC | L1: REdC | M1: REdC | N1: REdC | O1: REdC | P1: REdC | Q1: REdC | R1: REdC | S1: REdC | T1: REdC | U1: REdC | V1: REdC | W1: REdC | X1: REdC | Y1: REdC | Z1: REdC | AA1: REdC | AB1: REdC | AC1: REdC | AD1: REdC | AE1: REdC | AF1: REdC | AG1: REdC | AH1: REdC | AI1: REdC | AJ1: REdC | AK1: REdC | AL1: REdC | AM1: REdC | AN1: REdC | AO1: REdC | AP1: REdC | AQ1: REdC | AR1: REdC | AS1: REdC | AT1: REdC | AU1: REdC | AV1: REdC | AW1: REdC | AX1: REdC | AY1: REdC | AZ1: REdC | BA1: REdC | BB1: REdC | BC1: REdC | BD1: REdC | BE1: REdC | BF1: REdC | BG1: REdC | BH1: REdC | BI1: REdC | BJ1: REdC | BK1: REdC | BL1: REdC | BM1: REdC | BN1: REdC | BO1: REdC | BP1: REdC | BQ1: REdC | BR1: REdC | BS1: REdC | BT1: REdC | BU1: REdC | BV1: REdC | BW1: REdC | BX1: REdC | BY1: REdC | BZ1: REdC | CA1: REdC | CB1: REdC | CC1: REdC | CD1: REdC | CE1: REdC | CF1: REdC | CG1: REdC | CH1: REdC | CI1: REdC | CJ1: REdC | CK1: REdC | CL1: REdC | CM1: REdC | CN1: REdC | CO1: REdC | CP1: REdC | CQ1: REdC | CR1: REdC
A2: Filename_act | B2: WT1_REdC_IV_18704034 | C2: WT2_REdC_IV_1.26.2018 WT cell 5 IV' | D2: WT3_REdC_IV_17728035 Final | E2: WT4_REdC_IV_18705015 | F2: WT5_REdC_IV_17728025 Final | G2: WT6_REdC_IV_wt iv final | H2: WT7_REdC_IV_1.26.2018 | I2: WT8_REdC_IV | J2: WT9_REdC_IV_17504013 Final | K2: WT10_REdC_IV_1.26.2018 WT cell 2 IV' -120 conditioning | L2: WT11_REdC_IV_17723017 | M2: WT12_REdC_IV_17721049 Final filtered | N2: WT13_REdC_IV_17723001 | O2: WT14_REdC_IV_19n15007 | P2: WT15_REdC_IV_19825000 | Q2: WT16_REdC_IV_18705033 | R2: WT17_REdC_IV_17721059 | S2: WT19_REdC_IV_19n23000 (-80:-10); WT19_REdC_IV_19n23009 (0:+80) | T2: WT20_REdC_IV_18115016 | U2: WT21_REdC_IV_19o30001 (-80:0),WT21_REdC_IV_19o30004(10:+80) | W2: WT23_REdC_1.19.2018 IV cell 2 WT leak | X2: WT24_REdC_IV_18705003(-80:10),WT24_REdC_IV_18705002(20:+80) | Y2: WT25_REdC_IV_18704045 | Z2: WT26_REdC_IV_17809014 | AA2: WT27_REdC_IV_1.23.2018 IV cell 1 WT | AB2: WT28_REdC_IV_1.23.2018 IV cell 1 WT | AC2: WT29_REdC_IV_18o19010 | AD2: WT30_REdC_IV_1.26.2018 WT cell 1 IV p8 20 sweeps | AE2: WT31_REdC_IV_18o07001 | AG2: WT33_REdC_IV_17728018 | AI2: WT38_REdC_IV_19o21015 | AJ2: WT39_REdC_IV_17429002 | AK2: WT40_REdC_IV_17810003 | AL2: WT43_REdC_IV_1.26.2018 WT cell 4 IV | AM2: WT44_REdC_IV_1.14.2018 IV cell 2 NaV1.4 wt | AN2: WT47_REdC_IV_19911011 | AO2: WT48_REdC_IV_19n06031 | AQ2: WT50_REdC_IV_19n06011 | AS2: WT53_REdC_IV_17504004 | AT2: WT54_REdC_IV_1.19.2018 IV cell 1 WT | AX2: WT63_REdC_IV_19n07011 | AY2: WT66_REdC_IV_18704009 | AZ2: WT69_REdC_IV_18o18036 | BA2: WT71_REdC_IV_17722009 | BB2: WT74_REdC_IV_0003.abf | BC2: WT75_REdC_IV_0015.abf | BD2: WT76_REdC_IV_0012.abf | BE2: EPN1_REdC_IV_17725093.abf | BF2: EPN2_REdC_IV_17725017.abf | BG2: EPN3_REdC_IV_18115045.abf | BH2: EPN4_REdC_IV_IV cell 2 NaV1.4 EPN.abf | BI2: EPN5_REdC_IV_17725043.abf | BJ2: EPN6_REdC_IV_1.14.2018 IV cell 1 NaV1.4 EPN.abf | BK2: EPN7_REdC_IV_17718015.abf | BL2: EPN9_REdC_IV_17725067.abf | BM2: EPN10_REdC_IV_2016_09_30_0029.abf | BN2: EPN11_REdC_IV_17725020.abf | BO2: EPN12_REdC_IV_1.19.2018 IV cell 1 EPN'.abf | BP2: EPN13_REdC_IV_2016_09_30_0015.abf | BQ2: EPN14_REdC_IV_17725071.abf | BT2: EPN18_REdC_IV_0012.abf | BW2: LVNV1_REdC_IV_17724088.abf | BX2: LVNV2_REdC_IV_17724059.abf;LVNV2_REdC_IV_17724048.abf;LVNV2_REdC_IV_17724046.abf | BY2: LVNV3_REdC_IV_17726022.abf | BZ2: LVNV4_REdC_IV_17429000.abf | CA2: LVNV5_REdC_IV_17724073.abf | CB2: LVNV6_REdC_IV_19915011.abf | CC2: LVNV7_REdC_IV_19d06007.abf | CD2: LVNV8_REdC_IV_17724003.abf;LVNV8_REdC_IV_17724001.abf | CE2: LVNV9_REdC_IV_17724034.abf | CF2: LVNV10_REdC_IV_17726060.abf;LVNV10_REdC_IV_17726061.abf | CH2: LVNV12_REdC_IV_19912002.abf | CJ2: LVNV14_REdC_IV_17726099.abf;LVNV14_REdC_IV_17726072.abf;LVNV14_REdC_IV_17726074.abf;LVNV14_REdC_IV_17726083.abf;LVNV14_REdC_IV_17726088.abf;LVNV14_REdC_IV_17726095.abf;LVNV14_REdC_IV_17726098.abf;LVNV14_REdC_IV_17726100.abf | CK2: LVNV15_REdC_IV_17724016.abf | CL2: LVNV16_REdC_IV_17726035.abf | CN2: LVNV18_REdC_IV_19911028.abf;LVNV18_REdC_IV_19911026.abf;LVNV18_REdC_IV_19911027.abf;LVNV18_REdC_IV_19911029.abf | CO2: LVNV19_REdC_IV_17714002.abf;LVNV19_REdC_IV_17714003.abf | CP2: LVNV20_REdC_IV_17726011.abf | CQ2: LVNV21_REdC_IV_17615002.abf;LVNV4_REdC_IV_17615007.abf
A3: Filename_inact | B3: WT1_REdC_fSSI_18704040 | D3: WT3_REdC_fSSI_17728036 | E3: WT4_REdC_fSSI_18705016 | F3: WT5_REdC_fSSI_17728026 | I3: WT8_REdC_fSSI_1.23.2018 fSSI cell 2 WT | J3: WT9_REdC_fSSI_17504014 | K3: WT10_REdC_fSSI_1.26.2018 WT cell 2 fSSI from -120 | L3: WT11_REdC_fSSI_17723028 | M3: WT12_REdC_fSSI_17721037 | N3: WT13_REdC_fSSI_17723002 | O3: WT14_REdC_fSSI_19n15001 | Q3: WT16_REdC_fSSI_18705034 | R3: WT17_REdC_fSSI_17721062 | T3: WT20_REdC_fSSI_18115015 | U3: WT21_REdC_fSSI_19o30003 | V3: WT22_REdC_fSSI_18o18024 | X3: WT24_REdC_fSSI_18705004 | Y3: WT25_REdC_fSSI_18704046 | Z3: WT26_REdC_fSSI_17809018 | AA3: WT27_REdC_fSSI_1.23.2018 fSSI cell 1 WT | AB3: WT28_REdC_fSSI_1.23.2018 fSSI cell 1 WT | AC3: WT29_REdC_fSSI_18o19011 | AD3: WT30_REdC_fSSI_1.26.2018 WT cell 1 Fssi | AE3: WT31_REdC_fSSI_18o07002 | AF3: WT32_REdC_fSSI_18704056 | AG3: WT33_REdC_fSSI_17728019 | AH3: WT36_REdC_fSSI_17809024 | AI3: WT38_REdC_fSSI_19o21003 | AJ3: WT39_REdC_fSSI_17429003 | AK3: WT40_REdC_fSSI_17810004 | AL3: WT43_REdC_fSSI_1.26.2018 WT cell 4 fSSI | AM3: WT44_REdC_fSSI_1.14.2018 fSSI cell 2 NaV1.4 wt | AN3: WT47_REdC_fSSI_19911006 | AO3: WT48_REdC_fSSI_19n06033 | AP3: WT49_REdC_fSSI_19830003 | AQ3: WT50_REdC_fSSI_19n06001 | AR3: WT52_REdC_fSSI_18704064 | AS3: WT53_REdC_fSSI_17504005 | AT3: WT54_REdC_fSSI_1.19.2018 fSSI cell 1 WT | AU3: WT57_REdC_fSSI_17721004 | AV3: WT59_REdC_fSSI_17728063 | AW3: WT60_REdC_fSSI_17804009- fSSI | AX3: WT63_REdC_fSSI_19n07001 | AY3: WT66_REdC_fSSI_18704010 | AZ3: WT69_REdC_fSSI_18o19004 | BB3: WT74_REdC_capac_0000.abf | BC3: WT75_REdC_capac_0000 | BD3: WT76_REdC_fSSI_0011.abf | BE3: EPN1_REdC_fSSI_17725094.abf | BF3: EPN2_REdC_fSSI_17725003.abf | BG3: EPN3_REdC_fSSI_18115041.abf | BH3: EPN4_REdC_fSSI_fSSI cell 2 NaV1.4 EPN.abf | BI3: EPN5_REdC_fSSI_17725042.abf | BJ3: EPN6_REdC_fSSI_1.14.2018 fSSI cell 1 NaV1.4 EPN.abf | BK3: EPN7_REdC_fSSI_17718002.abf | BL3: EPN9_REdC_fSSI_17725069.abf | BN3: EPN11_REdC_fSSI_17725022.abf | BO3: EPN12_REdC_fSSI_1.19.2018 fSSI cell 1 EPN.abf | BP3: EPN13_REdC_fSSI_2016_09_30_0008.abf | BQ3: EPN14_REdC_fSSI_17725073.abf | BR3: EPN15_REdC_fSSI_17725057.abf | BS3: EPN16_REdC_fSSI_2016_09_30_0003.abf | BT3: EPN18_REdC_fSSI_0008.abf | BU3: EPN19_REdC_fSSI_0002.abf | BV3: EPN20_REdC_fSSI_0002.abf | BW3: LVNV1_REdC_fSSI_17724087.abf | BX3: LVNV2_REdC_fSSI_17724049.abf | BY3: LVNV3_REdC_fSSI_17726025.abf | BZ3: LVNV4_REdC_fSSI_17429003.abf | CA3: LVNV5_REdC_fSSI_17724076.abf | CB3: LVNV6_REdC_fSSI_19915014.abf | CC3: LVNV7_REdC_fSSI_19d06005.abf | CD3: LVNV8_REdC_fSSI_17724004.abf | CE3: LVNV9_REdC_fSSI_17724035.abf | CF3: LVNV10_REdC_fSSI_17726051.abf | CG3: LVNV11_REdC_fSSI_17724070.abf | CH3: LVNV12_REdC_fSSI_19912003.abf | CI3: LVNV13_REdC_fSSI_19916006.abf | CJ3: LVNV14_REdC_fSSI_17726075.abf;LVNV14_REdC_fSSI_17726087.abf;LVNV14_REdC_fSSI_17726094.abf | CK3: LVNV15_REdC_fSSI_17724017.abf | CL3: LVNV16_REdC_fSSI_17726037.abf | CM3: LVNV17_REdC_fSSI_19912007.abf | CN3: LVNV18_REdC_fSSI_19911030.abf | CP3: LVNV20_REdC_fSSI_17726012.abf
A4: Genotype | B4: WT | C4: WT | D4: WT | E4: WT | F4: WT | G4: WT | H4: WT | I4: WT | J4: WT | K4: WT | L4: WT | M4: WT | N4: WT | O4: WT | P4: WT | Q4: WT | R4: WT | S4: WT | T4: WT | U4: WT | V4: WT | W4: WT | X4: WT | Y4: WT | Z4: WT | AA4: WT | AB4: WT | AC4: WT | AD4: WT | AE4: WT | AF4: WT | AG4: WT | AH4: WT | AI4: WT | AJ4: WT | AK4: WT | AL4: WT | AM4: WT | AN4: WT | AO4: WT | AP4: WT | AQ4: WT | AR4: WT | AS4: WT | AT4: WT | AU4: WT | AV4: WT | AW4: WT | AX4: WT | AY4: WT | AZ4: WT | BA4: WT | BB4: WT | BC4: WT | BD4: WT | BE4: EPN | BF4: EPN | BG4: EPN | BH4: EPN | BI4: EPN | BJ4: EPN | BK4: EPN | BL4: EPN | BM4: EPN | BN4: EPN | BO4: EPN | BP4: EPN | BQ4: EPN | BR4: EPN | BS4: EPN | BT4: EPN | BU4: EPN | BV4: EPN | BW4: LVNV | BX4: LVNV | BY4: LVNV | BZ4: LVNV | CA4: LVNV | CB4: LVNV | CC4: LVNV | CD4: LVNV | CE4: LVNV | CF4: LVNV | CG4: LVNV | CH4: LVNV | CI4: LVNV | CJ4: LVNV | CK4: LVNV | CL4: LVNV | CM4: LVNV | CN4: LVNV | CO4: LVNV | CP4: LVNV | CQ4: LVNV
A5: CellID | B5: WT1 | C5: WT2 | D5: WT3 | E5: WT4 | F5: WT5 | G5: WT6 | H5: WT7 | I5: WT8 | J5: WT9 | K5: WT10 | L5: WT11 | M5: WT12 | N5: WT13 | O5: WT14 | P5: WT15 | Q5: WT16 | R5: WT17 | S5: WT19 | T5: WT20 | U5: WT21 | V5: WT22 | W5: WT23 | X5: WT24 | Y5: WT25 | Z5: WT26 | AA5: WT27 | AB5: WT28 | AC5: WT29 | AD5: WT30 | AE5: WT31 | AF5: WT32 | AG5: WT33 | AH5: WT36 | AI5: WT38 | AJ5: WT39 | AK5: WT40 | AL5: WT43 | AM5: WT44 | AN5: WT47 | AO5: WT48 | AP5: WT49 | AQ5: WT50 | AR5: WT52 | AS5: WT53 | AT5: WT54 | AU5: WT57 | AV5: WT59 | AW5: WT60 | AX5: WT63 | AY5: WT66 | AZ5: WT69 | BA5: WT71 | BB5: WT74 | BC5: WT75 | BD5: WT76 | BE5: EPN1 | BF5: EPN2 | BG5: EPN3 | BH5: EPN4 | BI5: EPN5 | BJ5: EPN6 | BK5: EPN7 | BL5: EPN9 | BM5: EPN10 | BN5: EPN11 | BO5: EPN12 | BP5: EPN13 | BQ5: EPN14 | BR5: EPN15 | BS5: EPN16 | BT5: EPN18 | BU5: EPN19 | BV5: EPN20 | BW5: LVNV1 | BX5: LVNV2 | BY5: LVNV3 | BZ5: LVNV4 | CA5: LVNV5 | CB5: LVNV6 | CC5: LVNV7 | CD5: LVNV8 | CE5: LVNV9 | CF5: LVNV10 | CG5: LVNV11 | CH5: LVNV12 | CI5: LVNV13 | CJ5: LVNV14 | CK5: LVNV15 | CL5: LVNV16 | CM5: LVNV17 | CN5: LVNV18 | CO5: LVNV19 | CP5: LVNV20 | CQ5: LVNV21
A6: V_act_Erev | B6: -11.893189 | C6: -21.307124 | D6: -13.113383 | E6: -14.492698 | F6: -7.2988876 | G6: -9.103355 | H6: 5.6677789 | I6: -24.776988 | J6: -12.295355 | K6: -10.347405 | L6: -9.4066368 | M6: -16.731332 | N6: -22.439747 | O6: -13.95828 | P6: 2.5330249 | Q6: -8.1928835 | R6: -4.2792807 | S6: -21.43483 | T6: -10.667967 | U6: -14.49881 | W6: -4.8513771 | X6: -6.2567251 | Y6: -10.897064 | Z6: -6.1586836 | AA6: -5.5955477 | AB6: -6.072556 | AC6: -12.354167 | AD6: -13.411517 | AE6: 6.2185301 | AG6: 7.2454954 | AI6: -8.3078498 | AJ6: -11.596596 | AK6: -4.7036246 | AL6: -8.9175 | AM6: -7.8455289 | AN6: -13.523399 | AO6: -3.76205 | AQ6: -7.2084227 | AT6: -12.5865 | AX6: -5.310725 | AY6: -4.36795 | AZ6: -11.971919 | BA6: -10.362859 | BB6: -4.105028 | BC6: -7.4050458 | BD6: -2.2405886 | BE6: -3.224202 | BF6: -12.063375 | BG6: -17.510011 | BH6: -5.8318676 | BI6: -4.4054419 | BJ6: -6.9000827 | BK6: -11.89204 | BL6: -5.2631182 | BM6: -8.3530448 | BN6: -1.6437874 | BO6: -5.2489907 | BP6: -12.191047 | BQ6: -13.376909 | BT6: -0.76719344 | BW6: -3.7037154 | BX6: -13.950467 | BY6: -6.7575734 | BZ6: -17.517262 | CA6: -3.1999735 | CB6: -8.9048019 | CC6: -15.142334 | CD6: -6.3117674 | CE6: -6.1017701 | CF6: -10.86271 | CH6: 4.0810617 | CJ6: -8.3455382 | CK6: -8.7834957 | CL6: -6.0719264 | CN6: -3.8530842 | CO6: -16.88731 | CP6: -5.256282 | CQ6: -7.0976532
A7: k_act_Erev | B7: 6.4829144 | C7: 6.6801024 | D7: 7.0134718 | E7: 5.2872971 | F7: 9.7912631 | G7: 4.03006 | H7: 2.1217426 | I7: 3.6054903 | J7: 4.2309302 | K7: 4.4851231 | L7: 6.6388003 | M7: 4.7195387 | N7: 3.8166171 | O7: 5.206627 | P7: 4.3887196 | Q7: 6.5853558 | R7: 6.6405857 | S7: 8.3736724 | T7: 9.6830389 | U7: 4.7881119 | W7: 8.0416174 | X7: 5.9690346 | Y7: 6.3728018 | Z7: 6.4196143 | AA7: 8.9916863 | AB7: 8.0157498 | AC7: 5.8942386 | AD7: 2.7655786 | AE7: 6.4011585 | AG7: 9.4502473 | AI7: 7.8713322 | AJ7: 7.2134055 | AK7: 7.5708541 | AL7: 6.7669796 | AM7: 8.1187186 | AN7: 6.5533518 | AO7: 5.4196226 | AQ7: 6.324599 | AT7: 9.6662384 | AX7: 6.9319466 | AY7: 14.288264 | AZ7: 8.8055881 | BA7: 7.6621197 | BB7: 9.4084188 | BC7: 6.6223184 | BD7: 8.5304158 | BE7: 8.5439597 | BF7: 3.3832945 | BG7: 6.9329192 | BH7: 7.2694205 | BI7: 7.6395251 | BJ7: 14.27214 | BK7: 6.6809011 | BL7: 7.0121505 | BM7: 7.2698774 | BN7: 7.9633693 | BO7: 8.1680531 | BP7: 5.2496131 | BQ7: 3.7302858 | BT7: 10.506408 | BW7: 7.4671515 | BX7: 7.4181175 | BY7: 8.2821358 | BZ7: 4.0079812 | CA7: 9.8466314 | CB7: 5.5988693 | CC7: 7.4022557 | CD7: 7.4941831 | CE7: 10.492991 | CF7: 7.8308324 | CH7: 8.8195383 | CJ7: 8.4795329 | CK7: 5.7751146 | CL7: 7.2650782 | CN7: 10.846425 | CO7: 6.9302935 | CP7: 14.502148 | CQ7: 10.016532
A8: V_inact | B8: -61.810949 | D8: -55.892692 | E8: -56.233799 | F8: -56.913929 | I8: -65.497748 | J8: -70.671663 | K8: -64.871759 | L8: -62.242112 | M8: -58.611412 | N8: -58.859281 | O8: -52.754045 | Q8: -55.598744 | R8: -52.885693 | T8: -66.052187 | U8: -60.972634 | V8: -68.816124 | X8: -52.294763 | Y8: -63.342266 | Z8: -73.829378 | AA8: -80.63667 | AB8: -80.618315 | AC8: -54.180115 | AD8: -66.72168 | AE8: -42.800769 | AF8: -58.235578 | AG8: -61.018268 | AH8: -59.428457 | AI8: -52.511469 | AJ8: -65.294088 | AK8: -53.889759 | AL8: -74.8926 | AM8: -65.772452 | AN8: -59.592561 | AO8: -52.933589 | AP8: -56.784638 | AQ8: -56.858692 | AR8: -53.869519 | AS8: -59.078286 | AT8: -69.180191 | AU8: -56.90933 | AV8: -58.013564 | AW8: -57.497967 | AX8: -55.516487 | AY8: -51.44691 | AZ8: -63.622345 | BB8: -56.060698 | BC8: -57.283956 | BD8: -53.579678 | BE8: -66.612182 | BF8: -59.593911 | BG8: -71.529866 | BH8: -53.025927 | BI8: -54.535528 | BJ8: -68.194174 | BK8: -50.132349 | BL8: -57.387775 | BN8: -51.084895 | BO8: -76.922049 | BP8: -58.644583 | BQ8: -44.856575 | BR8: -60.33408 | BS8: -67.379783 | BT8: -53.43682 | BU8: -53.195452 | BV8: -46.94072 | BW8: -51.705697 | BX8: -57.383966 | BY8: -58.836399 | BZ8: -65.18164 | CA8: -68.748043 | CB8: -50.389338 | CC8: -62.798126 | CD8: -59.242373 | CE8: -59.971943 | CF8: -53.813671 | CG8: -59.095359 | CH8: -63.252571 | CI8: -56.76958 | CJ8: -54.301519 | CK8: -57.781133 | CL8: -57.851471 | CM8: -36.753182 | CN8: -46.169783 | CP8: -55.009096
A9: k_inact | B9: 10.553981 | D9: 5.7237352 | E9: 5.5268137 | F9: 5.2988996 | I9: 9.0417403 | J9: 6.5826891 | K9: 9.221333 | L9: 9.020873 | M9: 5.7388038 | N9: 7.2610634 | O9: 6.5956369 | Q9: 5.8477095 | R9: 8.2047188 | T9: 8.0482252 | U9: 6.44893 | V9: 8.646649 | X9: 10.321226 | Y9: 7.92437 | Z9: 9.4056536 | AA9: 8.3320957 | AB9: 8.322194 | AC9: 8.9825225 | AD9: 8.473987 | AE9: 10.73606 | AF9: 6.2821548 | AG9: 5.9863673 | AH9: 7.7716365 | AI9: 7.2448369 | AJ9: 6.7415608 | AK9: 5.0935077 | AL9: 6.8702441 | AM9: 6.8177301 | AN9: 11.356479 | AO9: 7.0486514 | AP9: 6.1079031 | AQ9: 7.4682192 | AR9: 7.4294046 | AS9: 10.173351 | AT9: 7.6020746 | AU9: 7.0065278 | AV9: 6.7126966 | AW9: 7.0449498 | AX9: 7.9577312 | AY9: 6.9521182 | AZ9: 7.2727332 | BB9: 10.492476 | BC9: 8.2446078 | BD9: 5.9636938 | BE9: 11.839401 | BF9: 6.2429619 | BG9: 8.9223955 | BH9: 8.4682083 | BI9: 7.288802 | BJ9: 2.03296 | BK9: 9.3232706 | BL9: 7.0621269 | BN9: 10.860821 | BO9: 3.2219705 | BP9: 12.108689 | BQ9: 14.501146 | BR9: 14.8107 | BS9: 9.3990088 | BT9: 4.9100407 | BU9: 7.4548546 | BV9: 7.2090172 | BW9: 4.9426887 | BX9: 8.0208437 | BY9: 6.1749463 | BZ9: 6.4428448 | CA9: 8.3297467 | CB9: 11.456721 | CC9: 6.5181594 | CD9: 7.350763 | CE9: 7.0302699 | CF9: 12.098751 | CG9: 16.619885 | CH9: 6.1243312 | CI9: 11.428902 | CJ9: 9.8665096 | CK9: 5.6477136 | CL9: 6.6263361 | CM9: 12.513331 | CN9: 6.1694331 | CP9: 7.8328246
A10: V_act_inact_ratio | B10: 0.1121117 | D10: 0.2270925 | E10: 0.24294066 | F10: 0.1495061 | I10: 0.3709406 | J10: 0.17312637 | K10: 0.12619429 | L10: 0.15100925 | M10: 0.2638464 | N10: 0.38543151 | O10: 0.26451326 | Q10: 0.11802908 | R10: 0.073240165 | T10: 0.31107104 | U10: 0.23057682 | X10: 0.1510726 | Y10: 0.15830075 | Z10: 0.07708217 | AA10: 0.063546858 | AB10: 0.075724603 | AC10: 0.21604168 | AD10: 0.26489173 | AE10: -0.18248798 | AG10: -0.15045984 | AI10: 0.13524701 | AJ10: 0.14874249 | AK10: 0.079087285 | AL10: 0.12357387 | AM10: 0.094808687 | AN10: 0.22058212 | AO10: 0.031076171 | AQ10: 0.10347469 | AS10: 0.083426251 | AT10: 0.17863142 | AX10: 0.11947623 | AY10: 0.12153925 | AZ10: 0.1528321 | BB10: 0.037667223 | BC10: 0.11971337 | BD10: 0.079616439 | BE10: 0.037335983 | BF10: 0.20570397 | BG10: 0.21627171 | BH10: 0.038301973 | BI10: 0.031280214 | BJ10: 0.10985387 | BK10: 0.25839888 | BL10: 0.11403231 | BN10: 0.037332147 | BO10: -0.0034052025 | BP10: 0.1945506 | BQ10: 0.18572923 | BT10: 0.061070153 | BW10: 0.055607287 | BX10: 0.18211345 | BY10: 0.090870196 | BZ10: 0.20569697 | CA10: 0.08389477 | CB10: 0.18049508 | CC10: 0.24675775 | CD10: 0.090180344 | CE10: 0.050012121 | CF10: 0.16743803 | CH10: -0.099977309 | CJ10: 0.13526435 | CK10: 0.1534026 | CL10: 0.13968537 | CN10: 0.13697891 | CP10: -0.16002883
A11: k_act_inact_ratio | B11: 0.88376099 | D11: 1.2525901 | E11: 1.0681363 | F11: 1.7810977 | I11: 0.43090824 | J11: 0.66721778 | K11: 0.88261856 | L11: 0.73588112 | M11: 0.97002603 | N11: 0.46706783 | O11: 0.8022279 | Q11: 1.3047135 | R11: 0.87974226 | T11: 0.90649421 | U11: 0.81251489 | X11: 0.48722569 | Y11: 0.86064261 | Z11: 0.70772479 | AA11: 1.0784257 | AB11: 1.0213779 | AC11: 0.73180333 | AD11: 0.85048299 | AE11: 0.64346482 | AG11: 2.0033054 | AI11: 1.2309222 | AJ11: 1.2315183 | AK11: 1.5556398 | AL11: 1.0095806 | AM11: 1.1828648 | AN11: 0.65449759 | AO11: 0.868894 | AQ11: 0.95670207 | AS11: 0.92951128 | AT11: 1.204728 | AX11: 0.77173124 | AY11: 1.2431394 | AZ11: 0.99599135 | BB11: 0.82913813 | BC11: 0.82799163 | BD11: 1.3105502 | BE11: 0.7413739 | BF11: 1.4416633 | BG11: 0.93647952 | BH11: 1.1289323 | BI11: 1.2550607 | BJ11: 4.9883456 | BK11: 0.69376275 | BL11: 0.95303843 | BN11: 0.73754856 | BO11: 3.2395084 | BP11: 0.46788694 | BQ11: 0.47646185 | BT11: 1.6668969 | BW11: 1.6506613 | BX11: 0.95414349 | BY11: 1.4087121 | BZ11: 0.8982963 | CA11: 1.0435611 | CB11: 0.54863398 | CC11: 1.0413236 | CD11: 1.1379669 | CE11: 1.349291 | CF11: 0.65407265 | CH11: 1.4060273 | CJ11: 0.82618337 | CK11: 1.0239905 | CL11: 1.0239067 | CN11: 1.2900002 | CP11: 1.7171643
A12: I_max_current_density | B12: -1083.4116 | C12: -316.72758 | D12: -228.12117 | E12: -595.72975 | F12: -822.36902 | G12: -505.84662 | H12: -327.53381 | I12: -366.84891 | J12: -969.31199 | K12: -508.80304 | L12: -105.93359 | M12: -433.45572 | N12: -180.17218 | O12: -206.23072 | P12: -268.44231 | Q12: -154.9775 | R12: -212.62512 | S12: -204.28477 | T12: -135.17437 | U12: -238.92971 | V12: -110.96289 | W12: -421.51422 | X12: -146.37058 | Y12: -223.98672 | Z12: -248.20879 | AA12: -347.04925 | AB12: -340.80464 | AC12: -57.275416 | AD12: -352.16318 | AE12: -92.013773 | AF12: -65.704294 | AG12: -261.54702 | AH12: -67.583905 | AI12: -159.14069 | AJ12: -138.88617 | AK12: -84.411819 | AL12: -106.85205 | AM12: -194.74397 | AN12: -77.728871 | AO12: -68.086536 | AP12: -30.698822 | AQ12: -112.27736 | AR12: -25.962288 | AS12: -23.244472 | AT12: -57.608602 | AU12: -21.605055 | AV12: -89.718528 | AW12: -18.195803 | AX12: -41.270992 | AY12: -33.220616 | AZ12: -27.241381 | BA12: -32.88586 | BB12: -36.182465 | BC12: -132.08839 | BD12: -24.547995 | BE12: -278.99706 | BF12: -317.17217 | BG12: -190.59813 | BH12: -353.37388 | BI12: -139.87579 | BJ12: -84.63518 | BK12: -62.340107 | BL12: -83.431577 | BM12: -94.104325 | BN12: -40.936519 | BO12: -128.11198 | BP12: -24.989662 | BQ12: -13.343705 | BR12: -71.789579 | BS12: -58.839443 | BT12: -22.181283 | BU12: -188.30988 | BV12: -66.498674 | BW12: -61.917711 | BX12: -86.945365 | BY12: -116.50274 | BZ12: -369.05681 | CA12: -118.67455 | CB12: -100.50035 | CC12: -126.76929 | CD12: -50.903207 | CE12: -80.608738 | CF12: -13.143409 | CG12: -55.402421 | CH12: -57.31447 | CI12: -24.311521 | CJ12: -42.659623 | CK12: -77.892754 | CL12: -24.996315 | CM12: -8.7681507 | CN12: -57.868413 | CO12: -24.270425 | CP12: -42.227423 | CQ12: -89.82481
A13: lnImax | B13: =LN(-B12) -> 6.9878703 | C13: =LN(-C12) -> 5.758042 | D13: =LN(-D12) -> 5.4298769 | E13: =LN(-E12) -> 6.3897871 | F13: =LN(-F12) -> 6.7121892 | G13: =LN(-G12) -> 6.2262335 | H13: =LN(-H12) -> 5.7915913 | I13: =LN(-I12) -> 5.9049501 | ... CQ13: =LN(-CQ12) -> 4.4978612

Sheet Window_Current
A1: Collector | B1: REdC | C1: REdC | D1: REdC | E1: REdC | F1: REdC | G1: REdC | H1: REdC | I1: REdC | J1: REdC | K1: REdC | L1: REdC | M1: REdC | N1: REdC | O1: REdC | P1: REdC | Q1: REdC | R1: REdC | S1: REdC | T1: REdC | U1: REdC | V1: REdC | W1: REdC | X1: REdC | Y1: REdC | Z1: REdC | AA1: REdC | AB1: REdC | AC1: REdC | AD1: REdC | AE1: REdC | AF1: REdC | AG1: REdC | AH1: REdC | AI1: REdC | AJ1: REdC | AK1: REdC | AL1: REdC | AM1: REdC | AN1: REdC | AO1: REdC | AP1: REdC | AQ1: REdC | AR1: REdC | AS1: REdC | AT1: REdC | AU1: REdC | AV1: REdC | AW1: REdC | AX1: REdC | AY1: REdC | AZ1: REdC | BA1: REdC | BB1: REdC | BC1: REdC | BD1: REdC | BE1: REdC | BF1: REdC | BG1: REdC | BH1: REdC | BI1: REdC | BJ1: REdC | BK1: REdC | BL1: REdC | BM1: REdC | BN1: REdC | BO1: REdC | BP1: REdC | BQ1: REdC | BR1: REdC
A2: Filename_act | B2: WT1_REdC_IV_18704034 | C2: WT3_REdC_IV_17728035 Final | D2: WT4_REdC_IV_18705015 | E2: WT5_REdC_IV_17728025 Final | F2: WT8_REdC_IV | G2: WT9_REdC_IV_17504013 Final | H2: WT10_REdC_IV_1.26.2018 WT cell 2 IV' -120 conditioning | I2: WT11_REdC_IV_17723017 | J2: WT12_REdC_IV_17721049 Final filtered | K2: WT13_REdC_IV_17723001 | L2: WT14_REdC_IV_19n15007 | M2: WT16_REdC_IV_18705033 | N2: WT17_REdC_IV_17721059 | O2: WT20_REdC_IV_18115016 | P2: WT21_REdC_IV_19o30001 (-80:0),WT21_REdC_IV_19o30004(10:+80) | Q2: WT24_REdC_IV_18705003(-80:10),WT24_REdC_IV_18705002(20:+80) | R2: WT25_REdC_IV_18704045 | S2: WT26_REdC_IV_17809014 | T2: WT27_REdC_IV_1.23.2018 IV cell 1 WT | U2: WT28_REdC_IV_1.23.2018 IV cell 1 WT | V2: WT29_REdC_IV_18o19010 | W2: WT30_REdC_IV_1.26.2018 WT cell 1 IV p8 20 sweeps | X2: WT31_REdC_IV_18o07001 | Y2: WT33_REdC_IV_17728018 | Z2: WT38_REdC_IV_19o21015 | AA2: WT39_REdC_IV_17429002 | AB2: WT40_REdC_IV_17810003 | AC2: WT43_REdC_IV_1.26.2018 WT cell 4 IV | AD2: WT44_REdC_IV_1.14.2018 IV cell 2 NaV1.4 wt | AE2: WT47_REdC_IV_19911011 | AF2: WT48_REdC_IV_19n06031 | AG2: WT50_REdC_IV_19n06011 | AH2: WT54_REdC_IV_1.19.2018 IV cell 1 WT | AI2: WT63_REdC_IV_19n07011 | AJ2: WT66_REdC_IV_18704009 | AK2: WT69_REdC_IV_18o18036 | AL2: WT74_REdC_IV_0003.abf | AM2: WT75_REdC_IV_0015.abf | AN2: WT76_REdC_IV_0012.abf | AO2: EPN1_REdC_IV_17725093.abf | AP2: EPN2_REdC_IV_17725017.abf | AQ2: EPN3_REdC_IV_18115045.abf | AR2: EPN4_REdC_IV_IV cell 2 NaV1.4 EPN.abf | AS2: EPN5_REdC_IV_17725043.abf | AT2: EPN6_REdC_IV_1.14.2018 IV cell 1 NaV1.4 EPN.abf | AU2: EPN7_REdC_IV_17718015.abf | AV2: EPN9_REdC_IV_17725067.abf | AW2: EPN11_REdC_IV_17725020.abf | AX2: EPN12_REdC_IV_1.19.2018 IV cell 1 EPN'.abf | AY2: EPN13_REdC_IV_2016_09_30_0015.abf | AZ2: EPN14_REdC_IV_17725071.abf | BA2: EPN18_REdC_IV_0012.abf | BB2: LVNV1_REdC_IV_17724088.abf | BC2: LVNV2_REdC_IV_17724059.abf;LVNV2_REdC_IV_17724048.abf;LVNV2_REdC_IV_17724046.abf | BD2: LVNV3_REdC_IV_17726022.abf | BE2: LVNV4_REdC_IV_17429000.abf | BF2: LVNV5_REdC_IV_17724073.abf | BG2: LVNV6_REdC_IV_19915011.abf | BH2: LVNV7_REdC_IV_19d06007.abf | BI2: LVNV8_REdC_IV_17724003.abf;LVNV8_REdC_IV_17724001.abf | BJ2: LVNV9_REdC_IV_17724034.abf | BK2: LVNV10_REdC_IV_17726060.abf;LVNV10_REdC_IV_17726061.abf | BL2: LVNV12_REdC_IV_19912002.abf | BM2: LVNV14_REdC_IV_17726099.abf;LVNV14_REdC_IV_17726072.abf;LVNV14_REdC_IV_17726074.abf;LVNV14_REdC_IV_17726083.abf;LVNV14_REdC_IV_17726088.abf;LVNV14_REdC_IV_17726095.abf;LVNV14_REdC_IV_17726098.abf;LVNV14_REdC_IV_17726100.abf | BN2: LVNV15_REdC_IV_17724016.abf | BO2: LVNV16_REdC_IV_17726035.abf | BP2: LVNV18_REdC_IV_19911028.abf;LVNV18_REdC_IV_19911026.abf;LVNV18_REdC_IV_19911027.abf;LVNV18_REdC_IV_19911029.abf | BQ2: LVNV20_REdC_IV_17726011.abf
A3: Filename_inact | B3: WT1_REdC_fSSI_18704040 | C3: WT3_REdC_fSSI_17728036 | D3: WT4_REdC_fSSI_18705016 | E3: WT5_REdC_fSSI_17728026 | F3: WT8_REdC_fSSI_1.23.2018 fSSI cell 2 WT | G3: WT9_REdC_fSSI_17504014 | H3: WT10_REdC_fSSI_1.26.2018 WT cell 2 fSSI from -120 | I3: WT11_REdC_fSSI_17723028 | J3: WT12_REdC_fSSI_17721037 | K3: WT13_REdC_fSSI_17723002 | L3: WT14_REdC_fSSI_19n15001 | M3: WT16_REdC_fSSI_18705034 | N3: WT17_REdC_fSSI_17721062 | O3: WT20_REdC_fSSI_18115015 | P3: WT21_REdC_fSSI_19o30003 | Q3: WT24_REdC_fSSI_18705004 | R3: WT25_REdC_fSSI_18704046 | S3: WT26_REdC_fSSI_17809018 | T3: WT27_REdC_fSSI_1.23.2018 fSSI cell 1 WT | U3: WT28_REdC_fSSI_1.23.2018 fSSI cell 1 WT | V3: WT29_REdC_fSSI_18o19011 | W3: WT30_REdC_fSSI_1.26.2018 WT cell 1 Fssi | X3: WT31_REdC_fSSI_18o07002 | Y3: WT33_REdC_fSSI_17728019 | Z3: WT38_REdC_fSSI_19o21003 | AA3: WT39_REdC_fSSI_17429003 | AB3: WT40_REdC_fSSI_17810004 | AC3: WT43_REdC_fSSI_1.26.2018 WT cell 4 fSSI | AD3: WT44_REdC_fSSI_1.14.2018 fSSI cell 2 NaV1.4 wt | AE3: WT47_REdC_fSSI_19911006 | AF3: WT48_REdC_fSSI_19n06033 | AG3: WT50_REdC_fSSI_19n06001 | AH3: WT54_REdC_fSSI_1.19.2018 fSSI cell 1 WT | AI3: WT63_REdC_fSSI_19n07001 | AJ3: WT66_REdC_fSSI_18704010 | AK3: WT69_REdC_fSSI_18o19004 | AL3: WT74_REdC_capac_0000.abf | AM3: WT75_REdC_capac_0000 | AN3: WT76_REdC_fSSI_0011.abf | AO3: EPN1_REdC_fSSI_17725094.abf | AP3: EPN2_REdC_fSSI_17725003.abf | AQ3: EPN3_REdC_fSSI_18115041.abf | AR3: EPN4_REdC_fSSI_fSSI cell 2 NaV1.4 EPN.abf | AS3: EPN5_REdC_fSSI_17725042.abf | AT3: EPN6_REdC_fSSI_1.14.2018 fSSI cell 1 NaV1.4 EPN.abf | AU3: EPN7_REdC_fSSI_17718002.abf | AV3: EPN9_REdC_fSSI_17725069.abf | AW3: EPN11_REdC_fSSI_17725022.abf | AX3: EPN12_REdC_fSSI_1.19.2018 fSSI cell 1 EPN.abf | AY3: EPN13_REdC_fSSI_2016_09_30_0008.abf | AZ3: EPN14_REdC_fSSI_17725073.abf | BA3: EPN18_REdC_fSSI_0008.abf | BB3: LVNV1_REdC_fSSI_17724087.abf | BC3: LVNV2_REdC_fSSI_17724049.abf | BD3: LVNV3_REdC_fSSI_17726025.abf | BE3: LVNV4_REdC_fSSI_17429003.abf | BF3: LVNV5_REdC_fSSI_17724076.abf | BG3: LVNV6_REdC_fSSI_19915014.abf | BH3: LVNV7_REdC_fSSI_19d06005.abf | BI3: LVNV8_REdC_fSSI_17724004.abf | BJ3: LVNV9_REdC_fSSI_17724035.abf | BK3: LVNV10_REdC_fSSI_17726051.abf | BL3: LVNV12_REdC_fSSI_19912003.abf | BM3: LVNV14_REdC_fSSI_17726075.abf;LVNV14_REdC_fSSI_17726087.abf;LVNV14_REdC_fSSI_17726094.abf | BN3: LVNV15_REdC_fSSI_17724017.abf | BO3: LVNV16_REdC_fSSI_17726037.abf | BP3: LVNV18_REdC_fSSI_19911030.abf | BQ3: LVNV20_REdC_fSSI_17726012.abf
A4: Genotype | B4: WT | C4: WT | D4: WT | E4: WT | F4: WT | G4: WT | H4: WT | I4: WT | J4: WT | K4: WT | L4: WT | M4: WT | N4: WT | O4: WT | P4: WT | Q4: WT | R4: WT | S4: WT | T4: WT | U4: WT | V4: WT | W4: WT | X4: WT | Y4: WT | Z4: WT | AA4: WT | AB4: WT | AC4: WT | AD4: WT | AE4: WT | AF4: WT | AG4: WT | AH4: WT | AI4: WT | AJ4: WT | AK4: WT | AL4: WT | AM4: WT | AN4: WT | AO4: EPN | AP4: EPN | AQ4: EPN | AR4: EPN | AS4: EPN | AT4: EPN | AU4: EPN | AV4: EPN | AW4: EPN | AX4: EPN | AY4: EPN | AZ4: EPN | BA4: EPN | BB4: LVNV | BC4: LVNV | BD4: LVNV | BE4: LVNV | BF4: LVNV | BG4: LVNV | BH4: LVNV | BI4: LVNV | BJ4: LVNV | BK4: LVNV | BL4: LVNV | BM4: LVNV | BN4: LVNV | BO4: LVNV | BP4: LVNV | BQ4: LVNV
A5: CellID | B5: WT1 | C5: WT3 | D5: WT4 | E5: WT5 | F5: WT8 | G5: WT9 | H5: WT10 | I5: WT11 | J5: WT12 | K5: WT13 | L5: WT14 | M5: WT16 | N5: WT17 | O5: WT20 | P5: WT21 | Q5: WT24 | R5: WT25 | S5: WT26 | T5: WT27 | U5: WT28 | V5: WT29 | W5: WT30 | X5: WT31 | Y5: WT33 | Z5: WT38 | AA5: WT39 | AB5: WT40 | AC5: WT43 | AD5: WT44 | AE5: WT47 | AF5: WT48 | AG5: WT50 | AH5: WT54 | AI5: WT63 | AJ5: WT66 | AK5: WT69 | AL5: WT74 | AM5: WT75 | AN5: WT76 | AO5: EPN1 | AP5: EPN2 | AQ5: EPN3 | AR5: EPN4 | AS5: EPN5 | AT5: EPN6 | AU5: EPN7 | AV5: EPN9 | AW5: EPN11 | AX5: EPN12 | AY5: EPN13 | AZ5: EPN14 | BA5: EPN18 | BB5: LVNV1 | BC5: LVNV2 | BD5: LVNV3 | BE5: LVNV4 | BF5: LVNV5 | BG5: LVNV6 | BH5: LVNV7 | BI5: LVNV8 | BJ5: LVNV9 | BK5: LVNV10 | BL5: LVNV12 | BM5: LVNV14 | BN5: LVNV15 | BO5: LVNV16 | BP5: LVNV18 | BQ5: LVNV20
A6: V_act_Erev | B6: -11.893189 | C6: -13.113383 | D6: -14.492698 | E6: -7.2988876 | F6: -24.776988 | G6: -12.295355 | H6: -10.347405 | I6: -9.4066368 | J6: -16.731332 | K6: -22.439747 | L6: -13.95828 | M6: -8.1928835 | N6: -4.2792807 | O6: -10.667967 | P6: -14.49881 | Q6: -6.2567251 | R6: -10.897064 | S6: -6.1586836 | T6: -5.5955477 | U6: -6.072556 | V6: -12.354167 | W6: -13.411517 | X6: 6.2185301 | Y6: 7.2454954 | Z6: -8.3078498 | AA6: -11.596596 | AB6: -4.7036246 | AC6: -8.9175 | AD6: -7.8455289 | AE6: -13.523399 | AF6: -3.76205 | AG6: -7.2084227 | AH6: -12.5865 | AI6: -5.310725 | AJ6: -4.36795 | AK6: -11.971919 | AL6: -4.105028 | AM6: -7.4050458 | AN6: -2.2405886 | AO6: -3.224202 | AP6: -12.063375 | AQ6: -17.510011 | AR6: -5.8318676 | AS6: -4.4054419 | AT6: -6.9000827 | AU6: -11.89204 | AV6: -5.2631182 | AW6: -1.6437874 | AX6: -5.2489907 | AY6: -12.191047 | AZ6: -13.376909 | BA6: -0.76719344 | BB6: -3.7037154 | BC6: -13.950467 | BD6: -6.7575734 | BE6: -17.517262 | BF6: -3.1999735 | BG6: -8.9048019 | BH6: -15.142334 | BI6: -6.3117674 | BJ6: -6.1017701 | BK6: -10.86271 | BL6: 4.0810617 | BM6: -8.3455382 | BN6: -8.7834957 | BO6: -6.0719264 | BP6: -3.8530842 | BQ6: -5.256282
A7: k_act_Erev | B7: 6.4829144 | C7: 7.0134718 | D7: 5.2872971 | E7: 9.7912631 | F7: 3.6054903 | G7: 4.2309302 | H7: 4.4851231 | I7: 6.6388003 | J7: 4.7195387 | K7: 3.8166171 | L7: 5.206627 | M7: 6.5853558 | N7: 6.6405857 | O7: 9.6830389 | P7: 4.7881119 | Q7: 5.9690346 | R7: 6.3728018 | S7: 6.4196143 | T7: 8.9916863 | U7: 8.0157498 | V7: 5.8942386 | W7: 2.7655786 | X7: 6.4011585 | Y7: 9.4502473 | Z7: 7.8713322 | AA7: 7.2134055 | AB7: 7.5708541 | AC7: 6.7669796 | AD7: 8.1187186 | AE7: 6.5533518 | AF7: 5.4196226 | AG7: 6.324599 | AH7: 9.6662384 | AI7: 6.9319466 | AJ7: 14.288264 | AK7: 8.8055881 | AL7: 9.4084188 | AM7: 6.6223184 | AN7: 8.5304158 | AO7: 8.5439597 | AP7: 3.3832945 | AQ7: 6.9329192 | AR7: 7.2694205 | AS7: 7.6395251 | AT7: 14.27214 | AU7: 6.6809011 | AV7: 7.0121505 | AW7: 7.9633693 | AX7: 8.1680531 | AY7: 5.2496131 | AZ7: 3.7302858 | BA7: 10.506408 | BB7: 7.4671515 | BC7: 7.4181175 | BD7: 8.2821358 | BE7: 4.0079812 | BF7: 9.8466314 | BG7: 5.5988693 | BH7: 7.4022557 | BI7: 7.4941831 | BJ7: 10.492991 | BK7: 7.8308324 | BL7: 8.8195383 | BM7: 8.4795329 | BN7: 5.7751146 | BO7: 7.2650782 | BP7: 10.846425 | BQ7: 14.502148
A8: V_inact | B8: -61.810949 | C8: -55.892692 | D8: -56.233799 | E8: -56.913929 | F8: -65.497748 | G8: -70.671663 | H8: -64.871759 | I8: -62.242112 | J8: -58.611412 | K8: -58.859281 | L8: -52.754045 | M8: -55.598744 | N8: -52.885693 | O8: -66.052187 | P8: -60.972634 | Q8: -52.294763 | R8: -63.342266 | S8: -73.829378 | T8: -80.63667 | U8: -80.618315 | V8: -54.180115 | W8: -66.72168 | X8: -42.800769 | Y8: -61.018268 | Z8: -52.511469 | AA8: -65.294088 | AB8: -53.889759 | AC8: -74.8926 | AD8: -65.772452 | AE8: -59.592561 | AF8: -52.933589 | AG8: -56.858692 | AH8: -69.180191 | AI8: -55.516487 | AJ8: -51.44691 | AK8: -63.622345 | AL8: -56.060698 | AM8: -57.283956 | AN8: -53.579678 | AO8: -66.612182 | AP8: -59.593911 | AQ8: -71.529866 | AR8: -53.025927 | AS8: -54.535528 | AT8: -68.194174 | AU8: -50.132349 | AV8: -57.387775 | AW8: -51.084895 | AX8: -76.922049 | AY8: -58.644583 | AZ8: -44.856575 | BA8: -53.43682 | BB8: -51.705697 | BC8: -57.383966 | BD8: -58.836399 | BE8: -65.18164 | BF8: -68.748043 | BG8: -50.389338 | BH8: -62.798126 | BI8: -59.242373 | BJ8: -59.971943 | BK8: -53.813671 | BL8: -63.252571 | BM8: -54.301519 | BN8: -57.781133 | BO8: -57.851471 | BP8: -46.169783 | BQ8: -55.009096
A9: k_inact | B9: 10.553981 | C9: 5.7237352 | D9: 5.5268137 | E9: 5.2988996 | F9: 9.0417403 | G9: 6.5826891 | H9: 9.221333 | I9: 9.020873 | J9: 5.7388038 | K9: 7.2610634 | L9: 6.5956369 | M9: 5.8477095 | N9: 8.2047188 | O9: 8.0482252 | P9: 6.44893 | Q9: 10.321226 | R9: 7.92437 | S9: 9.4056536 | T9: 8.3320957 | U9: 8.322194 | V9: 8.9825225 | W9: 8.473987 | X9: 10.73606 | Y9: 5.9863673 | Z9: 7.2448369 | AA9: 6.7415608 | AB9: 5.0935077 | AC9: 6.8702441 | AD9: 6.8177301 | AE9: 11.356479 | AF9: 7.0486514 | AG9: 7.4682192 | AH9: 7.6020746 | AI9: 7.9577312 | AJ9: 6.9521182 | AK9: 7.2727332 | AL9: 10.492476 | AM9: 8.2446078 | AN9: 5.9636938 | AO9: 11.839401 | AP9: 6.2429619 | AQ9: 8.9223955 | AR9: 8.4682083 | AS9: 7.288802 | AT9: 2.03296 | AU9: 9.3232706 | AV9: 7.0621269 | AW9: 10.860821 | AX9: 3.2219705 | AY9: 12.108689 | AZ9: 14.501146 | BA9: 4.9100407 | BB9: 4.9426887 | BC9: 8.0208437 | BD9: 6.1749463 | BE9: 6.4428448 | BF9: 8.3297467 | BG9: 11.456721 | BH9: 6.5181594 | BI9: 7.350763 | BJ9: 7.0302699 | BK9: 12.098751 | BL9: 6.1243312 | BM9: 9.8665096 | BN9: 5.6477136 | BO9: 6.6263361 | BP9: 6.1694331 | BQ9: 7.8328246
A10: V_act_inact_ratio | B10: 0.1121117 | C10: 0.2270925 | D10: 0.24294066 | E10: 0.1495061 | F10: 0.3709406 | G10: 0.17312637 | H10: 0.12619429 | I10: 0.15100925 | J10: 0.2638464 | K10: 0.38543151 | L10: 0.26451326 | M10: 0.11802908 | N10: 0.073240165 | O10: 0.31107104 | P10: 0.23057682 | Q10: 0.1510726 | R10: 0.15830075 | S10: 0.07708217 | T10: 0.063546858 | U10: 0.075724603 | V10: 0.21604168 | W10: 0.26489173 | X10: -0.18248798 | Y10: -0.15045984 | Z10: 0.13524701 | AA10: 0.14874249 | AB10: 0.079087285 | AC10: 0.12357387 | AD10: 0.094808687 | AE10: 0.22058212 | AF10: 0.031076171 | AG10: 0.10347469 | AH10: 0.17863142 | AI10: 0.11947623 | AJ10: 0.12153925 | AK10: 0.1528321 | AL10: 0.037667223 | AM10: 0.11971337 | AN10: 0.079616439 | AO10: 0.037335983 | AP10: 0.20570397 | AQ10: 0.21627171 | AR10: 0.038301973 | AS10: 0.031280214 | AT10: 0.10985387 | AU10: 0.25839888 | AV10: 0.11403231 | AW10: 0.037332147 | AX10: -0.0034052025 | AY10: 0.1945506 | AZ10: 0.18572923 | BA10: 0.061070153 | BB10: 0.055607287 | BC10: 0.18211345 | BD10: 0.090870196 | BE10: 0.20569697 | BF10: 0.08389477 | BG10: 0.18049508 | BH10: 0.24675775 | BI10: 0.090180344 | BJ10: 0.050012121 | BK10: 0.16743803 | BL10: -0.099977309 | BM10: 0.13526435 | BN10: 0.1534026 | BO10: 0.13968537 | BP10: 0.13697891 | BQ10: -0.16002883
A11: k_act_inact_ratio | B11: 0.88376099 | C11: 1.2525901 | D11: 1.0681363 | E11: 1.7810977 | F11: 0.43090824 | G11: 0.66721778 | H11: 0.88261856 | I11: 0.73588112 | J11: 0.97002603 | K11: 0.46706783 | L11: 0.8022279 | M11: 1.3047135 | N11: 0.87974226 | O11: 0.90649421 | P11: 0.81251489 | Q11: 0.48722569 | R11: 0.86064261 | S11: 0.70772479 | T11: 1.0784257 | U11: 1.0213779 | V11: 0.73180333 | W11: 0.85048299 | X11: 0.64346482 | Y11: 2.0033054 | Z11: 1.2309222 | AA11: 1.2315183 | AB11: 1.5556398 | AC11: 1.0095806 | AD11: 1.1828648 | AE11: 0.65449759 | AF11: 0.868894 | AG11: 0.95670207 | AH11: 1.204728 | AI11: 0.77173124 | AJ11: 1.2431394 | AK11: 0.99599135 | AL11: 0.82913813 | AM11: 0.82799163 | AN11: 1.3105502 | AO11: 0.7413739 | AP11: 1.4416633 | AQ11: 0.93647952 | AR11: 1.1289323 | AS11: 1.2550607 | AT11: 4.9883456 | AU11: 0.69376275 | AV11: 0.95303843 | AW11: 0.73754856 | AX11: 3.2395084 | AY11: 0.46788694 | AZ11: 0.47646185 | BA11: 1.6668969 | BB11: 1.6506613 | BC11: 0.95414349 | BD11: 1.4087121 | BE11: 0.8982963 | BF11: 1.0435611 | BG11: 0.54863398 | BH11: 1.0413236 | BI11: 1.1379669 | BJ11: 1.349291 | BK11: 0.65407265 | BL11: 1.4060273 | BM11: 0.82618337 | BN11: 1.0239905 | BO11: 1.0239067 | BP11: 1.2900002 | BQ11: 1.7171643
A12: I_max_current_density | B12: -1083.4116 | C12: -228.12117 | D12: -595.72975 | E12: -822.36902 | F12: -366.84891 | G12: -969.31199 | H12: -508.80304 | I12: -105.93359 | J12: -433.45572 | K12: -180.17218 | L12: -206.23072 | M12: -154.9775 | N12: -212.62512 | O12: -135.17437 | P12: -238.92971 | Q12: -146.37058 | R12: -223.98672 | S12: -248.20879 | T12: -347.04925 | U12: -340.80464 | V12: -57.275416 | W12: -352.16318 | X12: -92.013773 | Y12: -261.54702 | Z12: -159.14069 | AA12: -138.88617 | AB12: -84.411819 | AC12: -106.85205 | AD12: -194.74397 | AE12: -77.728871 | AF12: -68.086536 | AG12: -112.27736 | AH12: -57.608602 | AI12: -41.270992 | AJ12: -33.220616 | AK12: -27.241381 | AL12: -36.182465 | AM12: -132.08839 | AN12: -24.547995 | AO12: -278.99706 | AP12: -317.17217 | AQ12: -190.59813 | AR12: -353.37388 | AS12: -139.87579 | AT12: -84.63518 | AU12: -62.340107 | AV12: -83.431577 | AW12: -40.936519 | AX12: -128.11198 | AY12: -24.989662 | AZ12: -13.343705 | BA12: -22.181283 | BB12: -61.917711 | BC12: -86.945365 | BD12: -116.50274 | BE12: -369.05681 | BF12: -118.67455 | BG12: -100.50035 | BH12: -126.76929 | BI12: -50.903207 | BJ12: -80.608738 | BK12: -13.143409 | BL12: -57.31447 | BM12: -42.659623 | BN12: -77.892754 | BO12: -24.996315 | BP12: -57.868413 | BQ12: -42.227423
A13: lnImax | B13: =LN(-B12) -> 6.9878703 | C13: =LN(-C12) -> 5.4298769 | D13: =LN(-D12) -> 6.3897871 | E13: =LN(-E12) -> 6.7121892 | F13: =LN(-F12) -> 5.9049501 | G13: =LN(-G12) -> 6.8765865 | H13: =LN(-H12) -> 6.232061 | I13: =LN(-I12) -> 4.6628124 | ... BQ13: =LN(-BQ12) -> 3.7430698
A14: E(I_window_peak) | B14: -30.89 | C14: -36.67 | D14: -34.91 | E14: -39.49 | F14: -36.39 | G14: -35.15 | H14: -28.18 | I14: -31.81 | J14: -35.64 | K14: -34.99 | L14: -31.07 | M14: -33.3 | N14: -26.02 | O14: -40.91 | P14: -34.31 | Q14: -23.13 | R14: -34.27 | S14: -33.6 | T14: -44.54 | U14: -42.64 | V14: -28.93 | W14: -26.52 | X14: -12.09 | Y14: -34.55 | Z14: -31.33 | AA14: -39.35 | AB14: -34.11 | AC14: -41.66 | AD14: -39.34 | AE14: -30.39 | AF14: -25.14 | AG14: -29.98 | AH14: -44.27 | AI14: -28.68 | AJ14: -36.04 | AK14: -40.25 | AL14: -28.67 | AM14: -29.62 | AN14: -32.46 | AO14: -29.79 | AP14: -28.76 | AQ14: -41.14 | AR14: -27.63 | AS14: -30.05 | AT14: -50 | AU14: -27.86 | AV14: -31.23 | AW14: -22.55 | AX14: -50 | AY14: -26.24 | AZ14: -19.82 | BA14: -36.66 | BB14: -32.59 | BC14: -34.81 | BD14: -36.59 | BE14: -35.8 | BF14: -38.7 | BG14: -22.52 | BH14: -40.48 | BI14: -33.03 | BJ14: -38.36 | BK14: -27.74 | BL14: -35.65 | BM14: -29.59 | BN14: -33.56 | BO14: -33.15 | BP14: -30.83 | BQ14: -37.56
A15: -50 | B15: 0.243386 | C15: 0.25800586 | D15: 0.2433349 | E15: 0.20075776 | F15: 0.15172773 | G15: 0.041340137 | H15: 0.16606167 | I15: 0.20250854 | J15: 0.18147481 | K15: 0.22718701 | L15: 0.39611723 | M15: 0.27564772 | N15: 0.41194554 | O15: 0.10285754 | P15: 0.1536718 | Q15: 0.44398804 | R15: 0.15444699 | S15: 0.072461231 | T15: 0.017560672 | U15: 0.020472224 | V15: 0.38403418 | W15: 0.12203357 | X15: 0.66147641 | Y15: 0.13465045 | Z15: 0.40921038 | AA15: 0.08890469 | AB15: 0.31533508 | AC15: 0.023698197 | AD15: 0.084486747 | AE15: 0.2967398 | AF15: 0.39723134 | AG15: 0.28413622 | AH15: 0.053838515 | AI15: 0.33173337 | AJ15: 0.40875125 | AK15: 0.12004372 | AL15: 0.35192553 | AM15: 0.29085033 | AN15: 0.35059867 | AO15: 0.19314649 | AP15: 0.17699382 | AQ15: 0.073049507 | AR15: 0.4093142 | AS15: 0.34671548 | AT15: 0.046406751 | AU15: 0.49312968 | AV15: 0.25828003 | AW15: 0.47274757 | AX15: 0.0039220631 | AY15: 0.32798983 | AZ15: 0.58770019 | BA15: 0.32268222 | BB15: 0.41254707 | BC15: 0.27714276 | BD15: 0.18756963 | BE15: 0.08625976 | BF15: 0.086733302 | BG15: 0.49085628 | BH15: 0.11416067 | BI15: 0.21850239 | BJ15: 0.17989288 | BK15: 0.41513588 | BL15: 0.10086986 | BM15: 0.38539979 | BN15: 0.20057617 | BO15: 0.2318137 | BP15: 0.63640871 | BQ15: 0.30164244
A16: =A15+0.01 -> -49.99 | B16: 0.24320591 | C16: 0.25765987 | D16: 0.2429985 | E16: 0.20042848 | F16: 0.1515822 | G16: 0.041279467 | H16: 0.16591112 | I16: 0.20232481 | J16: 0.18121331 | K16: 0.22694283 | L16: 0.39575241 | M16: 0.27530242 | N16: 0.41164856 | O16: 0.10270941 | P16: 0.15346833 | Q16: 0.44374771 | R16: 0.154277 | S16: 0.072387143 | T16: 0.017523942 | U16: 0.02043822 | V16: 0.38376758 | W16: 0.12190718 | X16: 0.66126761 | Y16: 0.13445062 | Z16: 0.4088692 | AA16: 0.088772039 | AB16: 0.31490623 | AC16: 0.023657961 | AD16: 0.084359896 | AE16: 0.29654892 | AF16: 0.39689127 | AG16: 0.28386146 | AH16: 0.05372743 | AI16: 0.3314519 | AJ16: 0.40836904 | AK16: 0.11987033 | AL16: 0.35169814 | AM16: 0.29059698 | AN16: 0.35021085 | AO16: 0.19300788 | AP16: 0.17676055 | AQ16: 0.072951939 | AR16: 0.40902508 | AS16: 0.34640038 | AT16: 0.046438486 | AU16: 0.49285659 | AV16: 0.25800529 | AW16: 0.47251508 | AX16: 0.0039278624 | AY16: 0.3278062 | AZ16: 0.58753294 | BA16: 0.3222222 | BB16: 0.41205341 | BC16: 0.27687856 | BD16: 0.18731112 | BE16: 0.08613636 | BF16: 0.086621244 | BG16: 0.49063697 | BH16: 0.1139832 | BI16: 0.21826404 | BJ16: 0.17965567 | BK16: 0.4149258 | BL16: 0.1007166 | BM16: 0.38514955 | BN16: 0.20029019 | BO16: 0.23153993 | BP16: 0.63602733 | BQ16: 0.30132502
A17: =A16+0.01 -> -49.98 | B17: 0.2430259 | C17: 0.25731415 | D17: 0.24266241 | E17: 0.20009952 | F17: 0.15143677 | G17: 0.041218881 | H17: 0.16576068 | I17: 0.20214118 | J17: 0.1809521 | K17: 0.22669884 | L17: 0.3953877 | M17: 0.27495738 | N17: 0.41135164 | O17: 0.10256138 | P17: 0.15326508 | Q17: 0.44350739 | R17: 0.15410715 | S17: 0.072313117 | T17: 0.017487238 | U17: 0.020404243 | V17: 0.38350105 | W17: 0.1217809 | X17: 0.66105875 | Y17: 0.13425103 | Z17: 0.4085281 | AA17: 0.088639531 | AB17: 0.31447769 | AC17: 0.02361777 | AD17: 0.084233182 | AE17: 0.29635811 | AF17: 0.39655131 | AG17: 0.28358685 | AH17: 0.053616426 | AI17: 0.33117055 | AJ17: 0.40798686 | AK17: 0.11969707 | AL17: 0.3514708 | AM17: 0.29034376 | AN17: 0.34982322 | AO17: 0.19286933 | AP17: 0.17652753 | AQ17: 0.072854431 | AR17: 0.40873602 | AS17: 0.34608542 | AT17: 0.046470239 | AU17: 0.4925835 | AV17: 0.25773073 | AW17: 0.4722826 | AX17: 0.0039336657 | AY17: 0.32762261 | AZ17: 0.58736567 | BA17: 0.32176247 | BB17: 0.41155992 | BC17: 0.27661448 | BD17: 0.18705286 | BE17: 0.086013117 | BF17: 0.086509277 | BG17: 0.49041767 | BH17: 0.1138059 | BI17: 0.21802586 | BJ17: 0.17941864 | BK17: 0.41471573 | BL17: 0.10056353 | BM17: 0.38489936 | BN17: 0.20000451 | BO17: 0.23126636 | BP17: 0.63564576 | BQ17: 0.3010077
A18: =A17+0.01 -> -49.97 | B18: 0.24284596 | C18: 0.2569687 | D18: 0.24232661 | E18: 0.1997709 | F18: 0.15129144 | G18: 0.041158378 | H18: 0.16561034 | I18: 0.20195768 | J18: 0.18069118 | K18: 0.22645502 | L18: 0.3950231 | M18: 0.2746126 | N18: 0.41105478 | O18: 0.10241346 | P18: 0.15306204 | Q18: 0.4432671 | R18: 0.15393744 | S18: 0.072239155 | T18: 0.017450557 | U18: 0.020370292 | V18: 0.38323458 | W18: 0.12165474 | X18: 0.66084982 | Y18: 0.13405167 | Z18: 0.40818707 | AA18: 0.088507164 | AB18: 0.31404944 | AC18: 0.023577626 | AD18: 0.084106603 | AE18: 0.29616734 | AF18: 0.39621144 | AG18: 0.2833124 | AH18: 0.053505503 | AI18: 0.33088931 | AJ18: 0.40760472 | AK18: 0.11952396 | AL18: 0.35124351 | AM18: 0.29009066 | AN18: 0.34943577 | AO18: 0.19273085 | AP18: 0.17629475 | AQ18: 0.072756983 | AR18: 0.40844702 | AS18: 0.34577058 | AT18: 0.046502008 | AU18: 0.4923104 | AV18: 0.25745635 | AW18: 0.47205012 | AX18: 0.0039394728 | AY18: 0.32743908 | AZ18: 0.58719839 | BA18: 0.32130305 | BB18: 0.4110666 | BC18: 0.27635053 | BD18: 0.18679485 | BE18: 0.085890028 | BF18: 0.086397402 | BG18: 0.49019836 | BH18: 0.11362878 | BI18: 0.21778786 | BJ18: 0.17918179 | BK18: 0.41450568 | BL18: 0.10041065 | BM18: 0.3846492 | BN18: 0.19971913 | BO18: 0.23099301 | BP18: 0.635264 | BQ18: 0.30069047
A19: =A18+0.01 -> -49.96 | B19: 0.24266611 | C19: 0.25662352 | D19: 0.24199113 | E19: 0.1994426 | F19: 0.15114621 | G19: 0.041097957 | H19: 0.16546011 | I19: 0.20177428 | J19: 0.18043053 | K19: 0.22621138 | L19: 0.39465861 | M19: 0.27426807 | N19: 0.41075799 | O19: 0.10226565 | P19: 0.15285921 | Q19: 0.44302684 | R19: 0.15376787 | S19: 0.072165255 | T19: 0.017413901 | U19: 0.020336368 | V19: 0.38296818 | W19: 0.12152869 | X19: 0.66064084 | Y19: 0.13385256 | Z19: 0.40784611 | AA19: 0.08837494 | AB19: 0.3136215 | AC19: 0.023537527 | AD19: 0.08398016 | AE19: 0.29597664 | AF19: 0.39587167 | AG19: 0.2830381 | AH19: 0.05339466 | AI19: 0.33060818 | AJ19: 0.40722262 | AK19: 0.11935099 | AL19: 0.35101627 | AM19: 0.28983769 | AN19: 0.3490485 | AO19: 0.19259242 | AP19: 0.17606221 | AQ19: 0.072659596 | AR19: 0.40815808 | AS19: 0.34545586 | AT19: 0.046533794 | AU19: 0.49203729 | AV19: 0.25718216 | AW19: 0.47181765 | AX19: 0.0039452839 | AY19: 0.3272556 | AZ19: 0.58703108 | BA19: 0.32084393 | BB19: 0.41057345 | BC19: 0.2760867 | BD19: 0.18653707 | BE19: 0.085767095 | BF19: 0.086285619 | BG19: 0.48997906 | BH19: 0.11345183 | BI19: 0.21755003 | BJ19: 0.17894512 | BK19: 0.41429564 | BL19: 0.10025796 | BM19: 0.38439909 | BN19: 0.19943404 | BO19: 0.23071987 | BP19: 0.63488206 | BQ19: 0.30037334
A20: =A19+0.01 -> -49.95 | B20: 0.24248633 | C20: 0.25627861 | D20: 0.24165595 | E20: 0.19911464 | F20: 0.15100109 | G20: 0.04103762 | H20: 0.16530999 | I20: 0.201591 | J20: 0.18017017 | K20: 0.22596791 | L20: 0.39429423 | M20: 0.27392381 | N20: 0.41046125 | O20: 0.10211795 | P20: 0.1526566 | Q20: 0.4427866 | R20: 0.15359844 | S20: 0.072091419 | T20: 0.017377268 | U20: 0.02030247 | V20: 0.38270184 | W20: 0.12140275 | X20: 0.66043179 | Y20: 0.13365367 | Z20: 0.40750523 | AA20: 0.088242859 | AB20: 0.31319386 | AC20: 0.023497474 | AD20: 0.083853853 | AE20: 0.29578599 | AF20: 0.395532 | AG20: 0.28276396 | AH20: 0.053283897 | AI20: 0.33032717 | AJ20: 0.40684056 | AK20: 0.11917817 | AL20: 0.35078908 | AM20: 0.28958483 | AN20: 0.34866141 | AO20: 0.19245406 | AP20: 0.17582991 | AQ20: 0.072562269 | AR20: 0.40786919 | AS20: 0.34514127 | AT20: 0.046565596 | AU20: 0.49176418 | AV20: 0.25690815 | AW20: 0.47158519 | AX20: 0.0039510989 | AY20: 0.32707216 | AZ20: 0.58686375 | BA20: 0.32038512 | BB20: 0.41008047 | BC20: 0.27582299 | BD20: 0.18627954 | BE20: 0.085644316 | BF20: 0.086173928 | BG20: 0.48975976 | BH20: 0.11327506 | BI20: 0.21731238 | BJ20: 0.17870864 | BK20: 0.41408562 | BL20: 0.10010547 | BM20: 0.38414902 | BN20: 0.19914926 | BO20: 0.23044694 | BP20: 0.63449992 | BQ20: 0.30005631
A21: =A20+0.01 -> -49.94 | B21: 0.24230663 | C21: 0.25593397 | D21: 0.24132107 | E21: 0.198787 | F21: 0.15085607 | G21: 0.040977366 | H21: 0.16515998 | I21: 0.20140783 | J21: 0.1799101 | K21: 0.22572462 | L21: 0.39392997 | M21: 0.2735798 | N21: 0.41016458 | O21: 0.10197035 | P21: 0.1524542 | Q21: 0.44254638 | R21: 0.15342915 | S21: 0.072017645 | T21: 0.01734066 | U21: 0.020268599 | V21: 0.38243556 | W21: 0.12127693 | X21: 0.66022267 | Y21: 0.13345503 | Z21: 0.40716441 | AA21: 0.088110919 | AB21: 0.31276652 | AC21: 0.023457466 | AD21: 0.083727682 | AE21: 0.29559539 | AF21: 0.39519243 | AG21: 0.28248997 | AH21: 0.053173214 | AI21: 0.33004627 | AJ21: 0.40645854 | AK21: 0.11900549 | AL21: 0.35056195 | AM21: 0.2893321 | AN21: 0.34827451 | AO21: 0.19231577 | AP21: 0.17559786 | AQ21: 0.072465003 | AR21: 0.40758035 | AS21: 0.34482681 | AT21: 0.046597415 | AU21: 0.49149106 | AV21: 0.25663432 | AW21: 0.47135274 | AX21: 0.0039569179 | AY21: 0.32688877 | AZ21: 0.5866964 | BA21: 0.31992661 | BB21: 0.40958766 | BC21: 0.2755594 | BD21: 0.18602226 | BE21: 0.085521693 | BF21: 0.086062328 | BG21: 0.48954046 | BH21: 0.11309846 | BI21: 0.21707489 | BJ21: 0.17847233 | BK21: 0.41387561 | BL21: 0.099953165 | BM21: 0.383899 | BN21: 0.19886477 | BO21: 0.23017423 | BP21: 0.63411759 | BQ21: 0.29973937
A22: =A21+0.01 -> -49.93 | B22: 0.24212701 | C22: 0.2555896 | D22: 0.2409865 | E22: 0.1984597 | F22: 0.15071115 | G22: 0.040917194 | H22: 0.16501007 | I22: 0.20122477 | J22: 0.17965031 | K22: 0.22548151 | L22: 0.39356581 | M22: 0.27323605 | N22: 0.40986797 | O22: 0.10182285 | P22: 0.15225202 | Q22: 0.44230619 | R22: 0.15325999 | S22: 0.071943934 | T22: 0.017304076 | U22: 0.020234754 | V22: 0.38216934 | W22: 0.12115122 | X22: 0.6600135 | Y22: 0.13325662 | Z22: 0.40682367 | AA22: 0.087979121 | AB22: 0.31233949 | AC22: 0.023417504 | AD22: 0.083601646 | AE22: 0.29540486 | AF22: 0.39485296 | AG22: 0.28221613 | AH22: 0.053062612 | AI22: 0.32976548 | AJ22: 0.40607655 | AK22: 0.11883295 | AL22: 0.35033486 | AM22: 0.2890795 | AN22: 0.3478878 | AO22: 0.19217753 | AP22: 0.17536604 | AQ22: 0.072367797 | AR22: 0.40729157 | AS22: 0.34451247 | AT22: 0.046629251 | AU22: 0.49121795 | AV22: 0.25636067 | AW22: 0.47112029 | AX22: 0.0039627409 | AY22: 0.32670543 | AZ22: 0.58652903 | BA22: 0.31946841 | BB22: 0.40909501 | BC22: 0.27529594 | BD22: 0.18576521 | BE22: 0.085399224 | BF22: 0.08595082 | BG22: 0.48932116 | BH22: 0.11292204 | BI22: 0.21683758 | BJ22: 0.17823621 | BK22: 0.41366562 | BL22: 0.099801055 | BM22: 0.38364901 | BN22: 0.19858059 | BO22: 0.22990173 | BP22: 0.63373507 | BQ22: 0.29942253
A23: =A22+0.01 -> -49.92 | B23: 0.24194746 | C23: 0.2552455 | D23: 0.24065224 | E23: 0.19813272 | F23: 0.15056633 | G23: 0.040857105 | H23: 0.16486028 | I23: 0.20104183 | J23: 0.1793908 | K23: 0.22523857 | L23: 0.39320177 | M23: 0.27289256 | N23: 0.40957142 | O23: 0.10167546 | P23: 0.15205005 | Q23: 0.44206602 | R23: 0.15309098 | S23: 0.071870285 | T23: 0.017267516 | U23: 0.020200935 | V23: 0.38190319 | W23: 0.12102562 | X23: 0.65980426 | Y23: 0.13305844 | Z23: 0.40648301 | AA23: 0.087847464 | AB23: 0.31191276 | AC23: 0.023377587 | AD23: 0.083475745 | AE23: 0.29521438 | AF23: 0.39451359 | AG23: 0.28194245 | AH23: 0.052952089 | AI23: 0.32948482 | AJ23: 0.4056946 | AK23: 0.11866055 | AL23: 0.35010783 | AM23: 0.28882702 | AN23: 0.34750127 | AO23: 0.19203936 | AP23: 0.17513446 | AQ23: 0.07227065 | AR23: 0.40700285 | AS23: 0.34419826 | AT23: 0.046661104 | AU23: 0.49094482 | AV23: 0.25608721 | AW23: 0.47088785 | AX23: 0.0039685679 | AY23: 0.32652215 | AZ23: 0.58636164 | BA23: 0.31901051 | BB23: 0.40860255 | BC23: 0.2750326 | BD23: 0.18550841 | BE23: 0.08527691 | BF23: 0.085839403 | BG23: 0.48910187 | BH23: 0.11274579 | BI23: 0.21660044 | BJ23: 0.17800026 | BK23: 0.41345565 | BL23: 0.099649136 | BM23: 0.38339907 | BN23: 0.1982967 | BO23: 0.22962944 | BP23: 0.63335237 | BQ23: 0.29910578
A24: =A23+0.01 -> -49.91 | B24: 0.241768 | C24: 0.25490168 | D24: 0.24031828 | E24: 0.19780607 | F24: 0.15042162 | G24: 0.040797098 | H24: 0.16471059 | I24: 0.200859 | J24: 0.17913157 | K24: 0.22499581 | L24: 0.39283784 | M24: 0.27254932 | N24: 0.40927493 | O24: 0.10152818 | P24: 0.15184829 | Q24: 0.44182588 | R24: 0.1529221 | S24: 0.0717967 | T24: 0.01723098 | U24: 0.020167142 | V24: 0.3816371 | W24: 0.12090013 | X24: 0.65959496 | Y24: 0.1328605 | Z24: 0.40614241 | AA24: 0.087715949 | AB24: 0.31148633 | AC24: 0.023337715 | AD24: 0.083349979 | AE24: 0.29502395 | AF24: 0.39417432 | AG24: 0.28166892 | AH24: 0.052841646 | AI24: 0.32920426 | AJ24: 0.40531269 | AK24: 0.1184883 | AL24: 0.34988084 | AM24: 0.28857466 | AN24: 0.34711492 | AO24: 0.19190125 | AP24: 0.17490313 | AQ24: 0.072173564 | AR24: 0.40671419 | AS24: 0.34388417 | AT24: 0.046692974 | AU24: 0.49067169 | AV24: 0.25581393 | AW24: 0.47065542 | AX24: 0.0039743988 | AY24: 0.32633891 | AZ24: 0.58619423 | BA24: 0.31855291 | BB24: 0.40811025 | BC24: 0.27476939 | BD24: 0.18525185 | BE24: 0.08515475 | BF24: 0.085728077 | BG24: 0.48888257 | BH24: 0.11256972 | BI24: 0.21636348 | BJ24: 0.1777645 | BK24: 0.41324569 | BL24: 0.099497409 | BM24: 0.38314918 | BN24: 0.19801311 | BO24: 0.22935737 | BP24: 0.63296948 | BQ24: 0.29878914
A25: =A24+0.01 -> -49.9 | B25: 0.24158861 | C25: 0.25455812 | D25: 0.23998462 | E25: 0.19747976 | F25: 0.15027701 | G25: 0.040737174 | H25: 0.16456101 | I25: 0.20067628 | J25: 0.17887262 | K25: 0.22475323 | L25: 0.39247402 | M25: 0.27220635 | N25: 0.40897851 | O25: 0.10138101 | P25: 0.15164675 | Q25: 0.44158576 | R25: 0.15275336 | S25: 0.071723176 | T25: 0.017194468 | U25: 0.020133376 | V25: 0.38137107 | W25: 0.12077476 | X25: 0.65938559 | Y25: 0.1326628 | Z25: 0.4058019 | AA25: 0.087584576 | AB25: 0.31106021 | AC25: 0.023297889 | AD25: 0.083224349 | AE25: 0.29483359 | AF25: 0.39383515 | AG25: 0.28139555 | AH25: 0.052731283 | AI25: 0.32892382 | AJ25: 0.40493082 | AK25: 0.11831619 | AL25: 0.34965391 | AM25: 0.28832242 | AN25: 0.34672876 | AO25: 0.1917632 | AP25: 0.17467203 | AQ25: 0.072076538 | AR25: 0.40642558 | AS25: 0.34357021 | AT25: 0.04672486 | AU25: 0.49039856 | AV25: 0.25554083 | AW25: 0.470423 | AX25: 0.0039802338 | AY25: 0.32615572 | AZ25: 0.5860268 | BA25: 0.31809563 | BB25: 0.40761813 | BC25: 0.27450629 | BD25: 0.18499553 | BE25: 0.085032744 | BF25: 0.085616843 | BG25: 0.48866328 | BH25: 0.11239382 | BI25: 0.21612669 | BJ25: 0.17752891 | BK25: 0.41303574 | BL25: 0.099345873 | BM25: 0.38289933 | BN25: 0.19772982 | BO25: 0.22908551 | BP25: 0.63258639 | BQ25: 0.29847259
A26: =A25+0.01 -> -49.89 | B26: 0.2414093 | C26: 0.25421484 | D26: 0.23965128 | E26: 0.19715377 | F26: 0.1501325 | G26: 0.040677332 | H26: 0.16441153 | I26: 0.20049367 | J26: 0.17861396 | K26: 0.22451082 | L26: 0.39211032 | M26: 0.27186363 | N26: 0.40868214 | O26: 0.10123394 | P26: 0.15144542 | Q26: 0.44134567 | R26: 0.15258477 | S26: 0.071649716 | T26: 0.01715798 | U26: 0.020099636 | V26: 0.38110511 | W26: 0.12064949 | X26: 0.65917617 | Y26: 0.13246533 | Z26: 0.40546145 | AA26: 0.087453344 | AB26: 0.31063439 | AC26: 0.023258107 | AD26: 0.083098853 | AE26: 0.29464327 | AF26: 0.39349608 | AG26: 0.28112234 | AH26: 0.052621 | AI26: 0.3286435 | AJ26: 0.40454899 | AK26: 0.11814422 | AL26: 0.34942703 | AM26: 0.28807031 | AN26: 0.34634279 | AO26: 0.19162522 | AP26: 0.17444118 | AQ26: 0.071979572 | AR26: 0.40613703 | AS26: 0.34325638 | AT26: 0.046756763 | AU26: 0.49012543 | AV26: 0.25526791 | AW26: 0.47019058 | AX26: 0.0039860728 | AY26: 0.32597257 | AZ26: 0.58585935 | BA26: 0.31763865 | BB26: 0.40712619 | BC26: 0.27424332 | BD26: 0.18473946 | BE26: 0.084910892 | BF26: 0.0855057 | BG26: 0.48844399 | BH26: 0.1122181 | BI26: 0.21589006 | BJ26: 0.17729351 | BK26: 0.41282581 | BL26: 0.099194528 | BM26: 0.38264952 | BN26: 0.19744682 | BO26: 0.22881386 | BP26: 0.63220312 | BQ26: 0.29815614
A27: =A26+0.01 -> -49.88 | B27: 0.24123007 | C27: 0.25387183 | D27: 0.23931823 | E27: 0.19682812 | F27: 0.14998809 | G27: 0.040617573 | H27: 0.16426217 | I27: 0.20031118 | J27: 0.17835558 | K27: 0.22426859 | L27: 0.39174673 | M27: 0.27152117 | N27: 0.40838584 | O27: 0.10108697 | P27: 0.1512443 | Q27: 0.4411056 | R27: 0.1524163 | S27: 0.071576318 | T27: 0.017121516 | U27: 0.020065922 | V27: 0.38083921 | W27: 0.12052434 | X27: 0.65896668 | Y27: 0.1322681 | Z27: 0.40512108 | AA27: 0.087322252 | AB27: 0.31020888 | AC27: 0.023218371 | AD27: 0.082973491 | AE27: 0.29445302 | AF27: 0.39315711 | AG27: 0.28084928 | AH27: 0.052510796 | AI27: 0.32836329 | AJ27: 0.4041672 | AK27: 0.1179724 | AL27: 0.34920019 | AM27: 0.28781832 | AN27: 0.34595701 | AO27: 0.1914873 | AP27: 0.17421057 | AQ27: 0.071882665 | AR27: 0.40584854 | AS27: 0.34294268 | AT27: 0.046788684 | AU27: 0.48985229 | AV27: 0.25499518 | AW27: 0.46995817 | AX27: 0.0039919159 | AY27: 0.32578948 | AZ27: 0.58569188 | BA27: 0.31718198 | BB27: 0.40663442 | BC27: 0.27398048 | BD27: 0.18448363 | BE27: 0.084789194 | BF27: 0.085394648 | BG27: 0.4882247 | BH27: 0.11204254 | BI27: 0.21565362 | BJ27: 0.17705828 | BK27: 0.4126159 | BL27: 0.099043374 | BM27: 0.38239975 | BN27: 0.19716413 | BO27: 0.22854242 | BP27: 0.63181967 | BQ27: 0.29783978
... A4015: =A4014+0.01 -> -10 | B4015: 0.56516761 | C4015: 0.60886205 | D4015: 0.70027472 | E4015: 0.43132382 | F4015: 0.98151823 | G4015: 0.63229861 | H4015: 0.51675689 | I4015: 0.47462547 | J4015: 0.80610983 | K4015: 0.9618138 | L4015: 0.67987742 | M4015: 0.43141318 | N4015: 0.29168944 | O4015: 0.51629505 | P4015: 0.71864554 | Q4015: 0.33182772 | R4015: 0.53394171 | S4015: 0.35358839 | T4015: 0.37972416 | U4015: 0.37969521 | V4015: 0.59128643 | W4015: 0.77320445 | X4015: 0.028536431 | Y4015: 0.13865133 | Z4015: 0.44364092 | AA4015: 0.55483549 | AB4015: 0.3317256 | AC4015: 0.46001403 | AD4015: 0.43376392 | AE4015: 0.61873366 | AF4015: 0.23804972 | AG4015: 0.38953087 | AH4015: 0.56608303 | AI4015: 0.33377924 | AJ4015: 0.40014437 | AK4015: 0.55512454 | AL4015: 0.33603986 | AM4015: 0.40005204 | AN4015: 0.28640817 | AO4015: 0.30320161 | AP4015: 0.6475568 | AQ4015: 0.74609582 | AR4015: 0.35428145 | AS4015: 0.32247103 | AT4015: 0.44591232 | AU4015: 0.55700374 | AV4015: 0.33604382 | AW4015: 0.23710226 | AX4015: 0.35855129 | AY4015: 0.58517179 | AZ4015: 0.62914084 | BA4015: 0.29328709 | BB4015: 0.30064528 | BC4015: 0.62736471 | BD4015: 0.40298976 | BE4015: 0.86691116 | BF4015: 0.33303667 | BG4015: 0.42265413 | BH4015: 0.66670786 | BI4015: 0.37815745 | BJ4015: 0.40735892 | BK4015: 0.50146417 | BL4015: 0.16829338 | BM4015: 0.44028091 | BN4015: 0.44732071 | BO4015: 0.36729946 | BP4015: 0.359158 | BQ4015: 0.41576063

Sheet Window_Current_Report
A1: Collector | B1: REdC | C1: REdC | D1: REdC | E1: REdC | F1: REdC | G1: REdC | H1: REdC | I1: REdC | J1: REdC | K1: REdC | L1: REdC | M1: REdC | N1: REdC | O1: REdC | P1: REdC | Q1: REdC | R1: REdC | S1: REdC | T1: REdC | U1: REdC | V1: REdC | W1: REdC | X1: REdC | Y1: REdC | Z1: REdC | AA1: REdC | AB1: REdC | AC1: REdC | AD1: REdC | AE1: REdC | AF1: REdC | AG1: REdC | AH1: REdC | AI1: REdC | AJ1: REdC | AK1: REdC | AL1: REdC | AM1: REdC | AN1: REdC | AO1: REdC | AP1: REdC | AQ1: REdC | AR1: REdC | AS1: REdC | AT1: REdC | AU1: REdC | AV1: REdC | AW1: REdC | AX1: REdC | AY1: REdC | AZ1: REdC | BA1: REdC | BB1: REdC | BC1: REdC | BD1: REdC | BE1: REdC | BF1: REdC | BG1: REdC | BH1: REdC | BI1: REdC | BJ1: REdC | BK1: REdC | BL1: REdC | BM1: REdC | BN1: REdC | BO1: REdC | BP1: REdC | BQ1: REdC | BR1: REdC
A2: Filename_act | B2: WT1_REdC_IV_18704034 | C2: WT3_REdC_IV_17728035 Final | D2: WT4_REdC_IV_18705015 | E2: WT5_REdC_IV_17728025 Final | F2: WT8_REdC_IV | G2: WT9_REdC_IV_17504013 Final | H2: WT10_REdC_IV_1.26.2018 WT cell 2 IV' -120 conditioning | I2: WT11_REdC_IV_17723017 | J2: WT12_REdC_IV_17721049 Final filtered | K2: WT13_REdC_IV_17723001 | L2: WT14_REdC_IV_19n15007 | M2: WT16_REdC_IV_18705033 | N2: WT17_REdC_IV_17721059 | O2: WT20_REdC_IV_18115016 | P2: WT21_REdC_IV_19o30001 (-80:0),WT21_REdC_IV_19o30004(10:+80) | Q2: WT24_REdC_IV_18705003(-80:10),WT24_REdC_IV_18705002(20:+80) | R2: WT25_REdC_IV_18704045 | S2: WT26_REdC_IV_17809014 | T2: WT27_REdC_IV_1.23.2018 IV cell 1 WT | U2: WT28_REdC_IV_1.23.2018 IV cell 1 WT | V2: WT29_REdC_IV_18o19010 | W2: WT30_REdC_IV_1.26.2018 WT cell 1 IV p8 20 sweeps | X2: WT31_REdC_IV_18o07001 | Y2: WT33_REdC_IV_17728018 | Z2: WT38_REdC_IV_19o21015 | AA2: WT39_REdC_IV_17429002 | AB2: WT40_REdC_IV_17810003 | AC2: WT43_REdC_IV_1.26.2018 WT cell 4 IV | AD2: WT44_REdC_IV_1.14.2018 IV cell 2 NaV1.4 wt | AE2: WT47_REdC_IV_19911011 | AF2: WT48_REdC_IV_19n06031 | AG2: WT50_REdC_IV_19n06011 | AH2: WT54_REdC_IV_1.19.2018 IV cell 1 WT | AI2: WT63_REdC_IV_19n07011 | AJ2: WT66_REdC_IV_18704009 | AK2: WT69_REdC_IV_18o18036 | AL2: WT74_REdC_IV_0003.abf | AM2: WT75_REdC_IV_0015.abf | AN2: WT76_REdC_IV_0012.abf | AO2: EPN1_REdC_IV_17725093.abf | AP2: EPN2_REdC_IV_17725017.abf | AQ2: EPN3_REdC_IV_18115045.abf | AR2: EPN4_REdC_IV_IV cell 2 NaV1.4 EPN.abf | AS2: EPN5_REdC_IV_17725043.abf | AT2: EPN6_REdC_IV_1.14.2018 IV cell 1 NaV1.4 EPN.abf | AU2: EPN7_REdC_IV_17718015.abf | AV2: EPN9_REdC_IV_17725067.abf | AW2: EPN11_REdC_IV_17725020.abf | AX2: EPN12_REdC_IV_1.19.2018 IV cell 1 EPN'.abf | AY2: EPN13_REdC_IV_2016_09_30_0015.abf | AZ2: EPN14_REdC_IV_17725071.abf | BA2: EPN18_REdC_IV_0012.abf | BB2: LVNV1_REdC_IV_17724088.abf | BC2: LVNV2_REdC_IV_17724059.abf;LVNV2_REdC_IV_17724048.abf;LVNV2_REdC_IV_17724046.abf | BD2: LVNV3_REdC_IV_17726022.abf | BE2: LVNV4_REdC_IV_17429000.abf | BF2: LVNV5_REdC_IV_17724073.abf | BG2: LVNV6_REdC_IV_19915011.abf | BH2: LVNV7_REdC_IV_19d06007.abf | BI2: LVNV8_REdC_IV_17724003.abf;LVNV8_REdC_IV_17724001.abf | BJ2: LVNV9_REdC_IV_17724034.abf | BK2: LVNV10_REdC_IV_17726060.abf;LVNV10_REdC_IV_17726061.abf | BL2: LVNV12_REdC_IV_19912002.abf | BM2: LVNV14_REdC_IV_17726099.abf;LVNV14_REdC_IV_17726072.abf;LVNV14_REdC_IV_17726074.abf;LVNV14_REdC_IV_17726083.abf;LVNV14_REdC_IV_17726088.abf;LVNV14_REdC_IV_17726095.abf;LVNV14_REdC_IV_17726098.abf;LVNV14_REdC_IV_17726100.abf | BN2: LVNV15_REdC_IV_17724016.abf | BO2: LVNV16_REdC_IV_17726035.abf | BP2: LVNV18_REdC_IV_19911028.abf;LVNV18_REdC_IV_19911026.abf;LVNV18_REdC_IV_19911027.abf;LVNV18_REdC_IV_19911029.abf | BQ2: LVNV20_REdC_IV_17726011.abf
A3: Filename_inact | B3: WT1_REdC_fSSI_18704040 | C3: WT3_REdC_fSSI_17728036 | D3: WT4_REdC_fSSI_18705016 | E3: WT5_REdC_fSSI_17728026 | F3: WT8_REdC_fSSI_1.23.2018 fSSI cell 2 WT | G3: WT9_REdC_fSSI_17504014 | H3: WT10_REdC_fSSI_1.26.2018 WT cell 2 fSSI from -120 | I3: WT11_REdC_fSSI_17723028 | J3: WT12_REdC_fSSI_17721037 | K3: WT13_REdC_fSSI_17723002 | L3: WT14_REdC_fSSI_19n15001 | M3: WT16_REdC_fSSI_18705034 | N3: WT17_REdC_fSSI_17721062 | O3: WT20_REdC_fSSI_18115015 | P3: WT21_REdC_fSSI_19o30003 | Q3: WT24_REdC_fSSI_18705004 | R3: WT25_REdC_fSSI_18704046 | S3: WT26_REdC_fSSI_17809018 | T3: WT27_REdC_fSSI_1.23.2018 fSSI cell 1 WT | U3: WT28_REdC_fSSI_1.23.2018 fSSI cell 1 WT | V3: WT29_REdC_fSSI_18o19011 | W3: WT30_REdC_fSSI_1.26.2018 WT cell 1 Fssi | X3: WT31_REdC_fSSI_18o07002 | Y3: WT33_REdC_fSSI_17728019 | Z3: WT38_REdC_fSSI_19o21003 | AA3: WT39_REdC_fSSI_17429003 | AB3: WT40_REdC_fSSI_17810004 | AC3: WT43_REdC_fSSI_1.26.2018 WT cell 4 fSSI | AD3: WT44_REdC_fSSI_1.14.2018 fSSI cell 2 NaV1.4 wt | AE3: WT47_REdC_fSSI_19911006 | AF3: WT48_REdC_fSSI_19n06033 | AG3: WT50_REdC_fSSI_19n06001 | AH3: WT54_REdC_fSSI_1.19.2018 fSSI cell 1 WT | AI3: WT63_REdC_fSSI_19n07001 | AJ3: WT66_REdC_fSSI_18704010 | AK3: WT69_REdC_fSSI_18o19004 | AL3: WT74_REdC_capac_0000.abf | AM3: WT75_REdC_capac_0000 | AN3: WT76_REdC_fSSI_0011.abf | AO3: EPN1_REdC_fSSI_17725094.abf | AP3: EPN2_REdC_fSSI_17725003.abf | AQ3: EPN3_REdC_fSSI_18115041.abf | AR3: EPN4_REdC_fSSI_fSSI cell 2 NaV1.4 EPN.abf | AS3: EPN5_REdC_fSSI_17725042.abf | AT3: EPN6_REdC_fSSI_1.14.2018 fSSI cell 1 NaV1.4 EPN.abf | AU3: EPN7_REdC_fSSI_17718002.abf | AV3: EPN9_REdC_fSSI_17725069.abf | AW3: EPN11_REdC_fSSI_17725022.abf | AX3: EPN12_REdC_fSSI_1.19.2018 fSSI cell 1 EPN.abf | AY3: EPN13_REdC_fSSI_2016_09_30_0008.abf | AZ3: EPN14_REdC_fSSI_17725073.abf | BA3: EPN18_REdC_fSSI_0008.abf | BB3: LVNV1_REdC_fSSI_17724087.abf | BC3: LVNV2_REdC_fSSI_17724049.abf | BD3: LVNV3_REdC_fSSI_17726025.abf | BE3: LVNV4_REdC_fSSI_17429003.abf | BF3: LVNV5_REdC_fSSI_17724076.abf | BG3: LVNV6_REdC_fSSI_19915014.abf | BH3: LVNV7_REdC_fSSI_19d06005.abf | BI3: LVNV8_REdC_fSSI_17724004.abf | BJ3: LVNV9_REdC_fSSI_17724035.abf | BK3: LVNV10_REdC_fSSI_17726051.abf | BL3: LVNV12_REdC_fSSI_19912003.abf | BM3: LVNV14_REdC_fSSI_17726075.abf;LVNV14_REdC_fSSI_17726087.abf;LVNV14_REdC_fSSI_17726094.abf | BN3: LVNV15_REdC_fSSI_17724017.abf | BO3: LVNV16_REdC_fSSI_17726037.abf | BP3: LVNV18_REdC_fSSI_19911030.abf | BQ3: LVNV20_REdC_fSSI_17726012.abf
A4: Genotype | B4: WT | C4: WT | D4: WT | E4: WT | F4: WT | G4: WT | H4: WT | I4: WT | J4: WT | K4: WT | L4: WT | M4: WT | N4: WT | O4: WT | P4: WT | Q4: WT | R4: WT | S4: WT | T4: WT | U4: WT | V4: WT | W4: WT | X4: WT | Y4: WT | Z4: WT | AA4: WT | AB4: WT | AC4: WT | AD4: WT | AE4: WT | AF4: WT | AG4: WT | AH4: WT | AI4: WT | AJ4: WT | AK4: WT | AL4: WT | AM4: WT | AN4: WT | AO4: EPN | AP4: EPN | AQ4: EPN | AR4: EPN | AS4: EPN | AT4: EPN | AU4: EPN | AV4: EPN | AW4: EPN | AX4: EPN | AY4: EPN | AZ4: EPN | BA4: EPN | BB4: LVNV | BC4: LVNV | BD4: LVNV | BE4: LVNV | BF4: LVNV | BG4: LVNV | BH4: LVNV | BI4: LVNV | BJ4: LVNV | BK4: LVNV | BL4: LVNV | BM4: LVNV | BN4: LVNV | BO4: LVNV | BP4: LVNV | BQ4: LVNV
A5: CellID | B5: WT1 | C5: WT3 | D5: WT4 | E5: WT5 | F5: WT8 | G5: WT9 | H5: WT10 | I5: WT11 | J5: WT12 | K5: WT13 | L5: WT14 | M5: WT16 | N5: WT17 | O5: WT20 | P5: WT21 | Q5: WT24 | R5: WT25 | S5: WT26 | T5: WT27 | U5: WT28 | V5: WT29 | W5: WT30 | X5: WT31 | Y5: WT33 | Z5: WT38 | AA5: WT39 | AB5: WT40 | AC5: WT43 | AD5: WT44 | AE5: WT47 | AF5: WT48 | AG5: WT50 | AH5: WT54 | AI5: WT63 | AJ5: WT66 | AK5: WT69 | AL5: WT74 | AM5: WT75 | AN5: WT76 | AO5: EPN1 | AP5: EPN2 | AQ5: EPN3 | AR5: EPN4 | AS5: EPN5 | AT5: EPN6 | AU5: EPN7 | AV5: EPN9 | AW5: EPN11 | AX5: EPN12 | AY5: EPN13 | AZ5: EPN14 | BA5: EPN18 | BB5: LVNV1 | BC5: LVNV2 | BD5: LVNV3 | BE5: LVNV4 | BF5: LVNV5 | BG5: LVNV6 | BH5: LVNV7 | BI5: LVNV8 | BJ5: LVNV9 | BK5: LVNV10 | BL5: LVNV12 | BM5: LVNV14 | BN5: LVNV15 | BO5: LVNV16 | BP5: LVNV18 | BQ5: LVNV20
A6: V_act_Erev | B6: -11.893189 | C6: -13.113383 | D6: -14.492698 | E6: -7.2988876 | F6: -24.776988 | G6: -12.295355 | H6: -10.347405 | I6: -9.4066368 | J6: -16.731332 | K6: -22.439747 | L6: -13.95828 | M6: -8.1928835 | N6: -4.2792807 | O6: -10.667967 | P6: -14.49881 | Q6: -6.2567251 | R6: -10.897064 | S6: -6.1586836 | T6: -5.5955477 | U6: -6.072556 | V6: -12.354167 | W6: -13.411517 | X6: 6.2185301 | Y6: 7.2454954 | Z6: -8.3078498 | AA6: -11.596596 | AB6: -4.7036246 | AC6: -8.9175 | AD6: -7.8455289 | AE6: -13.523399 | AF6: -3.76205 | AG6: -7.2084227 | AH6: -12.5865 | AI6: -5.310725 | AJ6: -4.36795 | AK6: -11.971919 | AL6: -4.105028 | AM6: -7.4050458 | AN6: -2.2405886 | AO6: -3.224202 | AP6: -12.063375 | AQ6: -17.510011 | AR6: -5.8318676 | AS6: -4.4054419 | AT6: -6.9000827 | AU6: -11.89204 | AV6: -5.2631182 | AW6: -1.6437874 | AX6: -5.2489907 | AY6: -12.191047 | AZ6: -13.376909 | BA6: -0.76719344 | BB6: -3.7037154 | BC6: -13.950467 | BD6: -6.7575734 | BE6: -17.517262 | BF6: -3.1999735 | BG6: -8.9048019 | BH6: -15.142334 | BI6: -6.3117674 | BJ6: -6.1017701 | BK6: -10.86271 | BL6: 4.0810617 | BM6: -8.3455382 | BN6: -8.7834957 | BO6: -6.0719264 | BP6: -3.8530842 | BQ6: -5.256282
A7: k_act_Erev | B7: 6.4829144 | C7: 7.0134718 | D7: 5.2872971 | E7: 9.7912631 | F7: 3.6054903 | G7: 4.2309302 | H7: 4.4851231 | I7: 6.6388003 | J7: 4.7195387 | K7: 3.8166171 | L7: 5.206627 | M7: 6.5853558 | N7: 6.6405857 | O7: 9.6830389 | P7: 4.7881119 | Q7: 5.9690346 | R7: 6.3728018 | S7: 6.4196143 | T7: 8.9916863 | U7: 8.0157498 | V7: 5.8942386 | W7: 2.7655786 | X7: 6.4011585 | Y7: 9.4502473 | Z7: 7.8713322 | AA7: 7.2134055 | AB7: 7.5708541 | AC7: 6.7669796 | AD7: 8.1187186 | AE7: 6.5533518 | AF7: 5.4196226 | AG7: 6.324599 | AH7: 9.6662384 | AI7: 6.9319466 | AJ7: 14.288264 | AK7: 8.8055881 | AL7: 9.4084188 | AM7: 6.6223184 | AN7: 8.5304158 | AO7: 8.5439597 | AP7: 3.3832945 | AQ7: 6.9329192 | AR7: 7.2694205 | AS7: 7.6395251 | AT7: 14.27214 | AU7: 6.6809011 | AV7: 7.0121505 | AW7: 7.9633693 | AX7: 8.1680531 | AY7: 5.2496131 | AZ7: 3.7302858 | BA7: 10.506408 | BB7: 7.4671515 | BC7: 7.4181175 | BD7: 8.2821358 | BE7: 4.0079812 | BF7: 9.8466314 | BG7: 5.5988693 | BH7: 7.4022557 | BI7: 7.4941831 | BJ7: 10.492991 | BK7: 7.8308324 | BL7: 8.8195383 | BM7: 8.4795329 | BN7: 5.7751146 | BO7: 7.2650782 | BP7: 10.846425 | BQ7: 14.502148
A8: V_inact | B8: -61.810949 | C8: -55.892692 | D8: -56.233799 | E8: -56.913929 | F8: -65.497748 | G8: -70.671663 | H8: -64.871759 | I8: -62.242112 | J8: -58.611412 | K8: -58.859281 | L8: -52.754045 | M8: -55.598744 | N8: -52.885693 | O8: -66.052187 | P8: -60.972634 | Q8: -52.294763 | R8: -63.342266 | S8: -73.829378 | T8: -80.63667 | U8: -80.618315 | V8: -54.180115 | W8: -66.72168 | X8: -42.800769 | Y8: -61.018268 | Z8: -52.511469 | AA8: -65.294088 | AB8: -53.889759 | AC8: -74.8926 | AD8: -65.772452 | AE8: -59.592561 | AF8: -52.933589 | AG8: -56.858692 | AH8: -69.180191 | AI8: -55.516487 | AJ8: -51.44691 | AK8: -63.622345 | AL8: -56.060698 | AM8: -57.283956 | AN8: -53.579678 | AO8: -66.612182 | AP8: -59.593911 | AQ8: -71.529866 | AR8: -53.025927 | AS8: -54.535528 | AT8: -68.194174 | AU8: -50.132349 | AV8: -57.387775 | AW8: -51.084895 | AX8: -76.922049 | AY8: -58.644583 | AZ8: -44.856575 | BA8: -53.43682 | BB8: -51.705697 | BC8: -57.383966 | BD8: -58.836399 | BE8: -65.18164 | BF8: -68.748043 | BG8: -50.389338 | BH8: -62.798126 | BI8: -59.242373 | BJ8: -59.971943 | BK8: -53.813671 | BL8: -63.252571 | BM8: -54.301519 | BN8: -57.781133 | BO8: -57.851471 | BP8: -46.169783 | BQ8: -55.009096
A9: k_inact | B9: 10.553981 | C9: 5.7237352 | D9: 5.5268137 | E9: 5.2988996 | F9: 9.0417403 | G9: 6.5826891 | H9: 9.221333 | I9: 9.020873 | J9: 5.7388038 | K9: 7.2610634 | L9: 6.5956369 | M9: 5.8477095 | N9: 8.2047188 | O9: 8.0482252 | P9: 6.44893 | Q9: 10.321226 | R9: 7.92437 | S9: 9.4056536 | T9: 8.3320957 | U9: 8.322194 | V9: 8.9825225 | W9: 8.473987 | X9: 10.73606 | Y9: 5.9863673 | Z9: 7.2448369 | AA9: 6.7415608 | AB9: 5.0935077 | AC9: 6.8702441 | AD9: 6.8177301 | AE9: 11.356479 | AF9: 7.0486514 | AG9: 7.4682192 | AH9: 7.6020746 | AI9: 7.9577312 | AJ9: 6.9521182 | AK9: 7.2727332 | AL9: 10.492476 | AM9: 8.2446078 | AN9: 5.9636938 | AO9: 11.839401 | AP9: 6.2429619 | AQ9: 8.9223955 | AR9: 8.4682083 | AS9: 7.288802 | AT9: 2.03296 | AU9: 9.3232706 | AV9: 7.0621269 | AW9: 10.860821 | AX9: 3.2219705 | AY9: 12.108689 | AZ9: 14.501146 | BA9: 4.9100407 | BB9: 4.9426887 | BC9: 8.0208437 | BD9: 6.1749463 | BE9: 6.4428448 | BF9: 8.3297467 | BG9: 11.456721 | BH9: 6.5181594 | BI9: 7.350763 | BJ9: 7.0302699 | BK9: 12.098751 | BL9: 6.1243312 | BM9: 9.8665096 | BN9: 5.6477136 | BO9: 6.6263361 | BP9: 6.1694331 | BQ9: 7.8328246
A10: V_act_inact_ratio | B10: 0.1121117 | C10: 0.2270925 | D10: 0.24294066 | E10: 0.1495061 | F10: 0.3709406 | G10: 0.17312637 | H10: 0.12619429 | I10: 0.15100925 | J10: 0.2638464 | K10: 0.38543151 | L10: 0.26451326 | M10: 0.11802908 | N10: 0.073240165 | O10: 0.31107104 | P10: 0.23057682 | Q10: 0.1510726 | R10: 0.15830075 | S10: 0.07708217 | T10: 0.063546858 | U10: 0.075724603 | V10: 0.21604168 | W10: 0.26489173 | X10: -0.18248798 | Y10: -0.15045984 | Z10: 0.13524701 | AA10: 0.14874249 | AB10: 0.079087285 | AC10: 0.12357387 | AD10: 0.094808687 | AE10: 0.22058212 | AF10: 0.031076171 | AG10: 0.10347469 | AH10: 0.17863142 | AI10: 0.11947623 | AJ10: 0.12153925 | AK10: 0.1528321 | AL10: 0.037667223 | AM10: 0.11971337 | AN10: 0.079616439 | AO10: 0.037335983 | AP10: 0.20570397 | AQ10: 0.21627171 | AR10: 0.038301973 | AS10: 0.031280214 | AT10: 0.10985387 | AU10: 0.25839888 | AV10: 0.11403231 | AW10: 0.037332147 | AX10: -0.0034052025 | AY10: 0.1945506 | AZ10: 0.18572923 | BA10: 0.061070153 | BB10: 0.055607287 | BC10: 0.18211345 | BD10: 0.090870196 | BE10: 0.20569697 | BF10: 0.08389477 | BG10: 0.18049508 | BH10: 0.24675775 | BI10: 0.090180344 | BJ10: 0.050012121 | BK10: 0.16743803 | BL10: -0.099977309 | BM10: 0.13526435 | BN10: 0.1534026 | BO10: 0.13968537 | BP10: 0.13697891 | BQ10: -0.16002883
A11: k_act_inact_ratio | B11: 0.88376099 | C11: 1.2525901 | D11: 1.0681363 | E11: 1.7810977 | F11: 0.43090824 | G11: 0.66721778 | H11: 0.88261856 | I11: 0.73588112 | J11: 0.97002603 | K11: 0.46706783 | L11: 0.8022279 | M11: 1.3047135 | N11: 0.87974226 | O11: 0.90649421 | P11: 0.81251489 | Q11: 0.48722569 | R11: 0.86064261 | S11: 0.70772479 | T11: 1.0784257 | U11: 1.0213779 | V11: 0.73180333 | W11: 0.85048299 | X11: 0.64346482 | Y11: 2.0033054 | Z11: 1.2309222 | AA11: 1.2315183 | AB11: 1.5556398 | AC11: 1.0095806 | AD11: 1.1828648 | AE11: 0.65449759 | AF11: 0.868894 | AG11: 0.95670207 | AH11: 1.204728 | AI11: 0.77173124 | AJ11: 1.2431394 | AK11: 0.99599135 | AL11: 0.82913813 | AM11: 0.82799163 | AN11: 1.3105502 | AO11: 0.7413739 | AP11: 1.4416633 | AQ11: 0.93647952 | AR11: 1.1289323 | AS11: 1.2550607 | AT11: 4.9883456 | AU11: 0.69376275 | AV11: 0.95303843 | AW11: 0.73754856 | AX11: 3.2395084 | AY11: 0.46788694 | AZ11: 0.47646185 | BA11: 1.6668969 | BB11: 1.6506613 | BC11: 0.95414349 | BD11: 1.4087121 | BE11: 0.8982963 | BF11: 1.0435611 | BG11: 0.54863398 | BH11: 1.0413236 | BI11: 1.1379669 | BJ11: 1.349291 | BK11: 0.65407265 | BL11: 1.4060273 | BM11: 0.82618337 | BN11: 1.0239905 | BO11: 1.0239067 | BP11: 1.2900002 | BQ11: 1.7171643
A12: I_max_current_density | B12: -1083.4116 | C12: -228.12117 | D12: -595.72975 | E12: -822.36902 | F12: -366.84891 | G12: -969.31199 | H12: -508.80304 | I12: -105.93359 | J12: -433.45572 | K12: -180.17218 | L12: -206.23072 | M12: -154.9775 | N12: -212.62512 | O12: -135.17437 | P12: -238.92971 | Q12: -146.37058 | R12: -223.98672 | S12: -248.20879 | T12: -347.04925 | U12: -340.80464 | V12: -57.275416 | W12: -352.16318 | X12: -92.013773 | Y12: -261.54702 | Z12: -159.14069 | AA12: -138.88617 | AB12: -84.411819 | AC12: -106.85205 | AD12: -194.74397 | AE12: -77.728871 | AF12: -68.086536 | AG12: -112.27736 | AH12: -57.608602 | AI12: -41.270992 | AJ12: -33.220616 | AK12: -27.241381 | AL12: -36.182465 | AM12: -132.08839 | AN12: -24.547995 | AO12: -278.99706 | AP12: -317.17217 | AQ12: -190.59813 | AR12: -353.37388 | AS12: -139.87579 | AT12: -84.63518 | AU12: -62.340107 | AV12: -83.431577 | AW12: -40.936519 | AX12: -128.11198 | AY12: -24.989662 | AZ12: -13.343705 | BA12: -22.181283 | BB12: -61.917711 | BC12: -86.945365 | BD12: -116.50274 | BE12: -369.05681 | BF12: -118.67455 | BG12: -100.50035 | BH12: -126.76929 | BI12: -50.903207 | BJ12: -80.608738 | BK12: -13.143409 | BL12: -57.31447 | BM12: -42.659623 | BN12: -77.892754 | BO12: -24.996315 | BP12: -57.868413 | BQ12: -42.227423
A13: lnImax | B13: 6.9878703 | C13: 5.4298769 | D13: 6.3897871 | E13: 6.7121892 | F13: 5.9049501 | G13: 6.8765865 | H13: 6.232061 | I13: 4.6628124 | J13: 6.0717896 | K13: 5.193913 | L13: 5.3289955 | M13: 5.04328 | N13: 5.3595306 | O13: 4.9065656 | P13: 5.4761694 | Q13: 4.9861416 | R13: 5.4115868 | S13: 5.5142703 | T13: 5.8494667 | U13: 5.8313094 | V13: 4.0478715 | W13: 5.8640946 | X13: 4.5219383 | Y13: 5.5666141 | Z13: 5.0697887 | AA13: 4.9336547 | AB13: 4.4357074 | AC13: 4.6714452 | AD13: 5.2716857 | AE13: 4.3532268 | AF13: 4.2207795 | AG13: 4.7209722 | AH13: 4.0536719 | AI13: 3.7201599 | AJ13: 3.5031706 | AK13: 3.3047372 | AL13: 3.5885746 | AM13: 4.8834713 | AN13: 3.2006302 | AO13: 5.6312012 | AP13: 5.7594447 | AQ13: 5.2501672 | AR13: 5.8675267 | AS13: 4.9407548 | AT13: 4.43835 | AU13: 4.132605 | AV13: 4.4240269 | AW13: 3.7120225 | AX13: 4.8529048 | AY13: 3.2184622 | AZ13: 2.5910447 | BA13: 3.0992488 | BB13: 4.1258063 | BC13: 4.4652799 | BD13: 4.7579148 | BE13: 5.9109506 | BF13: 4.7763849 | BG13: 4.6101612 | BH13: 4.8423688 | BI13: 3.9299259 | BJ13: 4.389607 | BK13: 2.5759204 | BL13: 4.0485531 | BM13: 3.7532529 | BN13: 4.3553329 | BO13: 3.2187284 | BP13: 4.0581717 | BQ13: 3.7430698
A14: E(I_window_peak) | B14: -30.89 | C14: -36.67 | D14: -34.91 | E14: -39.49 | F14: -36.39 | G14: -35.15 | H14: -28.18 | I14: -31.81 | J14: -35.64 | K14: -34.99 | L14: -31.07 | M14: -33.3 | N14: -26.02 | O14: -40.91 | P14: -34.31 | Q14: -23.13 | R14: -34.27 | S14: -33.6 | T14: -44.54 | U14: -42.64 | V14: -28.93 | W14: -26.52 | X14: -12.09 | Y14: -34.55 | Z14: -31.33 | AA14: -39.35 | AB14: -34.11 | AC14: -41.66 | AD14: -39.34 | AE14: -30.39 | AF14: -25.14 | AG14: -29.98 | AH14: -44.27 | AI14: -28.68 | AJ14: -36.04 | AK14: -40.25 | AL14: -28.67 | AM14: -29.62 | AN14: -32.46 | AO14: -29.79 | AP14: -28.76 | AQ14: -41.14 | AR14: -27.63 | AS14: -30.05 | AT14: -50 | AU14: -27.86 | AV14: -31.23 | AW14: -22.55 | AX14: -50 | AY14: -26.24 | AZ14: -19.82 | BA14: -36.66 | BB14: -32.59 | BC14: -34.81 | BD14: -36.59 | BE14: -35.8 | BF14: -38.7 | BG14: -22.52 | BH14: -40.48 | BI14: -33.03 | BJ14: -38.36 | BK14: -27.74 | BL14: -35.65 | BM14: -29.59 | BN14: -33.56 | BO14: -33.15 | BP14: -30.83 | BQ14: -37.56
A15: I_window_max_fraction | B15: 0.050676432 | C15: 0.033609252 | D15: 0.020601466 | E15: 0.035994235 | F15: 0.038385847 | G15: 0.004488217 | H15: 0.018416079 | I15: 0.033098451 | J15: 0.01787237 | K15: 0.035974112 | L15: 0.036036295 | M15: 0.021613895 | N15: 0.036476948 | O15: 0.042160499 | P15: 0.015710688 | Q15: 0.05589295 | R15: 0.02490157 | S15: 0.013726504 | T15: 0.012981516 | U15: 0.010333783 | V15: 0.056667956 | W15: 0.0086640611 | X15: 0.054156963 | Y15: 0.01185959 | Z15: 0.05094066 | AA15: 0.020887903 | AB15: 0.020150782 | AC15: 0.0078561666 | AD15: 0.020248036 | AE15: 0.07084794 | AF15: 0.018992314 | AG15: 0.026584631 | AH15: 0.036342478 | AI15: 0.033206387 | AJ15: 0.098265438 | AK15: 0.038739749 | AL15: 0.0684366 | AM15: 0.033746209 | AN15: 0.028125543 | AO15: 0.042724958 | AP15: 0.0071389864 | AQ15: 0.032034745 | AR15: 0.047488862 | AS15: 0.033672341 | AT15: 0.046536523 | AU15: 0.083931452 | AV15: 0.024053513 | AW15: 0.067527963 | AX15: 0.004157044 | AY15: 0.06439314 | AZ15: 0.15094123 | BA15: 0.031790604 | BB15: 0.02046328 | BC15: 0.056680687 | BD15: 0.026544722 | BE15: 0.010337532 | BF15: 0.026460211 | BG15: 0.080781461 | BH15: 0.031585394 | BI15: 0.027513053 | BJ15: 0.044181393 | BK15: 0.10384297 | BL15: 0.010933919 | BM15: 0.075481801 | BN15: 0.013516724 | BO15: 0.023495851 | BP15: 0.076762442 | BQ15: 0.097306908

Sheet Window_Current_Central_Tendency
A1: WT_Iwp_average_voltage | B1: WT_Iwp_S.D._voltage | C1: WT_Iwp_sm_voltage | D1: WT_Iwp_average_fraction | E1: WT_Iwp_S.D._fraction | F1: WT_Iwp_sm_fraction | G1: WT_med_voltage | H1: WT_q3_voltage | I1: WT_q1_voltage | J1: WT_med_fraction | K1: WT_q3_fraction | L1: WT_q1_fraction | M1: EPN_Iwp_average_voltage | N1: EPN_Iwp_S.D._voltage | O1: EPN_Iwp_sm_voltage | P1: EPN_Iwp_average_fraction | Q1: EPN_Iwp_S.D._fraction | R1: EPN_Iwp_sm_fraction | S1: EPN_med_voltage | T1: EPN_q3_voltage | U1: EPN_q1_voltage | V1: EPN_med_fraction | W1: EPN_q3_fraction | X1: EPN_q1_fraction | Y1: LVNV_Iwp_average_voltage | Z1: LVNV_Iwp_S.D._voltage | AA1: LVNV_Iwp_sm_voltage | AB1: LVNV_Iwp_average_fraction | AC1: LVNV_Iwp_S.D._fraction | AD1: LVNV_Iwp_sm_fraction | AE1: LVNV_med_voltage | AF1: LVNV_q3_voltage | AG1: LVNV_q1_voltage | AH1: LVNV_med_fraction | AI1: LVNV_q3_fraction | AJ1: LVNV_q1_fraction
A2: -33.36641 | B2: 6.33668 | C2: 1.0146809 | D2: 0.032401808 | E2: 0.019796591 | F2: 0.0031699916 | G2: -34.11 | H2: -29.62 | I2: -36.67 | J2: 0.033098451 | K2: 0.038739749 | L2: 0.018416079 | M2: -33.196207 | N2: 7.0807972 | O2: 1.314871 | P2: 0.046975163 | Q2: 0.034161544 | R2: 0.0063436394 | S2: -33.03 | T2: -28.31 | U2: -37.11 | V2: 0.033672341 | W2: 0.071504882 | X2: 0.023774682 | Y2: -33.81 | Z2: 4.5667844 | AA2: 1.1416961 | AB2: 0.045368022 | AC2: 0.031769463 | AD2: 0.0079423659 | AE2: -34.185 | AF2: -31.27 | AG2: -37.3175 | AH2: 0.029549224 | AI2: 0.076442282 | AJ2: 0.021221423

Sheet Avg_Window_curves
B1: WT_V_act_average | C1: WT_V_act_S.D. | D1: WT_V_act_sem | E1: WT_V_act_med | F1: WT_V_act_q3 | G1: WT_V_act_q1 | H1: EPN_V_act_average | I1: EPN_V_act_S.D. | J1: EPN_V_act_sem | K1: EPN_V_act_med | L1: EPN_V_act_q3 | M1: EPN_V_act_q1 | N1: LVNV_V_act_average | O1: LVNV_V_act_S.D. | P1: LVNV_V_act_sem | Q1: LVNV_V_act_med | R1: LVNV_V_act_q3 | S1: LVNV_V_act_q1
B2: =AVERAGE(Window_Current_Report!B6:AN6) -> -9.1160976 | D2: =STDEV(Window_Current_Report!B6:AN6)/SQRT(COUNT(Window_Current_Report!B6:AN6)) -> 0.9765105 | H2: =AVERAGE(Window_Current_Report!AO6:BA6) -> -7.7167743 | J2: =STDEV(Window_Current_Report!AO6:BA6)/SQRT(COUNT(Window_Current_Report!AO6:BA6)) -> 1.4253783 | N2: =AVERAGE(Window_Current_Report!BB6:BQ6) -> -7.5426024 | P2: =STDEV(Window_Current_Report!BB6:BQ6)/SQRT(COUNT(Window_Current_Report!BB6:BQ6)) -> 1.3027034
B3: WT_k_act_average | C3: WT_k_act_S.D. | D3: WT_k_act_sem | E3: WT_k_act_med | F3: WT_k_act_q3 | G3: WT_k_act_q1 | H3: EPN_k_act_average | I3: EPN_k_act_S.D. | J3: EPN_k_act_sem | K3: EPN_k_act_med | L3: EPN_k_act_q3 | M3: EPN_k_act_q1 | N3: LVNV_k_act_average | O3: LVNV_k_act_S.D. | P3: LVNV_k_act_sem | Q3: LVNV_k_act_med | R3: LVNV_k_act_q3 | S3: LVNV_k_act_q1
B4: =AVERAGE(Window_Current_Report!B7:AN7) -> 6.9063418 | D4: =STDEV(Window_Current_Report!B7:AN7)/SQRT(COUNT(Window_Current_Report!B7:AN7)) -> 0.34550594 | H4: =AVERAGE(Window_Current_Report!AO7:BA7) -> 7.4886185 | J4: =STDEV(Window_Current_Report!AO7:BA7)/SQRT(COUNT(Window_Current_Report!AO7:BA7)) -> 0.77697198 | N4: =AVERAGE(Window_Current_Report!BB7:BQ7) -> 8.2205617 | P4: =STDEV(Window_Current_Report!BB7:BQ7)/SQRT(COUNT(Window_Current_Report!BB7:BQ7)) -> 0.60781064
B5: WT_V_inact_average | C5: WT_V_inact_S.D. | D5: WT_V_inact_sem | E5: WT_V_inact_med | F5: WT_V_inact_q3 | G5: WT_V_inact_q1 | H5: EPN_V_inact_average | I5: EPN_V_inact_S.D. | J5: EPN_V_inact_sem | K5: EPN_V_inact_med | L5: EPN_V_inact_q3 | M5: EPN_V_inact_q1 | N5: LVNV_V_inact_average | O5: LVNV_V_inact_S.D. | P5: LVNV_V_inact_sem | Q5: LVNV_V_inact_med | R5: LVNV_V_inact_q3 | S5: LVNV_V_inact_q1
B6: =AVERAGE(Window_Current_Report!B8:AN8) -> -60.608881 | D6: =STDEV(Window_Current_Report!B8:AN8)/SQRT(COUNT(Window_Current_Report!B8:AN8)) -> 1.3105855 | H6: =AVERAGE(Window_Current_Report!AO8:BA8) -> -58.919741 | J6: =STDEV(Window_Current_Report!AO8:BA8)/SQRT(COUNT(Window_Current_Report!AO8:BA8)) -> 2.5963 | N6: =AVERAGE(Window_Current_Report!BB8:BQ8) -> -57.652298 | P6: =STDEV(Window_Current_Report!BB8:BQ8)/SQRT(COUNT(Window_Current_Report!BB8:BQ8)) -> 1.4433738
B7: WT_k_inact_average | C7: WT_k_inact_S.D. | D7: WT_k_inact_sem | E7: WT_k_inact_med | F7: WT_k_inact_q3 | G7: WT_k_inact_q1 | H7: EPN_k_inact_average | I7: EPN_k_inact_S.D. | J7: EPN_k_inact_sem | K7: EPN_k_inact_med | L7: EPN_k_inact_q3 | M7: EPN_k_inact_q1 | N7: LVNV_k_inact_average | O7: LVNV_k_inact_S.D. | P7: LVNV_k_inact_sem | Q7: LVNV_k_inact_med | R7: LVNV_k_inact_q3 | S7: LVNV_k_inact_q1
B8: =AVERAGE(Window_Current_Report!B9:AN9) -> 7.7109306 | D8: =STDEV(Window_Current_Report!B9:AN9)/SQRT(COUNT(Window_Current_Report!B9:AN9)) -> 0.26034522 | H8: =AVERAGE(Window_Current_Report!AO9:BA9) -> 8.214061 | J8: =STDEV(Window_Current_Report!AO9:BA9)/SQRT(COUNT(Window_Current_Report!AO9:BA9)) -> 1.0024089 | N8: =AVERAGE(Window_Current_Report!BB9:BQ9) -> 7.5395552 | P8: =STDEV(Window_Current_Report!BB9:BQ9)/SQRT(COUNT(Window_Current_Report!BB9:BQ9)) -> 0.50796679
B9: WT_Iwp_average_voltage | C9: WT_Iwp_S.D._voltage | D9: WT_Iwp_sm_voltage | E9: WT_med_voltage | F9: WT_q3_voltage | G9: WT_q1_voltage | H9: EPN_Iwp_average_voltage | I9: EPN_Iwp_S.D._voltage | J9: EPN_Iwp_sm_voltage | K9: EPN_med_voltage | L9: EPN_q3_voltage | M9: EPN_q1_voltage | N9: LVNV_Iwp_average_voltage | O9: LVNV_Iwp_S.D._voltage | P9: LVNV_Iwp_sm_voltage | Q9: LVNV_med_voltage | R9: LVNV_q3_voltage | S9: LVNV_q1_voltage
B10: -33.36641 | C10: 6.33668 | D10: 1.0146809 | E10: -34.11 | F10: -29.62 | G10: -36.67 | H10: -33.196207 | I10: 7.0807972 | J10: 1.314871 | K10: -33.03 | L10: -28.31 | M10: -37.11 | N10: -33.81 | O10: 4.5667844 | P10: 1.1416961 | Q10: -34.185 | R10: -31.27 | S10: -37.3175
B11: WT_Iwp_average_fraction | C11: WT_Iwp_S.D._fraction | D11: WT_Iwp_sm_fraction | E11: WT_med_fraction | F11: WT_q3_fraction | G11: WT_q1_fraction | H11: EPN_Iwp_average_fraction | I11: EPN_Iwp_S.D._fraction | J11: EPN_Iwp_sm_fraction | K11: EPN_med_fraction | L11: EPN_q3_fraction | M11: EPN_q1_fraction | N11: LVNV_Iwp_average_fraction | O11: LVNV_Iwp_S.D._fraction | P11: LVNV_Iwp_sm_fraction | Q11: LVNV_med_fraction | R11: LVNV_q3_fraction | S11: LVNV_q1_fraction
B12: 0.032401808 | C12: 0.019796591 | D12: 0.0031699916 | E12: 0.033098451 | F12: 0.038739749 | G12: 0.018416079 | H12: 0.046975163 | I12: 0.034161544 | J12: 0.0063436394 | K12: 0.033672341 | L12: 0.071504882 | M12: 0.023774682 | N12: 0.045368022 | O12: 0.031769463 | P12: 0.0079423659 | Q12: 0.029549224 | R12: 0.076442282 | S12: 0.021221423
A13: Test_or_Pre-pulse_Potential_(mV) | B13: WT_fSSI_average | C13: WT_fSSI+sem | D13: WT_fSSI-sem | E13: WT_SSA | F13: WT_SSA+sem | G13: WT_SSA-sem | H13: EPN_fSSI_average | I13: EPN_fSSI+sem | J13: EPN_fSSI-sem | K13: EPN_SSA | L13: EPN_SSA+sem | M13: EPN_SSA-sem | N13: LVNV_fSSI_average | O13: LVNV_fSSI+sem | P13: LVNV_fSSI-sem | Q13: LVNV_SSA | R13: LVNV_SSA+sem | S13: LVNV_SSA-sem
A14: -50 | B14: =(1)/(1+(EXP(($A14-$B$6)/$B$8))) -> 0.20168058 | C14: =(1)/(1+(EXP(($A14-($B$6+$D$6))/$B$8))) -> 0.23043457 | D14: =(1)/(1+(EXP(($A14-($B$6-$D$6))/$B$8))) -> 0.1756954 | E14: =((-1)/(1+(EXP(($A14-$B$2)/$B$4))))+1 -> 0.0026786438 | F14: =((-1)/(1+(EXP(($A14-($B$2-$D$2))/$B$4))))+1 -> 0.0030842151 | G14: =((-1)/(1+(EXP(($A14-($B$2+$D$2))/$B$4))))+1 -> 0.0023262803 | H14: =(1)/(1+(EXP(($A14-$H$6)/$H$8))) -> 0.252389 | I14: =(1)/(1+(EXP(($A14-($H$6+$J$6))/$H$8))) -> 0.31651561 | J14: =(1)/(1+(EXP(($A14-($H$6-$J$6))/$H$8))) -> 0.19750033 | K14: =((-1)/(1+(EXP(($A14-$H$2)/$H$4))))+1 -> 0.0035180227 | L14: =((-1)/(1+(EXP(($A14-($H$2-$J$2))/$H$4))))+1 -> 0.0042524746 | M14: =((-1)/(1+(EXP(($A14-($H$2+$J$2))/$H$4))))+1 -> 0.0029100485 | N14: =(1)/(1+(EXP(($A14-$N$6)/$N$8))) -> 0.26601156 | O14: =(1)/(1+(EXP(($A14-($N$6+$P$6))/$N$8))) -> 0.30501838 | P14: =(1)/(1+(EXP(($A14-($N$6-$P$6))/$N$8))) -> 0.23033977 | Q14: =((-1)/(1+(EXP(($A14-$N$2)/$N$4))))+1 -> 0.0056818484 | R14: =((-1)/(1+(EXP(($A14-($N$2-$P$2))/$N$4))))+1 -> 0.0066510207 | S14: =((-1)/(1+(EXP(($A14-($N$2+$P$2))/$N$4))))+1 -> 0.0048532119
A15: =A14+0.01 -> -49.99 | B15: =(1)/(1+(EXP(($A15-$B$6)/$B$8))) -> 0.20147186 | C15: =(1)/(1+(EXP(($A15-($B$6+$D$6))/$B$8))) -> 0.23020468 | D15: =(1)/(1+(EXP(($A15-($B$6-$D$6))/$B$8))) -> 0.17550766 | E15: =((-1)/(1+(EXP(($A15-$B$2)/$B$4))))+1 -> 0.0026825147 | F15: =((-1)/(1+(EXP(($A15-($B$2-$D$2))/$B$4))))+1 -> 0.0030886703 | G15: =((-1)/(1+(EXP(($A15-($B$2+$D$2))/$B$4))))+1 -> 0.0023296432 | H15: =(1)/(1+(EXP(($A15-$H$6)/$H$8))) -> 0.25215936 | I15: =(1)/(1+(EXP(($A15-($H$6+$J$6))/$H$8))) -> 0.3162523 | J15: =(1)/(1+(EXP(($A15-($H$6-$J$6))/$H$8))) -> 0.19730745 | K15: =((-1)/(1+(EXP(($A15-$H$2)/$H$4))))+1 -> 0.0035227071 | L15: =((-1)/(1+(EXP(($A15-($H$2-$J$2))/$H$4))))+1 -> 0.0042581328 | M15: =((-1)/(1+(EXP(($A15-($H$2+$J$2))/$H$4))))+1 -> 0.0029139257 | N15: =(1)/(1+(EXP(($A15-$N$6)/$N$8))) -> 0.26575267 | O15: =(1)/(1+(EXP(($A15-($N$6+$P$6))/$N$8))) -> 0.3047373 | P15: =(1)/(1+(EXP(($A15-($N$6-$P$6))/$N$8))) -> 0.23010471 | Q15: =((-1)/(1+(EXP(($A15-$N$2)/$N$4))))+1 -> 0.0056887251 | R15: =((-1)/(1+(EXP(($A15-($N$2-$P$2))/$N$4))))+1 -> 0.0066590624 | S15: =((-1)/(1+(EXP(($A15-($N$2+$P$2))/$N$4))))+1 -> 0.0048590905
A16: =A15+0.01 -> -49.98 | B16: =(1)/(1+(EXP(($A16-$B$6)/$B$8))) -> 0.2012633 | C16: =(1)/(1+(EXP(($A16-($B$6+$D$6))/$B$8))) -> 0.22997494 | D16: =(1)/(1+(EXP(($A16-($B$6-$D$6))/$B$8))) -> 0.17532008 | E16: =((-1)/(1+(EXP(($A16-$B$2)/$B$4))))+1 -> 0.0026863912 | F16: =((-1)/(1+(EXP(($A16-($B$2-$D$2))/$B$4))))+1 -> 0.0030931319 | G16: =((-1)/(1+(EXP(($A16-($B$2+$D$2))/$B$4))))+1 -> 0.002333011 | H16: =(1)/(1+(EXP(($A16-$H$6)/$H$8))) -> 0.25192985 | I16: =(1)/(1+(EXP(($A16-($H$6+$J$6))/$H$8))) -> 0.3159891 | J16: =(1)/(1+(EXP(($A16-($H$6-$J$6))/$H$8))) -> 0.19711471 | K16: =((-1)/(1+(EXP(($A16-$H$2)/$H$4))))+1 -> 0.0035273977 | L16: =((-1)/(1+(EXP(($A16-($H$2-$J$2))/$H$4))))+1 -> 0.0042637985 | M16: =((-1)/(1+(EXP(($A16-($H$2+$J$2))/$H$4))))+1 -> 0.0029178081 | N16: =(1)/(1+(EXP(($A16-$N$6)/$N$8))) -> 0.26549395 | O16: =(1)/(1+(EXP(($A16-($N$6+$P$6))/$N$8))) -> 0.30445636 | P16: =(1)/(1+(EXP(($A16-($N$6-$P$6))/$N$8))) -> 0.22986983 | Q16: =((-1)/(1+(EXP(($A16-$N$2)/$N$4))))+1 -> 0.0056956099 | R16: =((-1)/(1+(EXP(($A16-($N$2-$P$2))/$N$4))))+1 -> 0.0066671138 | S16: =((-1)/(1+(EXP(($A16-($N$2+$P$2))/$N$4))))+1 -> 0.0048649762
A17: =A16+0.01 -> -49.97 | B17: =(1)/(1+(EXP(($A17-$B$6)/$B$8))) -> 0.2010549 | C17: =(1)/(1+(EXP(($A17-($B$6+$D$6))/$B$8))) -> 0.22974536 | D17: =(1)/(1+(EXP(($A17-($B$6-$D$6))/$B$8))) -> 0.17513266 | E17: =((-1)/(1+(EXP(($A17-$B$2)/$B$4))))+1 -> 0.0026902733 | F17: =((-1)/(1+(EXP(($A17-($B$2-$D$2))/$B$4))))+1 -> 0.0030975999 | G17: =((-1)/(1+(EXP(($A17-($B$2+$D$2))/$B$4))))+1 -> 0.0023363836 | H17: =(1)/(1+(EXP(($A17-$H$6)/$H$8))) -> 0.25170048 | I17: =(1)/(1+(EXP(($A17-($H$6+$J$6))/$H$8))) -> 0.31572603 | J17: =(1)/(1+(EXP(($A17-($H$6-$J$6))/$H$8))) -> 0.19692211 | K17: =((-1)/(1+(EXP(($A17-$H$2)/$H$4))))+1 -> 0.0035320946 | L17: =((-1)/(1+(EXP(($A17-($H$2-$J$2))/$H$4))))+1 -> 0.0042694716 | M17: =((-1)/(1+(EXP(($A17-($H$2+$J$2))/$H$4))))+1 -> 0.0029216956 | N17: =(1)/(1+(EXP(($A17-$N$6)/$N$8))) -> 0.26523538 | O17: =(1)/(1+(EXP(($A17-($N$6+$P$6))/$N$8))) -> 0.30417556 | P17: =(1)/(1+(EXP(($A17-($N$6-$P$6))/$N$8))) -> 0.22963511 | Q17: =((-1)/(1+(EXP(($A17-$N$2)/$N$4))))+1 -> 0.0057025031 | R17: =((-1)/(1+(EXP(($A17-($N$2-$P$2))/$N$4))))+1 -> 0.0066751748 | S17: =((-1)/(1+(EXP(($A17-($N$2+$P$2))/$N$4))))+1 -> 0.0048708691
A18: =A17+0.01 -> -49.96 | B18: =(1)/(1+(EXP(($A18-$B$6)/$B$8))) -> 0.20084667 | C18: =(1)/(1+(EXP(($A18-($B$6+$D$6))/$B$8))) -> 0.22951595 | D18: =(1)/(1+(EXP(($A18-($B$6-$D$6))/$B$8))) -> 0.17494539 | E18: =((-1)/(1+(EXP(($A18-$B$2)/$B$4))))+1 -> 0.002694161 | F18: =((-1)/(1+(EXP(($A18-($B$2-$D$2))/$B$4))))+1 -> 0.0031020744 | G18: =((-1)/(1+(EXP(($A18-($B$2+$D$2))/$B$4))))+1 -> 0.0023397611 | H18: =(1)/(1+(EXP(($A18-$H$6)/$H$8))) -> 0.25147125 | I18: =(1)/(1+(EXP(($A18-($H$6+$J$6))/$H$8))) -> 0.31546307 | J18: =(1)/(1+(EXP(($A18-($H$6-$J$6))/$H$8))) -> 0.19672965 | K18: =((-1)/(1+(EXP(($A18-$H$2)/$H$4))))+1 -> 0.0035367976 | L18: =((-1)/(1+(EXP(($A18-($H$2-$J$2))/$H$4))))+1 -> 0.0042751523 | M18: =((-1)/(1+(EXP(($A18-($H$2+$J$2))/$H$4))))+1 -> 0.0029255883 | N18: =(1)/(1+(EXP(($A18-$N$6)/$N$8))) -> 0.26497698 | O18: =(1)/(1+(EXP(($A18-($N$6+$P$6))/$N$8))) -> 0.30389491 | P18: =(1)/(1+(EXP(($A18-($N$6-$P$6))/$N$8))) -> 0.22940056 | Q18: =((-1)/(1+(EXP(($A18-$N$2)/$N$4))))+1 -> 0.0057094046 | R18: =((-1)/(1+(EXP(($A18-($N$2-$P$2))/$N$4))))+1 -> 0.0066832456 | S18: =((-1)/(1+(EXP(($A18-($N$2+$P$2))/$N$4))))+1 -> 0.004876769
A19: =A18+0.01 -> -49.95 | B19: =(1)/(1+(EXP(($A19-$B$6)/$B$8))) -> 0.20063859 | C19: =(1)/(1+(EXP(($A19-($B$6+$D$6))/$B$8))) -> 0.22928669 | D19: =(1)/(1+(EXP(($A19-($B$6-$D$6))/$B$8))) -> 0.17475828 | E19: =((-1)/(1+(EXP(($A19-$B$2)/$B$4))))+1 -> 0.0026980543 | F19: =((-1)/(1+(EXP(($A19-($B$2-$D$2))/$B$4))))+1 -> 0.0031065553 | G19: =((-1)/(1+(EXP(($A19-($B$2+$D$2))/$B$4))))+1 -> 0.0023431435 | H19: =(1)/(1+(EXP(($A19-$H$6)/$H$8))) -> 0.25124216 | I19: =(1)/(1+(EXP(($A19-($H$6+$J$6))/$H$8))) -> 0.31520023 | J19: =(1)/(1+(EXP(($A19-($H$6-$J$6))/$H$8))) -> 0.19653734 | K19: =((-1)/(1+(EXP(($A19-$H$2)/$H$4))))+1 -> 0.003541507 | L19: =((-1)/(1+(EXP(($A19-($H$2-$J$2))/$H$4))))+1 -> 0.0042808406 | M19: =((-1)/(1+(EXP(($A19-($H$2+$J$2))/$H$4))))+1 -> 0.0029294862 | N19: =(1)/(1+(EXP(($A19-$N$6)/$N$8))) -> 0.26471874 | O19: =(1)/(1+(EXP(($A19-($N$6+$P$6))/$N$8))) -> 0.30361441 | P19: =(1)/(1+(EXP(($A19-($N$6-$P$6))/$N$8))) -> 0.22916618 | Q19: =((-1)/(1+(EXP(($A19-$N$2)/$N$4))))+1 -> 0.0057163144 | R19: =((-1)/(1+(EXP(($A19-($N$2-$P$2))/$N$4))))+1 -> 0.006691326 | S19: =((-1)/(1+(EXP(($A19-($N$2+$P$2))/$N$4))))+1 -> 0.004882676
A20: =A19+0.01 -> -49.94 | B20: =(1)/(1+(EXP(($A20-$B$6)/$B$8))) -> 0.20043068 | C20: =(1)/(1+(EXP(($A20-($B$6+$D$6))/$B$8))) -> 0.2290576 | D20: =(1)/(1+(EXP(($A20-($B$6-$D$6))/$B$8))) -> 0.17457133 | E20: =((-1)/(1+(EXP(($A20-$B$2)/$B$4))))+1 -> 0.0027019532 | F20: =((-1)/(1+(EXP(($A20-($B$2-$D$2))/$B$4))))+1 -> 0.0031110427 | G20: =((-1)/(1+(EXP(($A20-($B$2+$D$2))/$B$4))))+1 -> 0.0023465307 | H20: =(1)/(1+(EXP(($A20-$H$6)/$H$8))) -> 0.25101321 | I20: =(1)/(1+(EXP(($A20-($H$6+$J$6))/$H$8))) -> 0.31493751 | J20: =(1)/(1+(EXP(($A20-($H$6-$J$6))/$H$8))) -> 0.19634516 | K20: =((-1)/(1+(EXP(($A20-$H$2)/$H$4))))+1 -> 0.0035462225 | L20: =((-1)/(1+(EXP(($A20-($H$2-$J$2))/$H$4))))+1 -> 0.0042865363 | M20: =((-1)/(1+(EXP(($A20-($H$2+$J$2))/$H$4))))+1 -> 0.0029333893 | N20: =(1)/(1+(EXP(($A20-$N$6)/$N$8))) -> 0.26446065 | O20: =(1)/(1+(EXP(($A20-($N$6+$P$6))/$N$8))) -> 0.30333405 | P20: =(1)/(1+(EXP(($A20-($N$6-$P$6))/$N$8))) -> 0.22893197 | Q20: =((-1)/(1+(EXP(($A20-$N$2)/$N$4))))+1 -> 0.0057232324 | R20: =((-1)/(1+(EXP(($A20-($N$2-$P$2))/$N$4))))+1 -> 0.0066994161 | S20: =((-1)/(1+(EXP(($A20-($N$2+$P$2))/$N$4))))+1 -> 0.0048885902
A21: =A20+0.01 -> -49.93 | B21: =(1)/(1+(EXP(($A21-$B$6)/$B$8))) -> 0.20022293 | C21: =(1)/(1+(EXP(($A21-($B$6+$D$6))/$B$8))) -> 0.22882867 | D21: =(1)/(1+(EXP(($A21-($B$6-$D$6))/$B$8))) -> 0.17438453 | E21: =((-1)/(1+(EXP(($A21-$B$2)/$B$4))))+1 -> 0.0027058577 | F21: =((-1)/(1+(EXP(($A21-($B$2-$D$2))/$B$4))))+1 -> 0.0031155365 | G21: =((-1)/(1+(EXP(($A21-($B$2+$D$2))/$B$4))))+1 -> 0.0023499228 | H21: =(1)/(1+(EXP(($A21-$H$6)/$H$8))) -> 0.2507844 | I21: =(1)/(1+(EXP(($A21-($H$6+$J$6))/$H$8))) -> 0.31467491 | J21: =(1)/(1+(EXP(($A21-($H$6-$J$6))/$H$8))) -> 0.19615313 | K21: =((-1)/(1+(EXP(($A21-$H$2)/$H$4))))+1 -> 0.0035509443 | L21: =((-1)/(1+(EXP(($A21-($H$2-$J$2))/$H$4))))+1 -> 0.0042922396 | M21: =((-1)/(1+(EXP(($A21-($H$2+$J$2))/$H$4))))+1 -> 0.0029372975 | N21: =(1)/(1+(EXP(($A21-$N$6)/$N$8))) -> 0.26420273 | O21: =(1)/(1+(EXP(($A21-($N$6+$P$6))/$N$8))) -> 0.30305384 | P21: =(1)/(1+(EXP(($A21-($N$6-$P$6))/$N$8))) -> 0.22869793 | Q21: =((-1)/(1+(EXP(($A21-$N$2)/$N$4))))+1 -> 0.0057301589 | R21: =((-1)/(1+(EXP(($A21-($N$2-$P$2))/$N$4))))+1 -> 0.006707516 | S21: =((-1)/(1+(EXP(($A21-($N$2+$P$2))/$N$4))))+1 -> 0.0048945114
A22: =A21+0.01 -> -49.92 | B22: =(1)/(1+(EXP(($A22-$B$6)/$B$8))) -> 0.20001534 | C22: =(1)/(1+(EXP(($A22-($B$6+$D$6))/$B$8))) -> 0.2285999 | D22: =(1)/(1+(EXP(($A22-($B$6-$D$6))/$B$8))) -> 0.1741979 | E22: =((-1)/(1+(EXP(($A22-$B$2)/$B$4))))+1 -> 0.0027097679 | F22: =((-1)/(1+(EXP(($A22-($B$2-$D$2))/$B$4))))+1 -> 0.0031200368 | G22: =((-1)/(1+(EXP(($A22-($B$2+$D$2))/$B$4))))+1 -> 0.0023533198 | H22: =(1)/(1+(EXP(($A22-$H$6)/$H$8))) -> 0.25055572 | I22: =(1)/(1+(EXP(($A22-($H$6+$J$6))/$H$8))) -> 0.31441242 | J22: =(1)/(1+(EXP(($A22-($H$6-$J$6))/$H$8))) -> 0.19596124 | K22: =((-1)/(1+(EXP(($A22-$H$2)/$H$4))))+1 -> 0.0035556724 | L22: =((-1)/(1+(EXP(($A22-($H$2-$J$2))/$H$4))))+1 -> 0.0042979505 | M22: =((-1)/(1+(EXP(($A22-($H$2+$J$2))/$H$4))))+1 -> 0.0029412109 | N22: =(1)/(1+(EXP(($A22-$N$6)/$N$8))) -> 0.26394498 | O22: =(1)/(1+(EXP(($A22-($N$6+$P$6))/$N$8))) -> 0.30277377 | P22: =(1)/(1+(EXP(($A22-($N$6-$P$6))/$N$8))) -> 0.22846405 | Q22: =((-1)/(1+(EXP(($A22-$N$2)/$N$4))))+1 -> 0.0057370936 | R22: =((-1)/(1+(EXP(($A22-($N$2-$P$2))/$N$4))))+1 -> 0.0067156255 | S22: =((-1)/(1+(EXP(($A22-($N$2+$P$2))/$N$4))))+1 -> 0.0049004399
A23: =A22+0.01 -> -49.91 | B23: =(1)/(1+(EXP(($A23-$B$6)/$B$8))) -> 0.19980791 | C23: =(1)/(1+(EXP(($A23-($B$6+$D$6))/$B$8))) -> 0.22837129 | D23: =(1)/(1+(EXP(($A23-($B$6-$D$6))/$B$8))) -> 0.17401142 | E23: =((-1)/(1+(EXP(($A23-$B$2)/$B$4))))+1 -> 0.0027136836 | F23: =((-1)/(1+(EXP(($A23-($B$2-$D$2))/$B$4))))+1 -> 0.0031245436 | G23: =((-1)/(1+(EXP(($A23-($B$2+$D$2))/$B$4))))+1 -> 0.0023567217 | H23: =(1)/(1+(EXP(($A23-$H$6)/$H$8))) -> 0.25032719 | I23: =(1)/(1+(EXP(($A23-($H$6+$J$6))/$H$8))) -> 0.31415006 | J23: =(1)/(1+(EXP(($A23-($H$6-$J$6))/$H$8))) -> 0.1957695 | K23: =((-1)/(1+(EXP(($A23-$H$2)/$H$4))))+1 -> 0.0035604068 | L23: =((-1)/(1+(EXP(($A23-($H$2-$J$2))/$H$4))))+1 -> 0.0043036689 | M23: =((-1)/(1+(EXP(($A23-($H$2+$J$2))/$H$4))))+1 -> 0.0029451295 | N23: =(1)/(1+(EXP(($A23-$N$6)/$N$8))) -> 0.26368738 | O23: =(1)/(1+(EXP(($A23-($N$6+$P$6))/$N$8))) -> 0.30249385 | P23: =(1)/(1+(EXP(($A23-($N$6-$P$6))/$N$8))) -> 0.22823034 | Q23: =((-1)/(1+(EXP(($A23-$N$2)/$N$4))))+1 -> 0.0057440367 | R23: =((-1)/(1+(EXP(($A23-($N$2-$P$2))/$N$4))))+1 -> 0.0067237448 | S23: =((-1)/(1+(EXP(($A23-($N$2+$P$2))/$N$4))))+1 -> 0.0049063754
A24: =A23+0.01 -> -49.9 | B24: =(1)/(1+(EXP(($A24-$B$6)/$B$8))) -> 0.19960064 | C24: =(1)/(1+(EXP(($A24-($B$6+$D$6))/$B$8))) -> 0.22814284 | D24: =(1)/(1+(EXP(($A24-($B$6-$D$6))/$B$8))) -> 0.1738251 | E24: =((-1)/(1+(EXP(($A24-$B$2)/$B$4))))+1 -> 0.0027176051 | F24: =((-1)/(1+(EXP(($A24-($B$2-$D$2))/$B$4))))+1 -> 0.0031290569 | G24: =((-1)/(1+(EXP(($A24-($B$2+$D$2))/$B$4))))+1 -> 0.0023601285 | H24: =(1)/(1+(EXP(($A24-$H$6)/$H$8))) -> 0.25009879 | I24: =(1)/(1+(EXP(($A24-($H$6+$J$6))/$H$8))) -> 0.31388781 | J24: =(1)/(1+(EXP(($A24-($H$6-$J$6))/$H$8))) -> 0.19557789 | K24: =((-1)/(1+(EXP(($A24-$H$2)/$H$4))))+1 -> 0.0035651474 | L24: =((-1)/(1+(EXP(($A24-($H$2-$J$2))/$H$4))))+1 -> 0.0043093949 | M24: =((-1)/(1+(EXP(($A24-($H$2+$J$2))/$H$4))))+1 -> 0.0029490534 | N24: =(1)/(1+(EXP(($A24-$N$6)/$N$8))) -> 0.26342994 | O24: =(1)/(1+(EXP(($A24-($N$6+$P$6))/$N$8))) -> 0.30221408 | P24: =(1)/(1+(EXP(($A24-($N$6-$P$6))/$N$8))) -> 0.2279968 | Q24: =((-1)/(1+(EXP(($A24-$N$2)/$N$4))))+1 -> 0.0057509881 | R24: =((-1)/(1+(EXP(($A24-($N$2-$P$2))/$N$4))))+1 -> 0.0067318739 | S24: =((-1)/(1+(EXP(($A24-($N$2+$P$2))/$N$4))))+1 -> 0.0049123181
A25: =A24+0.01 -> -49.89 | B25: =(1)/(1+(EXP(($A25-$B$6)/$B$8))) -> 0.19939353 | C25: =(1)/(1+(EXP(($A25-($B$6+$D$6))/$B$8))) -> 0.22791455 | D25: =(1)/(1+(EXP(($A25-($B$6-$D$6))/$B$8))) -> 0.17363894 | E25: =((-1)/(1+(EXP(($A25-$B$2)/$B$4))))+1 -> 0.0027215321 | F25: =((-1)/(1+(EXP(($A25-($B$2-$D$2))/$B$4))))+1 -> 0.0031335767 | G25: =((-1)/(1+(EXP(($A25-($B$2+$D$2))/$B$4))))+1 -> 0.0023635403 | H25: =(1)/(1+(EXP(($A25-$H$6)/$H$8))) -> 0.24987053 | I25: =(1)/(1+(EXP(($A25-($H$6+$J$6))/$H$8))) -> 0.31362568 | J25: =(1)/(1+(EXP(($A25-($H$6-$J$6))/$H$8))) -> 0.19538643 | K25: =((-1)/(1+(EXP(($A25-$H$2)/$H$4))))+1 -> 0.0035698943 | L25: =((-1)/(1+(EXP(($A25-($H$2-$J$2))/$H$4))))+1 -> 0.0043151285 | M25: =((-1)/(1+(EXP(($A25-($H$2+$J$2))/$H$4))))+1 -> 0.0029529824 | N25: =(1)/(1+(EXP(($A25-$N$6)/$N$8))) -> 0.26317267 | O25: =(1)/(1+(EXP(($A25-($N$6+$P$6))/$N$8))) -> 0.30193445 | P25: =(1)/(1+(EXP(($A25-($N$6-$P$6))/$N$8))) -> 0.22776343 | Q25: =((-1)/(1+(EXP(($A25-$N$2)/$N$4))))+1 -> 0.0057579479 | R25: =((-1)/(1+(EXP(($A25-($N$2-$P$2))/$N$4))))+1 -> 0.0067400127 | S25: =((-1)/(1+(EXP(($A25-($N$2+$P$2))/$N$4))))+1 -> 0.004918268
A26: =A25+0.01 -> -49.88 | B26: =(1)/(1+(EXP(($A26-$B$6)/$B$8))) -> 0.19918659 | C26: =(1)/(1+(EXP(($A26-($B$6+$D$6))/$B$8))) -> 0.22768642 | D26: =(1)/(1+(EXP(($A26-($B$6-$D$6))/$B$8))) -> 0.17345293 | E26: =((-1)/(1+(EXP(($A26-$B$2)/$B$4))))+1 -> 0.0027254649 | F26: =((-1)/(1+(EXP(($A26-($B$2-$D$2))/$B$4))))+1 -> 0.003138103 | G26: =((-1)/(1+(EXP(($A26-($B$2+$D$2))/$B$4))))+1 -> 0.0023669569 | H26: =(1)/(1+(EXP(($A26-$H$6)/$H$8))) -> 0.24964241 | I26: =(1)/(1+(EXP(($A26-($H$6+$J$6))/$H$8))) -> 0.31336368 | J26: =(1)/(1+(EXP(($A26-($H$6-$J$6))/$H$8))) -> 0.19519511 | K26: =((-1)/(1+(EXP(($A26-$H$2)/$H$4))))+1 -> 0.0035746476 | L26: =((-1)/(1+(EXP(($A26-($H$2-$J$2))/$H$4))))+1 -> 0.0043208697 | M26: =((-1)/(1+(EXP(($A26-($H$2+$J$2))/$H$4))))+1 -> 0.0029569167 | N26: =(1)/(1+(EXP(($A26-$N$6)/$N$8))) -> 0.26291555 | O26: =(1)/(1+(EXP(($A26-($N$6+$P$6))/$N$8))) -> 0.30165497 | P26: =(1)/(1+(EXP(($A26-($N$6-$P$6))/$N$8))) -> 0.22753023 | Q26: =((-1)/(1+(EXP(($A26-$N$2)/$N$4))))+1 -> 0.0057649161 | R26: =((-1)/(1+(EXP(($A26-($N$2-$P$2))/$N$4))))+1 -> 0.0067481613 | S26: =((-1)/(1+(EXP(($A26-($N$2+$P$2))/$N$4))))+1 -> 0.004924225
... A4014: =A4013+0.01 -> -10 | B4014: =(1)/(1+(EXP(($A4014-$B$6)/$B$8))) -> 0.0014092816 | C4014: =(1)/(1+(EXP(($A4014-($B$6+$D$6))/$B$8))) -> 0.0016699332 | D4014: =(1)/(1+(EXP(($A4014-($B$6-$D$6))/$B$8))) -> 0.0011892653 | E4014: =((-1)/(1+(EXP(($A4014-$B$2)/$B$4))))+1 -> 0.46804756 | F4014: =((-1)/(1+(EXP(($A4014-($B$2-$D$2))/$B$4))))+1 -> 0.50335223 | G4014: =((-1)/(1+(EXP(($A4014-($B$2+$D$2))/$B$4))))+1 -> 0.43305993 | H4014: =(1)/(1+(EXP(($A4014-$H$6)/$H$8))) -> 0.0025845663 | I4014: =(1)/(1+(EXP(($A4014-($H$6+$J$6))/$H$8))) -> 0.0035419498 | J4014: =(1)/(1+(EXP(($A4014-($H$6-$J$6))/$H$8))) -> 0.0018854725 | K4014: =((-1)/(1+(EXP(($A4014-$H$2)/$H$4))))+1 -> 0.42436184 | L4014: =((-1)/(1+(EXP(($A4014-($H$2-$J$2))/$H$4))))+1 -> 0.4713929 | M4014: =((-1)/(1+(EXP(($A4014-($H$2+$J$2))/$H$4))))+1 -> 0.3786618 | N4014: =(1)/(1+(EXP(($A4014-$N$6)/$N$8))) -> 0.0017961603 | O4014: =(1)/(1+(EXP(($A4014-($N$6+$P$6))/$N$8))) -> 0.0021743125 | P4014: =(1)/(1+(EXP(($A4014-($N$6-$P$6))/$N$8))) -> 0.0014836779 | Q4014: =((-1)/(1+(EXP(($A4014-$N$2)/$N$4))))+1 -> 0.42581833 | R4014: =((-1)/(1+(EXP(($A4014-($N$2-$P$2))/$N$4))))+1 -> 0.46494159 | S4014: =((-1)/(1+(EXP(($A4014-($N$2+$P$2))/$N$4))))+1 -> 0.38760233

Sheet k_act_V_act_by_GT_Eeq
A1: Genotype | B1: V_act_Eeq | C1: k_act_Eeq | D1: V_inact_Eeq | E1: k_inact_Eeq | G1: WT_V_act_Eeq | H1: WT_k_act_Eeq | I1: WT_V_inact_Eeq | J1: WT_k_inact_Eeq | K1: EPN_V_act_Eeq | L1: EPN_k_act_Eeq | M1: EPN_V_inact_Eeq | N1: EPN_k_inact_Eeq | O1: LVNV_V_act_Eeq | P1: LVNV_k_act_Eeq | Q1: LVNV_V_inact_Eeq | R1: LVNV_k_inact_Eeq | U1: WT_V_act_Eeq | V1: WT_k_act_Eeq | W1: WT_V_inact_Eeq | X1: WT_k_inact_Eeq | Y1: EPN_V_act_Eeq | Z1: EPN_k_act_Eeq | AA1: EPN_V_inact_Eeq | AB1: EPN_k_inact_Eeq | AC1: LVNV_V_act_Eeq | AD1: LVNV_k_act_Eeq | AE1: LVNV_V_inact_Eeq | AF1: LVNV_k_inact_Eeq
A2: WT | B2: -6.9297309 | C2: 9.3271968 | D2: -61.810949 | E2: 10.553981 | G2: -6.9297309 | H2: 9.3271968 | I2: -61.810949 | J2: 10.553981 | K2: -2.4870313 | L2: 8.7774231 | M2: -66.612182 | N2: 11.839401 | O2: -2.8752135 | P2: 8.158705 | Q2: -51.705697 | R2: 4.9426887 | T2: Average | U2: =AVERAGE(G2:G41) -> -8.7665418 | V2: =AVERAGE(H2:H41) -> 7.2509657 | W2: =AVERAGE(I2:I41) -> -60.570616 | X2: =AVERAGE(J2:J41) -> 7.7724911 | Y2: =AVERAGE(K2:K41) -> -6.5839372 | Z2: =AVERAGE(L2:L41) -> 8.2606319 | AA2: =AVERAGE(M2:M41) -> -58.919741 | AB2: =AVERAGE(N2:N41) -> 8.214061 | ... AF2: =AVERAGE(R2:R41) -> 7.5395552
A3: WT | B3: -12.692811 | C3: 7.1694941 | D3: -55.892692 | E3: 5.7237352 | G3: -12.692811 | H3: 7.1694941 | I3: -55.892692 | J3: 5.7237352 | K3: -12.258704 | L3: 9.0002487 | M3: -59.593911 | N3: 6.2429619 | O3: -10.450392 | P3: 7.6530359 | Q3: -57.383966 | R3: 8.0208437 | T3: SEM | U3: =STDEV(G2:G41)/SQRT(COUNT(G2:G41)) -> 1.0412326 | V3: =STDEV(H2:H41)/SQRT(COUNT(H2:H41)) -> 0.26681508 | W3: =STDEV(I2:I41)/SQRT(COUNT(I2:I41)) -> 1.2779738 | X3: =STDEV(J2:J41)/SQRT(COUNT(J2:J41)) -> 0.26111367 | Y3: =STDEV(K2:K41)/SQRT(COUNT(K2:K41)) -> 1.4321828 | Z3: =STDEV(L2:L41)/SQRT(COUNT(L2:L41)) -> 0.40634376 | AA3: =STDEV(M2:M41)/SQRT(COUNT(M2:M41)) -> 2.5963 | AB3: =STDEV(N2:N41)/SQRT(COUNT(N2:N41)) -> 1.0024089 | ... AF3: =STDEV(R2:R41)/SQRT(COUNT(R2:R41)) -> 0.50796679
A4: WT | B4: -13.661476 | C4: 5.9033906 | D4: -56.233799 | E4: 5.5268137 | G4: -13.661476 | H4: 5.9033906 | I4: -56.233799 | J4: 5.5268137 | K4: -15.469886 | L4: 8.3556406 | M4: -71.529866 | N4: 8.9223955 | O4: -5.3464752 | P4: 8.6987218 | Q4: -58.836399 | R4: 6.1749463 | CA4: =MEDIAN(A4:BZ4) -> 0.090169275 | CB4: =_xlfn.QUARTILE.EXC((A4:BZ4),3) -> 6.1070573 | CC4: =_xlfn.QUARTILE.EXC((A4:BZ4),1) -> -46.042821
A5: WT | B5: -8.5089798 | C5: 9.4378581 | D5: -56.913929 | E5: 5.2988996 | G5: -8.5089798 | H5: 9.4378581 | I5: -56.913929 | J5: 5.2988996 | K5: -2.0309976 | L5: 9.560034 | M5: -53.025927 | N5: 8.4682083 | O5: -13.407666 | P5: 5.7875836 | Q5: -65.18164 | R5: 6.4428448 | U5: WT_V_act_Erev | V5: WT_V_act_Erev_SEM | W5: WT_k_act_Erev | X5: WT_k_act_Erev_SEM | Y5: WT_V_inact_Erev | Z5: WT_V_inact_Erev_SEM | AA5: WT_k_inact_Erev | AB5: WT_k_inact_Erev_SEM | AC5: EPN_V_act_Erev | AD5: EPN_V_act_Erev_SEM | AE5: EPN_k_act_Erev | AF5: EPN_k_act_Erev_SEM | AG5: EPN_V_inact_Erev | AH5: EPN_V_inact_Erev_SEM | AI5: EPN_k_inact_Erev | AJ5: EPN_k_inact_Erev_SEM | AK5: LVNV_V_act_Erev | AL5: LVNV_V_act_Erev_SEM | AM5: LVNV_k_act_Erev | AN5: LVNV_k_act_Erev_SEM | AO5: LVNV_V_inact_Erev | AP5: LVNV_V_inact_Erev_SEM | AQ5: LVNV_k_inact_Erev | AR5: LVNV_k_inact_Erev_SEM | CA5: =MEDIAN(A5:BZ5) -> 1.633951 | CB5: =_xlfn.QUARTILE.EXC((A5:BZ5),3) -> 7.9618674 | CC5: =_xlfn.QUARTILE.EXC((A5:BZ5),1) -> -43.121362
A6: WT | B6: -24.295774 | C6: 3.8961604 | D6: -65.497748 | E6: 9.0417403 | G6: -24.295774 | H6: 3.8961604 | I6: -65.497748 | J6: 9.0417403 | K6: -1.705883 | L6: 9.1478892 | M6: -54.535528 | N6: 7.288802 | O6: -5.7676012 | P6: 8.6925998 | Q6: -68.748043 | R6: 8.3297467 | U6: -8.7665418 | V6: 1.0412326 | W6: 7.2509657 | X6: 0.26681508 | Y6: -60.570616 | Z6: 1.2779738 | AA6: 7.7724911 | AB6: 0.26111367 | AC6: -6.5839372 | AD6: 1.4321828 | AE6: 8.2606319 | AF6: 0.40634376 | AG6: -58.919741 | AH6: 2.5963 | AI6: 8.214061 | AJ6: 1.0024089 | AK6: -5.9548649 | AL6: 1.5660407 | AM6: 8.0354542 | AN6: 0.45295465 | AO6: -57.652298 | AP6: 1.4433738 | AQ6: 7.5395552 | AR6: 0.50796679
A7: WT | B7: -12.235128 | C7: 4.3920872 | D7: -70.671663 | E7: 6.5826891 | G7: -12.235128 | H7: 4.3920872 | I7: -70.671663 | J7: 6.5826891 | K7: -7.491394 | L7: 10.141107 | M7: -68.194174 | N7: 2.03296 | O7: -9.0950274 | P7: 6.2855467 | Q7: -50.389338 | R7: 11.456721
A8: WT | B8: -8.1864457 | C8: 8.1389197 | D8: -64.871759 | E8: 9.221333 | G8: -8.1864457 | H8: 8.1389197 | I8: -64.871759 | J8: 9.221333 | K8: -12.954143 | L8: 6.4681379 | M8: -50.132349 | N8: 9.3232706 | O8: -15.495925 | P8: 6.7875132 | Q8: -62.798126 | R8: 6.5181594
A9: WT | B9: -9.3991345 | C9: 6.6382901 | D9: -62.242112 | E9: 9.020873 | G9: -9.3991345 | H9: 6.6382901 | I9: -62.242112 | J9: 9.020873 | K9: -6.5440604 | L9: 6.7304784 | M9: -57.387775 | N9: 7.0621269 | O9: -5.3424976 | P9: 8.3649246 | Q9: -59.242373 | R9: 7.350763
A10: WT | B10: -15.46441 | C10: 5.566789 | D10: -58.611412 | E10: 5.7388038 | G10: -15.46441 | H10: 5.566789 | I10: -58.611412 | J10: 5.7388038 | K10: -1.9071088 | L10: 8.0103832 | M10: -51.084895 | N10: 10.860821 | O10: -2.9993241 | P10: 9.48588 | Q10: -59.971943 | R10: 7.0302699
A11: WT | B11: -22.686222 | C11: 3.3914092 | D11: -58.859281 | E11: 7.2610634 | G11: -22.686222 | H11: 3.3914092 | I11: -58.859281 | J11: 7.2610634 | K11: 0.26193515 | L11: 10.437601 | M11: -76.922049 | N11: 3.2219705 | O11: -9.0104549 | P11: 7.9134623 | Q11: -53.813671 | R11: 12.098751
A12: WT | B12: -13.954144 | C12: 5.2912039 | D12: -52.754045 | E12: 6.5956369 | G12: -13.954144 | H12: 5.2912039 | I12: -52.754045 | J12: 6.5956369 | K12: -11.409339 | L12: 5.6654973 | M12: -58.644583 | N12: 12.108689 | O12: 6.3238219 | P12: 8.6109768 | Q12: -63.252571 | R12: 6.1243312
A13: WT | B13: -6.5622683 | C13: 7.6295855 | D13: -55.598744 | E13: 5.8477095 | G13: -6.5622683 | H13: 7.6295855 | I13: -55.598744 | J13: 5.8477095 | K13: -8.3311772 | L13: 6.9092427 | M13: -44.856575 | N13: 14.501146 | O13: -7.3450594 | P13: 8.1515462 | Q13: -54.301519 | R13: 9.8665096
A14: WT | B14: -3.8733569 | C14: 7.2180379 | D14: -52.885693 | E14: 8.2047188 | G14: -3.8733569 | H14: 7.2180379 | I14: -52.885693 | J14: 8.2047188 | K14: -3.2633948 | L14: 8.1845314 | M14: -53.43682 | N14: 4.9100407 | O14: -8.8637759 | P14: 5.7832053 | Q14: -57.781133 | R14: 5.6477136
A15: WT | B15: -20.546923 | C15: 7.2956695 | D15: -66.052187 | E15: 8.0482252 | G15: -20.546923 | H15: 7.2956695 | I15: -66.052187 | J15: 8.0482252 | O15: -8.0810043 | P15: 6.7847497 | Q15: -57.851471 | R15: 6.6263361
A16: WT | B16: -14.058876 | C16: 5.2398516 | D16: -60.972634 | E16: 6.44893 | G16: -14.058876 | H16: 5.2398516 | I16: -60.972634 | J16: 6.44893 | O16: -6.3242865 | P16: 7.95857 | Q16: -46.169783 | R16: 6.1694331
A17: WT | B17: -7.9003059 | C17: 5.0287666 | D17: -52.294763 | E17: 10.321226 | G17: -7.9003059 | H17: 5.0287666 | I17: -52.294763 | J17: 10.321226 | O17: 8.8030413 | P17: 13.450247 | Q17: -55.009096 | R17: 7.8328246
A18: WT | B18: -10.027128 | C18: 6.8200505 | D18: -63.342266 | E18: 7.92437 | G18: -10.027128 | H18: 6.8200505 | I18: -63.342266 | J18: 7.92437
A19: WT | B19: -5.6909287 | C19: 6.6566142 | D19: -73.829378 | E19: 9.4056536 | G19: -5.6909287 | H19: 6.6566142 | I19: -73.829378 | J19: 9.4056536
A20: WT | B20: -5.124207 | C20: 8.9855457 | D20: -80.63667 | E20: 8.3320957 | G20: -5.124207 | H20: 8.9855457 | I20: -80.63667 | J20: 8.3320957
A21: WT | B21: -6.1047899 | C21: 8.5001047 | D21: -80.618315 | E21: 8.322194 | G21: -6.1047899 | H21: 8.5001047 | I21: -80.618315 | J21: 8.322194
A22: WT | B22: -11.705163 | C22: 6.5734399 | D22: -54.180115 | E22: 8.9825225 | G22: -11.705163 | H22: 6.5734399 | I22: -54.180115 | J22: 8.9825225
A23: WT | B23: -17.674021 | C23: 7.2069818 | D23: -66.72168 | E23: 8.473987 | G23: -17.674021 | H23: 7.2069818 | I23: -66.72168 | J23: 8.473987
A24: WT | B24: 7.810626 | C24: 6.9082769 | D24: -42.800769 | E24: 10.73606 | G24: 7.810626 | H24: 6.9082769 | I24: -42.800769 | J24: 10.73606
A25: WT | B25: 9.1807987 | C25: 11.992522 | D25: -61.018268 | E25: 5.9863673 | G25: 9.1807987 | H25: 11.992522 | I25: -61.018268 | J25: 5.9863673
A26: WT | B26: -7.1020194 | C26: 8.9178305 | D26: -52.511469 | E26: 7.2448369 | G26: -7.1020194 | H26: 8.9178305 | I26: -52.511469 | J26: 7.2448369
A27: WT | B27: -9.7120051 | C27: 8.3023557 | D27: -65.294088 | E27: 6.7415608 | G27: -9.7120051 | H27: 8.3023557 | I27: -65.294088 | J27: 6.7415608
A28: WT | B28: -4.2619948 | C28: 7.9236634 | D28: -53.889759 | E28: 5.0935077 | G28: -4.2619948 | H28: 7.9236634 | I28: -53.889759 | J28: 5.0935077
A29: WT | B29: -9.2547685 | C29: 6.9360648 | D29: -74.8926 | E29: 6.8702441 | G29: -9.2547685 | H29: 6.9360648 | I29: -74.8926 | J29: 6.8702441
... A41: WT | B41: -4.2658232 | C41: 7.8157199 | D41: -53.579678 | E41: 5.9636938 | G41: -4.2658232 | H41: 7.8157199 | I41: -53.579678 | J41: 5.9636938
A42: EPN | B42: -2.4870313 | C42: 8.7774231 | D42: -66.612182 | E42: 11.839401
A43: EPN | B43: -12.258704 | C43: 9.0002487 | D43: -59.593911 | E43: 6.2429619
A44: EPN | B44: -15.469886 | C44: 8.3556406 | D44: -71.529866 | E44: 8.9223955
A45: EPN | B45: -2.0309976 | C45: 9.560034 | D45: -53.025927 | E45: 8.4682083
A46: EPN | B46: -1.705883 | C46: 9.1478892 | D46: -54.535528 | E46: 7.288802
A47: EPN | B47: -7.491394 | C47: 10.141107 | D47: -68.194174 | E47: 2.03296
A48: EPN | B48: -12.954143 | C48: 6.4681379 | D48: -50.132349 | E48: 9.3232706
A49: EPN | B49: -6.5440604 | C49: 6.7304784 | D49: -57.387775 | E49: 7.0621269
A50: EPN | B50: -1.9071088 | C50: 8.0103832 | D50: -51.084895 | E50: 10.860821
A51: EPN | B51: 0.26193515 | C51: 10.437601 | D51: -76.922049 | E51: 3.2219705
A52: EPN | B52: -11.409339 | C52: 5.6654973 | D52: -58.644583 | E52: 12.108689
A53: EPN | B53: -8.3311772 | C53: 6.9092427 | D53: -44.856575 | E53: 14.501146
... A70: LVNV | B70: 8.8030413 | C70: 13.450247 | D70: -55.009096 | E70: 7.8328246

Sheet k_act_V_act_by_GT_Erev
A1: Genotype | B1: V_act_Erev | C1: k_act_Erev | D1: V_inact_Erev | E1: k_inact_Erev | F1: V_act_inact_ratio | G1: k_act_inact_ratio | H1: I_max_current_density | I1: lnImax | K1: WT_V_act_Erev | L1: WT_k_act_Erev | M1: WT_V_inact_Erev | N1: WT_k_inact_Erev | O1: EPN_V_act_Erev | P1: EPN_k_act_Erev | Q1: EPN_V_inact_Erev | R1: EPN_k_inact_Erev | S1: LVNV_V_act_Erev | T1: LVNV_k_act_Erev | U1: LVNV_V_inact_Erev | V1: LVNV_k_inact_Erev | Y1: WT_V_act_Erev | Z1: WT_k_act_Erev | AA1: WT_V_inact_Erev | AB1: WT_k_inact_Erev | AC1: EPN_V_act_Erev | AD1: EPN_k_act_Erev | AE1: EPN_V_inact_Erev | AF1: EPN_k_inact_Erev | AG1: LVNV_V_act_Erev | AH1: LVNV_k_act_Erev | AI1: LVNV_V_inact_Erev | AJ1: LVNV_k_inact_Erev
A2: WT | B2: -11.893189 | C2: 6.4829144 | D2: -61.810949 | E2: 10.553981 | F2: 0.1121117 | G2: 0.88376099 | H2: -1083.4116 | I2: 6.9878703 | K2: -11.893189 | L2: 6.4829144 | M2: -61.810949 | N2: 10.553981 | O2: -3.224202 | P2: 8.5439597 | Q2: -66.612182 | R2: 11.839401 | S2: -3.7037154 | T2: 7.4671515 | U2: -51.705697 | V2: 4.9426887 | X2: Average | Y2: =AVERAGE(K2:K49) -> -8.9691756 | Z2: =AVERAGE(L2:L49) -> 6.8784036 | AA2: =AVERAGE(M2:M49) -> -60.257913 | AB2: =AVERAGE(N2:N49) -> 7.664616 | AC2: =AVERAGE(O2:O49) -> -7.7622222 | AD2: =AVERAGE(P2:P49) -> 7.4729941 | AE2: =AVERAGE(Q2:Q49) -> -58.459216 | AF2: =AVERAGE(R2:R49) -> 8.568022 | ... AJ2: =AVERAGE(V2:V49) -> 8.4839475
A3: WT | B3: -21.307124 | C3: 6.6801024 | H3: -316.72758 | I3: 5.758042 | K3: -21.307124 | L3: 6.6801024 | M3: -55.892692 | N3: 5.7237352 | O3: -12.063375 | P3: 3.3832945 | Q3: -59.593911 | R3: 6.2429619 | S3: -13.950467 | T3: 7.4181175 | U3: -57.383966 | V3: 8.0208437 | X3: SEM | Y3: =STDEV(K2:K49)/SQRT(COUNT(K2:K49)) -> 1.0047914 | Z3: =STDEV(L2:L49)/SQRT(COUNT(L2:L49)) -> 0.32488925 | AA3: =STDEV(M2:M49)/SQRT(COUNT(M2:M49)) -> 1.0953021 | AB3: =STDEV(N2:N49)/SQRT(COUNT(N2:N49)) -> 0.22470998 | AC3: =STDEV(O2:O49)/SQRT(COUNT(O2:O49)) -> 1.3204263 | AD3: =STDEV(P2:P49)/SQRT(COUNT(P2:P49)) -> 0.71950594 | AE3: =STDEV(Q2:Q49)/SQRT(COUNT(Q2:Q49)) -> 2.1843295 | AF3: =STDEV(R2:R49)/SQRT(COUNT(R2:R49)) -> 0.85990944 | ... AJ3: =STDEV(V2:V49)/SQRT(COUNT(V2:V49)) -> 0.69941384
A4: WT | B4: -13.113383 | C4: 7.0134718 | D4: -55.892692 | E4: 5.7237352 | F4: 0.2270925 | G4: 1.2525901 | H4: -228.12117 | I4: 5.4298769 | K4: -13.113383 | L4: 7.0134718 | M4: -56.233799 | N4: 5.5268137 | O4: -17.510011 | P4: 6.9329192 | Q4: -71.529866 | R4: 8.9223955 | S4: -6.7575734 | T4: 8.2821358 | U4: -58.836399 | V4: 6.1749463 | BV4: =MEDIAN(A4:BU4) -> 0.73984131 | BW4: =_xlfn.QUARTILE.EXC((A4:BU4),3) -> 6.743426 | BX4: =_xlfn.QUARTILE.EXC((A4:BU4),1) -> -46.297022
A5: WT | B5: -14.492698 | C5: 5.2872971 | D5: -56.233799 | E5: 5.5268137 | F5: 0.24294066 | G5: 1.0681363 | H5: -595.72975 | I5: 6.3897871 | K5: -14.492698 | L5: 5.2872971 | M5: -56.913929 | N5: 5.2988996 | O5: -5.8318676 | P5: 7.2694205 | Q5: -53.025927 | R5: 8.4682083 | S5: -17.517262 | T5: 4.0079812 | U5: -65.18164 | V5: 6.4428448 | BV5: =MEDIAN(A5:BU5) -> 0.6555385 | BW5: =_xlfn.QUARTILE.EXC((A5:BU5),3) -> 5.4698352 | BX5: =_xlfn.QUARTILE.EXC((A5:BU5),1) -> -44.148761
A6: WT | B6: -7.2988876 | C6: 9.7912631 | D6: -56.913929 | E6: 5.2988996 | F6: 0.1495061 | G6: 1.7810977 | H6: -822.36902 | I6: 6.7121892 | K6: -7.2988876 | L6: 9.7912631 | M6: -65.497748 | N6: 9.0417403 | O6: -4.4054419 | P6: 7.6395251 | Q6: -54.535528 | R6: 7.288802 | S6: -3.1999735 | T6: 9.8466314 | U6: -68.748043 | V6: 8.3297467 | Y6: WT_V_act_Erev | Z6: WT_V_act_Erev_SEM | AA6: WT_k_act_Erev | AB6: WT_k_act_Erev_SEM | AC6: WT_V_inact_Erev | AD6: WT_V_inact_Erev_SEM | AE6: WT_k_inact_Erev | AF6: WT_k_inact_Erev_SEM | AG6: EPN_V_act_Erev | AH6: EPN_V_act_Erev_SEM | AI6: EPN_k_act_Erev | AJ6: EPN_k_act_Erev_SEM | AK6: EPN_V_inact_Erev | AL6: EPN_V_inact_Erev_SEM | AM6: EPN_k_inact_Erev | AN6: EPN_k_inact_Erev_SEM | AO6: LVNV_V_act_Erev | AP6: LVNV_V_act_Erev_SEM | AQ6: LVNV_k_act_Erev | AR6: LVNV_k_act_Erev_SEM | AS6: LVNV_V_inact_Erev | AT6: LVNV_V_inact_Erev_SEM | AU6: LVNV_k_inact_Erev | AV6: LVNV_k_inact_Erev_SEM
A7: WT | B7: -7.2988876 | C7: 9.7912631 | H7: -505.84662 | I7: 6.2262335 | K7: -7.2988876 | L7: 9.7912631 | M7: -70.671663 | N7: 6.5826891 | O7: -6.9000827 | P7: 14.27214 | Q7: -68.194174 | R7: 2.03296 | S7: -8.9048019 | T7: 5.5988693 | U7: -50.389338 | V7: 11.456721 | Y7: -8.9691756 | Z7: 1.0047914 | AA7: 6.8784036 | AB7: 0.32488925 | AC7: -60.257913 | AD7: 1.0953021 | AE7: 7.664616 | AF7: 0.22470998 | AG7: -7.7622222 | AH7: 1.3204263 | AI7: 7.4729941 | AJ7: 0.71950594 | AK7: -58.459216 | AL7: 2.1843295 | AM7: 8.568022 | AN7: 0.85990944 | AO7: -8.0370335 | AP7: 1.2659568 | AQ7: 8.2486562 | AR7: 0.55288962 | AS7: -56.581836 | AT7: 1.6382325 | AU7: 8.4839475 | AV7: 0.69941384
A8: WT | B8: 5.6677789 | C8: 2.1217426 | H8: -327.53381 | I8: 5.7915913 | K8: 5.6677789 | L8: 2.1217426 | M8: -64.871759 | N8: 9.221333 | O8: -11.89204 | P8: 6.6809011 | Q8: -50.132349 | R8: 9.3232706 | S8: -15.142334 | T8: 7.4022557 | U8: -62.798126 | V8: 6.5181594
A9: WT | B9: -24.776988 | C9: 3.6054903 | D9: -65.497748 | E9: 9.0417403 | F9: 0.3709406 | G9: 0.43090824 | H9: -366.84891 | I9: 5.9049501 | K9: -24.776988 | L9: 3.6054903 | M9: -62.242112 | N9: 9.020873 | O9: -5.2631182 | P9: 7.0121505 | Q9: -57.387775 | R9: 7.0621269 | S9: -6.3117674 | T9: 7.4941831 | U9: -59.242373 | V9: 7.350763
A10: WT | B10: -12.295355 | C10: 4.2309302 | D10: -70.671663 | E10: 6.5826891 | F10: 0.17312637 | G10: 0.66721778 | H10: -969.31199 | I10: 6.8765865 | K10: -12.295355 | L10: 4.2309302 | M10: -58.611412 | N10: 5.7388038 | O10: -8.3530448 | P10: 7.2698774 | Q10: -51.084895 | R10: 10.860821 | S10: -6.1017701 | T10: 10.492991 | U10: -59.971943 | V10: 7.0302699
A11: WT | B11: -10.347405 | C11: 4.4851231 | D11: -64.871759 | E11: 9.221333 | F11: 0.12619429 | G11: 0.88261856 | H11: -508.80304 | I11: 6.232061 | K11: -10.347405 | L11: 4.4851231 | M11: -58.859281 | N11: 7.2610634 | O11: -1.6437874 | P11: 7.9633693 | Q11: -76.922049 | R11: 3.2219705 | S11: -10.86271 | T11: 7.8308324 | U11: -53.813671 | V11: 12.098751
A12: WT | B12: -9.4066368 | C12: 6.6388003 | D12: -62.242112 | E12: 9.020873 | F12: 0.15100925 | G12: 0.73588112 | H12: -105.93359 | I12: 4.6628124 | K12: -9.4066368 | L12: 6.6388003 | M12: -52.754045 | N12: 6.5956369 | O12: -5.2489907 | P12: 8.1680531 | Q12: -58.644583 | R12: 12.108689 | S12: 4.0810617 | T12: 8.8195383 | U12: -59.095359 | V12: 16.619885
A13: WT | B13: -16.731332 | C13: 4.7195387 | D13: -58.611412 | E13: 5.7388038 | F13: 0.2638464 | G13: 0.97002603 | H13: -433.45572 | I13: 6.0717896 | K13: -16.731332 | L13: 4.7195387 | M13: -55.598744 | N13: 5.8477095 | O13: -12.191047 | P13: 5.2496131 | Q13: -44.856575 | R13: 14.501146 | S13: -8.3455382 | T13: 8.4795329 | U13: -63.252571 | V13: 6.1243312
A14: WT | B14: -22.439747 | C14: 3.8166171 | D14: -58.859281 | E14: 7.2610634 | F14: 0.38543151 | G14: 0.46706783 | H14: -180.17218 | I14: 5.193913 | K14: -22.439747 | L14: 3.8166171 | M14: -52.885693 | N14: 8.2047188 | O14: -13.376909 | P14: 3.7302858 | Q14: -60.33408 | R14: 14.8107 | S14: -8.7834957 | T14: 5.7751146 | U14: -56.76958 | V14: 11.428902
A15: WT | B15: -13.95828 | C15: 5.206627 | D15: -52.754045 | E15: 6.5956369 | F15: 0.26451326 | G15: 0.8022279 | H15: -206.23072 | I15: 5.3289955 | K15: -13.95828 | L15: 5.206627 | M15: -66.052187 | N15: 8.0482252 | O15: -0.76719344 | P15: 10.506408 | Q15: -67.379783 | R15: 9.3990088 | S15: -6.0719264 | T15: 7.2650782 | U15: -54.301519 | V15: 9.8665096
A16: WT | B16: 2.5330249 | C16: 4.3887196 | H16: -268.44231 | I16: 5.592636 | K16: 2.5330249 | L16: 4.3887196 | M16: -60.972634 | N16: 6.44893 | Q16: -53.43682 | R16: 4.9100407 | S16: -3.8530842 | T16: 10.846425 | U16: -57.781133 | V16: 5.6477136
A17: WT | B17: -8.1928835 | C17: 6.5853558 | D17: -55.598744 | E17: 5.8477095 | F17: 0.11802908 | G17: 1.3047135 | H17: -154.9775 | I17: 5.04328 | K17: -8.1928835 | L17: 6.5853558 | M17: -68.816124 | N17: 8.646649 | Q17: -53.195452 | R17: 7.4548546 | S17: -16.88731 | T17: 6.9302935 | U17: -57.851471 | V17: 6.6263361
A18: WT | B18: -4.2792807 | C18: 6.6405857 | D18: -52.885693 | E18: 8.2047188 | F18: 0.073240165 | G18: 0.87974226 | H18: -212.62512 | I18: 5.3595306 | K18: -4.2792807 | L18: 6.6405857 | M18: -52.294763 | N18: 10.321226 | Q18: -46.94072 | R18: 7.2090172 | S18: -5.256282 | T18: 14.502148 | U18: -36.753182 | V18: 12.513331
A19: WT | B19: -21.43483 | C19: 8.3736724 | H19: -204.28477 | I19: 5.319515 | K19: -21.43483 | L19: 8.3736724 | M19: -63.342266 | N19: 7.92437 | S19: -7.0976532 | T19: 10.016532 | U19: -46.169783 | V19: 6.1694331
A20: WT | B20: -10.667967 | C20: 9.6830389 | D20: -66.052187 | E20: 8.0482252 | F20: 0.31107104 | G20: 0.90649421 | H20: -135.17437 | I20: 4.9065656 | K20: -10.667967 | L20: 9.6830389 | M20: -73.829378 | N20: 9.4056536 | U20: -55.009096 | V20: 7.8328246
A21: WT | B21: -14.49881 | C21: 4.7881119 | D21: -60.972634 | E21: 6.44893 | F21: 0.23057682 | G21: 0.81251489 | H21: -238.92971 | I21: 5.4761694 | K21: -14.49881 | L21: 4.7881119 | M21: -80.63667 | N21: 8.3320957
A22: WT | D22: -68.816124 | E22: 8.646649 | H22: -110.96289 | I22: 4.7091958 | K22: -4.8513771 | L22: 8.0416174 | M22: -80.618315 | N22: 8.322194
A23: WT | B23: -4.8513771 | C23: 8.0416174 | H23: -421.51422 | I23: 6.0438535 | K23: -6.2567251 | L23: 5.9690346 | M23: -54.180115 | N23: 8.9825225
A24: WT | B24: -6.2567251 | C24: 5.9690346 | D24: -52.294763 | E24: 10.321226 | F24: 0.1510726 | G24: 0.48722569 | H24: -146.37058 | I24: 4.9861416 | K24: -10.897064 | L24: 6.3728018 | M24: -66.72168 | N24: 8.473987
A25: WT | B25: -10.897064 | C25: 6.3728018 | D25: -63.342266 | E25: 7.92437 | F25: 0.15830075 | G25: 0.86064261 | H25: -223.98672 | I25: 5.4115868 | K25: -6.1586836 | L25: 6.4196143 | M25: -42.800769 | N25: 10.73606
A26: WT | B26: -6.1586836 | C26: 6.4196143 | D26: -73.829378 | E26: 9.4056536 | F26: 0.07708217 | G26: 0.70772479 | H26: -248.20879 | I26: 5.5142703 | K26: -5.5955477 | L26: 8.9916863 | M26: -58.235578 | N26: 6.2821548
A27: WT | B27: -5.5955477 | C27: 8.9916863 | D27: -80.63667 | E27: 8.3320957 | F27: 0.063546858 | G27: 1.0784257 | H27: -347.04925 | I27: 5.8494667 | K27: -6.072556 | L27: 8.0157498 | M27: -61.018268 | N27: 5.9863673
A28: WT | B28: -6.072556 | C28: 8.0157498 | D28: -80.618315 | E28: 8.322194 | F28: 0.075724603 | G28: 1.0213779 | H28: -340.80464 | I28: 5.8313094 | K28: -12.354167 | L28: 5.8942386 | M28: -59.428457 | N28: 7.7716365
A29: WT | B29: -12.354167 | C29: 5.8942386 | D29: -54.180115 | E29: 8.9825225 | F29: 0.21604168 | G29: 0.73180333 | H29: -57.275416 | I29: 4.0478715 | K29: -13.411517 | L29: 2.7655786 | M29: -52.511469 | N29: 7.2448369
A30: WT | B30: -13.411517 | C30: 2.7655786 | D30: -66.72168 | E30: 8.473987 | F30: 0.26489173 | G30: 0.85048299 | H30: -352.16318 | I30: 5.8640946 | K30: 6.2185301 | L30: 6.4011585 | M30: -65.294088 | N30: 6.7415608
A31: WT | B31: 6.2185301 | C31: 6.4011585 | D31: -42.800769 | E31: 10.73606 | F31: -0.18248798 | G31: 0.64346482 | H31: -92.013773 | I31: 4.5219383 | K31: 7.2454954 | L31: 9.4502473 | M31: -53.889759 | N31: 5.0935077
A32: WT | D32: -58.235578 | E32: 6.2821548 | H32: -65.704294 | I32: 4.1851643 | K32: -8.3078498 | L32: 7.8713322 | M32: -74.8926 | N32: 6.8702441
A33: WT | B33: 7.2454954 | C33: 9.4502473 | D33: -61.018268 | E33: 5.9863673 | F33: -0.15045984 | G33: 2.0033054 | H33: -261.54702 | I33: 5.5666141 | K33: -11.596596 | L33: 7.2134055 | M33: -65.772452 | N33: 6.8177301
A34: WT | D34: -59.428457 | E34: 7.7716365 | H34: -67.583905 | I34: 4.2133699 | K34: -4.7036246 | L34: 7.5708541 | M34: -59.592561 | N34: 11.356479
A35: WT | B35: -8.3078498 | C35: 7.8713322 | D35: -52.511469 | E35: 7.2448369 | F35: 0.13524701 | G35: 1.2309222 | H35: -159.14069 | I35: 5.0697887 | K35: -8.9175 | L35: 6.7669796 | M35: -52.933589 | N35: 7.0486514
A36: WT | B36: -11.596596 | C36: 7.2134055 | D36: -65.294088 | E36: 6.7415608 | F36: 0.14874249 | G36: 1.2315183 | H36: -138.88617 | I36: 4.9336547 | K36: -7.8455289 | L36: 8.1187186 | M36: -56.784638 | N36: 6.1079031
A37: WT | B37: -4.7036246 | C37: 7.5708541 | D37: -53.889759 | E37: 5.0935077 | F37: 0.079087285 | G37: 1.5556398 | H37: -84.411819 | I37: 4.4357074 | K37: -13.523399 | L37: 6.5533518 | M37: -56.858692 | N37: 7.4682192
A38: WT | B38: -8.9175 | C38: 6.7669796 | D38: -74.8926 | E38: 6.8702441 | F38: 0.12357387 | G38: 1.0095806 | H38: -106.85205 | I38: 4.6714452 | K38: -3.76205 | L38: 5.4196226 | M38: -53.869519 | N38: 7.4294046
A39: WT | B39: -7.8455289 | C39: 8.1187186 | D39: -65.772452 | E39: 6.8177301 | F39: 0.094808687 | G39: 1.1828648 | H39: -194.74397 | I39: 5.2716857 | K39: -7.2084227 | L39: 6.324599 | M39: -59.078286 | N39: 10.173351
A40: WT | B40: -13.523399 | C40: 6.5533518 | D40: -59.592561 | E40: 11.356479 | F40: 0.22058212 | G40: 0.65449759 | H40: -77.728871 | I40: 4.3532268 | K40: -12.5865 | L40: 9.6662384 | M40: -69.180191 | N40: 7.6020746
A41: WT | B41: -3.76205 | C41: 5.4196226 | D41: -52.933589 | E41: 7.0486514 | F41: 0.031076171 | G41: 0.868894 | H41: -68.086536 | I41: 4.2207795 | K41: -5.310725 | L41: 6.9319466 | M41: -56.90933 | N41: 7.0065278
A42: WT | D42: -56.784638 | E42: 6.1079031 | H42: -30.698822 | I42: 3.4242243 | K42: -4.36795 | L42: 14.288264 | M42: -58.013564 | N42: 6.7126966
A43: WT | B43: -7.2084227 | C43: 6.324599 | D43: -56.858692 | E43: 7.4682192 | F43: 0.10347469 | G43: 0.95670207 | H43: -112.27736 | I43: 4.7209722 | K43: -11.971919 | L43: 8.8055881 | M43: -57.497967 | N43: 7.0449498
A44: WT | D44: -53.869519 | E44: 7.4294046 | H44: -25.962288 | I44: 3.256645 | K44: -10.362859 | L44: 7.6621197 | M44: -55.516487 | N44: 7.9577312
A45: WT | D45: -59.078286 | E45: 10.173351 | F45: 0.083426251 | G45: 0.92951128 | H45: -23.244472 | I45: 3.1460673 | K45: -4.105028 | L45: 9.4084188 | M45: -51.44691 | N45: 6.9521182
A46: WT | B46: -12.5865 | C46: 9.6662384 | D46: -69.180191 | E46: 7.6020746 | F46: 0.17863142 | G46: 1.204728 | H46: -57.608602 | I46: 4.0536719 | K46: -7.4050458 | L46: 6.6223184 | M46: -63.622345 | N46: 7.2727332
A47: WT | D47: -56.90933 | E47: 7.0065278 | H47: -21.605055 | I47: 3.0729273 | K47: -2.2405886 | L47: 8.5304158 | M47: -56.060698 | N47: 10.492476
A48: WT | D48: -58.013564 | E48: 6.7126966 | H48: -89.718528 | I48: 4.4966773 | M48: -57.283956 | N48: 8.2446078
A49: WT | D49: -57.497967 | E49: 7.0449498 | H49: -18.195803 | I49: 2.901191 | M49: -53.579678 | N49: 5.9636938
A50: WT | B50: -5.310725 | C50: 6.9319466 | D50: -55.516487 | E50: 7.9577312 | F50: 0.11947623 | G50: 0.77173124 | H50: -41.270992 | I50: 3.7201599
A51: WT | B51: -4.36795 | C51: 14.288264 | D51: -51.44691 | E51: 6.9521182 | F51: 0.12153925 | G51: 1.2431394 | H51: -33.220616 | I51: 3.5031706
A52: WT | B52: -11.971919 | C52: 8.8055881 | D52: -63.622345 | E52: 7.2727332 | F52: 0.1528321 | G52: 0.99599135 | H52: -27.241381 | I52: 3.3047372
A53: WT | B53: -10.362859 | C53: 7.6621197 | H53: -32.88586 | I53: 3.4930428
A54: WT | B54: -4.105028 | C54: 9.4084188 | D54: -56.060698 | E54: 10.492476 | F54: 0.037667223 | G54: 0.82913813 | H54: -36.182465 | I54: 3.5885746
A55: WT | B55: -7.4050458 | C55: 6.6223184 | D55: -57.283956 | E55: 8.2446078 | F55: 0.11971337 | G55: 0.82799163 | H55: -132.08839 | I55: 4.8834713
A56: WT | B56: -2.2405886 | C56: 8.5304158 | D56: -53.579678 | E56: 5.9636938 | F56: 0.079616439 | G56: 1.3105502 | H56: -24.547995 | I56: 3.2006302
A57: EPN | B57: -3.224202 | C57: 8.5439597 | D57: -66.612182 | E57: 11.839401 | F57: 0.037335983 | G57: 0.7413739 | H57: -278.99706 | I57: 5.6312012
A58: EPN | B58: -12.063375 | C58: 3.3832945 | D58: -59.593911 | E58: 6.2429619 | F58: 0.20570397 | G58: 1.4416633 | H58: -317.17217 | I58: 5.7594447
A59: EPN | B59: -17.510011 | C59: 6.9329192 | D59: -71.529866 | E59: 8.9223955 | F59: 0.21627171 | G59: 0.93647952 | H59: -190.59813 | I59: 5.2501672
A60: EPN | B60: -5.8318676 | C60: 7.2694205 | D60: -53.025927 | E60: 8.4682083 | F60: 0.038301973 | G60: 1.1289323 | H60: -353.37388 | I60: 5.8675267
A61: EPN | B61: -4.4054419 | C61: 7.6395251 | D61: -54.535528 | E61: 7.288802 | F61: 0.031280214 | G61: 1.2550607 | H61: -139.87579 | I61: 4.9407548
A62: EPN | B62: -6.9000827 | C62: 14.27214 | D62: -68.194174 | E62: 2.03296 | F62: 0.10985387 | G62: 4.9883456 | H62: -84.63518 | I62: 4.43835
A63: EPN | B63: -11.89204 | C63: 6.6809011 | D63: -50.132349 | E63: 9.3232706 | F63: 0.25839888 | G63: 0.69376275 | H63: -62.340107 | I63: 4.132605
A64: EPN | B64: -5.2631182 | C64: 7.0121505 | D64: -57.387775 | E64: 7.0621269 | F64: 0.11403231 | G64: 0.95303843 | H64: -83.431577 | I64: 4.4240269
A65: EPN | B65: -8.3530448 | C65: 7.2698774 | H65: -94.104325 | I65: 4.544404
A66: EPN | B66: -1.6437874 | C66: 7.9633693 | D66: -51.084895 | E66: 10.860821 | F66: 0.037332147 | G66: 0.73754856 | H66: -40.936519 | I66: 3.7120225
A67: EPN | B67: -5.2489907 | C67: 8.1680531 | D67: -76.922049 | E67: 3.2219705 | F67: -0.0034052025 | G67: 3.2395084 | H67: -128.11198 | I67: 4.8529048
A68: EPN | B68: -12.191047 | C68: 5.2496131 | D68: -58.644583 | E68: 12.108689 | F68: 0.1945506 | G68: 0.46788694 | H68: -24.989662 | I68: 3.2184622
A69: EPN | B69: -13.376909 | C69: 3.7302858 | D69: -44.856575 | E69: 14.501146 | F69: 0.18572923 | G69: 0.47646185 | H69: -13.343705 | I69: 2.5910447
A70: EPN | D70: -60.33408 | E70: 14.8107 | H70: -71.789579 | I70: 4.2737393
A71: EPN | D71: -67.379783 | E71: 9.3990088 | H71: -58.839443 | I71: 4.0748124
A72: EPN | B72: -0.76719344 | C72: 10.506408 | D72: -53.43682 | E72: 4.9100407 | F72: 0.061070153 | G72: 1.6668969 | H72: -22.181283 | I72: 3.0992488
A73: EPN | D73: -53.195452 | E73: 7.4548546 | H73: -188.30988 | I73: 5.2380889
A74: EPN | D74: -46.94072 | E74: 7.2090172 | H74: -66.498674 | I74: 4.197182
A75: LVNV | B75: -3.7037154 | C75: 7.4671515 | D75: -51.705697 | E75: 4.9426887 | F75: 0.055607287 | G75: 1.6506613 | H75: -61.917711 | I75: 4.1258063
A76: LVNV | B76: -13.950467 | C76: 7.4181175 | D76: -57.383966 | E76: 8.0208437 | F76: 0.18211345 | G76: 0.95414349 | H76: -86.945365 | I76: 4.4652799
A77: LVNV | B77: -6.7575734 | C77: 8.2821358 | D77: -58.836399 | E77: 6.1749463 | F77: 0.090870196 | G77: 1.4087121 | H77: -116.50274 | I77: 4.7579148
A78: LVNV | B78: -17.517262 | C78: 4.0079812 | D78: -65.18164 | E78: 6.4428448 | F78: 0.20569697 | G78: 0.8982963 | H78: -369.05681 | I78: 5.9109506
A79: LVNV | B79: -3.1999735 | C79: 9.8466314 | D79: -68.748043 | E79: 8.3297467 | F79: 0.08389477 | G79: 1.0435611 | H79: -118.67455 | I79: 4.7763849
A80: LVNV | B80: -8.9048019 | C80: 5.5988693 | D80: -50.389338 | E80: 11.456721 | F80: 0.18049508 | G80: 0.54863398 | H80: -100.50035 | I80: 4.6101612
A81: LVNV | B81: -15.142334 | C81: 7.4022557 | D81: -62.798126 | E81: 6.5181594 | F81: 0.24675775 | G81: 1.0413236 | H81: -126.76929 | I81: 4.8423688
A82: LVNV | B82: -6.3117674 | C82: 7.4941831 | D82: -59.242373 | E82: 7.350763 | F82: 0.090180344 | G82: 1.1379669 | H82: -50.903207 | I82: 3.9299259
A83: LVNV | B83: -6.1017701 | C83: 10.492991 | D83: -59.971943 | E83: 7.0302699 | F83: 0.050012121 | G83: 1.349291 | H83: -80.608738 | I83: 4.389607
A84: LVNV | B84: -10.86271 | C84: 7.8308324 | D84: -53.813671 | E84: 12.098751 | F84: 0.16743803 | G84: 0.65407265 | H84: -13.143409 | I84: 2.5759204
A85: LVNV | D85: -59.095359 | E85: 16.619885 | H85: -55.402421 | I85: 4.0146233
A86: LVNV | B86: 4.0810617 | C86: 8.8195383 | D86: -63.252571 | E86: 6.1243312 | F86: -0.099977309 | G86: 1.4060273 | H86: -57.31447 | I86: 4.0485531
A87: LVNV | D87: -56.76958 | E87: 11.428902 | H87: -24.311521 | I87: 3.1909504
A88: LVNV | B88: -8.3455382 | C88: 8.4795329 | D88: -54.301519 | E88: 9.8665096 | F88: 0.13526435 | G88: 0.82618337 | H88: -42.659623 | I88: 3.7532529
A89: LVNV | B89: -8.7834957 | C89: 5.7751146 | D89: -57.781133 | E89: 5.6477136 | F89: 0.1534026 | G89: 1.0239905 | H89: -77.892754 | I89: 4.3553329
A90: LVNV | B90: -6.0719264 | C90: 7.2650782 | D90: -57.851471 | E90: 6.6263361 | F90: 0.13968537 | G90: 1.0239067 | H90: -24.996315 | I90: 3.2187284
A91: LVNV | D91: -36.753182 | E91: 12.513331 | H91: -8.7681507 | I91: 2.1711259
A92: LVNV | B92: -3.8530842 | C92: 10.846425 | D92: -46.169783 | E92: 6.1694331 | F92: 0.13697891 | G92: 1.2900002 | H92: -57.868413 | I92: 4.0581717
A93: LVNV | B93: -16.88731 | C93: 6.9302935 | H93: -24.270425 | I93: 3.1892585
A94: LVNV | B94: -5.256282 | C94: 14.502148 | D94: -55.009096 | E94: 7.8328246 | F94: -0.16002883 | G94: 1.7171643 | H94: -42.227423 | I94: 3.7430698
A95: LVNV | B95: -7.0976532 | C95: 10.016532 | H95: -89.82481 | I95: 4.4978612
